id,url,cidade,bairro,tipo,area,quartos,banheiros,vagas,elevador,porteiro,area_lazer,academia,varanda,mobiliado,preco,vagas_ausente
1513639484,https://es.olx.com.br/norte-do-espirito-santo/imoveis/alugo-apartamento-2-quartos-em-santa-lucia-1513639484,vitoria,santa-lucia,1,70.0,2,1,1,1,1,0,0,1,1,2900.0,0
1516729868,https://es.olx.com.br/norte-do-espirito-santo/imoveis/alugo-kitnet-1516729868,serra,cidade-pomar,0,30.0,1,1,0,0,0,0,0,1,0,900.0,0
1516724645,https://es.olx.com.br/norte-do-espirito-santo/imoveis/apartamento-2-quartos-com-sol-da-manha-em-bicanga-vista-de-bicanga-condominio-clube-1516724645,serra,bicanga,1,50.0,2,1,1,0,0,0,0,0,0,1800.0,0
1516724492,https://es.olx.com.br/norte-do-espirito-santo/imoveis/alugo-apartamento-mobiliado-em-jacaraipe-serra-1516724492,serra,estancia-monazitica,1,47.0,2,1,1,0,1,0,0,0,1,1850.0,0
1516722907,https://es.olx.com.br/norte-do-espirito-santo/imoveis/alugo-apart-de-2-qtos-sendo-1-suite-frente-sol-da-manha-jockey-de-itaparica-vila-velh-1516722907,vila-velha,jockey-de-itaparica,1,60.0,2,2,1,0,0,0,0,0,0,2500.0,0
1516721067,https://es.olx.com.br/norte-do-espirito-santo/imoveis/apartamento-de-3-quartos-3-banheiros-1-suite-2-vagas-de-garagem-aproximadamente-120m-1516721067,vitoria,jardim-da-penha,1,115.0,3,3,2,1,0,1,0,1,0,4500.0,0
1516719510,https://es.olx.com.br/norte-do-espirito-santo/imoveis/alugo-apto-2-qtos-sendo-1-suite-na-rua-principal-do-bairro-jockey-de-itaparica-vv-es-1516719510,vila-velha,jockey-de-itaparica,1,55.0,2,2,1,0,0,0,0,0,0,2500.0,0
1516718073,https://es.olx.com.br/norte-do-espirito-santo/imoveis/oportunidade-alugo-kitnet-mobiliada-com-despesas-inclusas-em-vila-velha-1516718073,vila-velha,residencial-coqueiral,1,20.0,1,1,0,0,0,0,0,1,1,1500.0,0
1516711321,https://es.olx.com.br/norte-do-espirito-santo/imoveis/apartamento-2-quartos-60-m-ed-essence-praia-de-itaparica-vila-velha-es-1516711321,vila-velha,praia-de-itaparica,1,60.0,2,1,1,0,0,1,0,0,0,2700.0,0
1516711073,https://es.olx.com.br/norte-do-espirito-santo/imoveis/apartamento-mobiliado-1516711073,serra,morada-de-laranjeiras,1,60.0,2,2,1,1,1,1,1,1,1,3200.0,0
1516709073,https://es.olx.com.br/norte-do-espirito-santo/imoveis/imovel-para-aluguel-tem-64-metros-quadrados-com-2-quartos-em-itapua-vila-velha-es-1516709073,vila-velha,itapua,1,64.0,2,1,1,1,1,1,1,0,0,3100.0,0
1516703894,https://es.olx.com.br/norte-do-espirito-santo/imoveis/casa-1516703894,cariacica,castelo-branco,0,115.0,3,1,0,0,0,0,0,0,0,800.0,0
1516702457,https://es.olx.com.br/norte-do-espirito-santo/imoveis/casa-para-alugar-pronta-para-morar-1516702457,cariacica,dom-bosco,0,90.0,2,2,0,0,0,0,0,1,0,1000.0,0
1516701042,https://es.olx.com.br/norte-do-espirito-santo/imoveis/imovel-para-aluguel-com-43-metros-quadrados-com-1-quarto-em-praia-da-costa-vila-velha-1516701042,vila-velha,praia-da-costa,1,43.0,1,1,1,1,1,1,0,1,1,3500.0,0
1516700587,https://es.olx.com.br/norte-do-espirito-santo/imoveis/imovel-para-aluguel-tem-56-metros-quadrados-com-2-quartos-em-ataide-vila-velha-es-1516700587,vila-velha,ataide,1,56.0,2,2,2,1,1,1,0,0,0,2500.0,0
1516695769,https://es.olx.com.br/norte-do-espirito-santo/imoveis/imovel-para-aluguel-com-45-metros-quadrados-com-2-quartos-1516695769,vila-velha,nossa-senhora-da-penha,1,45.0,2,1,2,1,1,1,0,0,0,2000.0,0
1516693707,https://es.olx.com.br/norte-do-espirito-santo/imoveis/apartamento-com-3-quartos-para-alugar-na-prainha-de-muquicaba-guarapari-es-1516693707,guarapari,muquicaba,1,90.0,3,2,1,1,1,0,0,1,0,3200.0,0
1516693651,https://es.olx.com.br/norte-do-espirito-santo/imoveis/apartamento-com-2-quartos-sendo-1-suite-para-alugar-63-m-por-r-2-800-mes-centro-gua-1516693651,guarapari,centro,1,63.0,2,1,1,0,1,1,0,0,0,2800.0,0
1516692690,https://es.olx.com.br/norte-do-espirito-santo/imoveis/apartamento-com-2-quartos-para-alugar-no-centro-de-guarapari-es-1516692690,guarapari,centro,1,69.0,2,2,1,1,1,1,0,1,1,4500.0,0
1516692144,https://es.olx.com.br/norte-do-espirito-santo/imoveis/alugo-apto-2qtos-1516692144,vila-velha,boa-vista-ii,1,60.0,2,1,1,0,0,0,0,0,0,1400.0,0
1516690363,https://es.olx.com.br/norte-do-espirito-santo/imoveis/imovel-para-aluguel-com-60-metros-quadrados-com-2-quartos-em-planalto-de-carapina-serra-1516690363,serra,planalto-de-carapina,1,60.0,2,2,1,1,1,1,1,0,0,2100.0,0
1516689013,https://es.olx.com.br/norte-do-espirito-santo/imoveis/02-quartos-na-praia-do-canto-1516689013,vitoria,praia-do-canto,1,80.0,2,2,1,1,1,1,0,1,0,3600.0,0
1516680503,https://es.olx.com.br/norte-do-espirito-santo/imoveis/excelente-apartamento-locacao-anual-praia-do-morro-1516680503,guarapari,praia-do-morro,1,90.0,2,2,2,1,0,1,0,1,0,2800.0,0
1516678292,https://es.olx.com.br/norte-do-espirito-santo/imoveis/apartamento-para-alugar-em-vila-velha-praia-da-costa-com-3-quartos-com-198-m-monte-ca-1516678292,vila-velha,praia-da-costa,1,198.0,3,3,2,1,1,1,0,1,0,6600.0,0
1516676445,https://es.olx.com.br/norte-do-espirito-santo/imoveis/apartamento-para-alugar-em-serra-colina-de-laranjeiras-com-3-quartos-com-78-m-1516676445,serra,colina-de-laranjeiras,1,78.0,3,1,2,0,1,1,1,0,0,4200.0,0
1516676446,https://es.olx.com.br/norte-do-espirito-santo/imoveis/apartamento-para-alugar-em-serra-morada-de-laranjeiras-com-2-quartos-com-54-m-1516676446,serra,morada-de-laranjeiras,1,54.0,2,1,1,0,1,0,0,0,0,3200.0,0
1516675840,https://es.olx.com.br/norte-do-espirito-santo/imoveis/apartamento-para-alugar-em-serra-bicanga-com-2-quartos-com-44-66-m-1516675840,serra,bicanga,1,44.0,2,1,1,0,1,1,1,0,0,2000.0,0
1492059961,https://es.olx.com.br/norte-do-espirito-santo/imoveis/sala-quarto-mobiliado-excelente-local-1492059961,vitoria,jardim-camburi,1,49.0,1,1,0,0,0,0,0,0,1,2199.0,0
1504257742,https://es.olx.com.br/norte-do-espirito-santo/imoveis/apartamento-3-quartos-com-suite-em-itapua-cond-beira-mar-ed-meaipe-reformado-1504257742,vila-velha,itapua,1,82.0,3,2,1,0,0,0,0,0,0,2690.0,0
1516669803,https://es.olx.com.br/norte-do-espirito-santo/imoveis/alugo-apto-mobiliado-no-top-life-1516669803,serra,porto-canoa,1,48.0,2,1,1,0,1,1,0,0,1,2500.0,0
1516669265,https://es.olx.com.br/norte-do-espirito-santo/imoveis/casa-para-aluguel-em-rosa-da-penha-cariacica-3-quartos-terraco-r-2-700-1516669265,cariacica,rosa-da-penha,0,200.0,3,2,1,0,0,0,0,0,0,2700.0,0
1516667414,https://es.olx.com.br/norte-do-espirito-santo/imoveis/apartamento-com-3-quartos-para-alugar-87m-jardim-guadalajara-1516667414,vila-velha,jardim-guadalajara,1,73.0,3,2,1,0,1,1,0,0,0,3500.0,0
1516667045,https://es.olx.com.br/norte-do-espirito-santo/imoveis/casa-praia-da-costa-1516667045,vila-velha,praia-da-costa,0,318.0,4,3,2,0,0,0,0,1,0,13200.0,0
1516666698,https://es.olx.com.br/norte-do-espirito-santo/imoveis/apartamento-de-1-quarto-mobiliado-em-jardim-camburi-vitoria-es-1516666698,vitoria,jardim-camburi,1,40.0,1,1,0,1,0,1,0,0,1,2900.0,0
1516665755,https://es.olx.com.br/norte-do-espirito-santo/imoveis/imovel-para-aluguel-possui-45-metros-quadrados-com-1-quarto-em-itapua-vila-velha-es-1516665755,vila-velha,itapua,1,45.0,1,1,0,0,0,0,0,0,0,1200.0,0
1511196446,https://es.olx.com.br/norte-do-espirito-santo/imoveis/ler-corpo-do-anuncio-alugo-apartamento-2-aptos-de-2q-em-colina-de-laranjeiras-1511196446,serra,colina-de-laranjeiras,1,44.0,2,1,1,0,1,1,1,0,0,1800.0,0
1516665142,https://es.olx.com.br/norte-do-espirito-santo/imoveis/aluga-se-apartamento-2-quartos-no-centro-de-vila-velha-1516665142,vila-velha,centro-de-vila-velha,1,70.0,2,2,0,0,0,0,0,0,0,2200.0,0
1516662676,https://es.olx.com.br/norte-do-espirito-santo/imoveis/apartamento-2-quartos-jockey-de-itaparica-1516662676,vila-velha,praia-de-itaparica,1,45.0,2,1,1,0,1,1,0,0,0,2500.0,0
1516659646,https://es.olx.com.br/norte-do-espirito-santo/imoveis/apartamento-com-2-quartos-para-alugar-63m-itapua-1516659646,vila-velha,itapua,1,63.0,2,2,1,0,1,1,1,0,0,3000.0,0
1515043219,https://es.olx.com.br/norte-do-espirito-santo/imoveis/alugo-apartamento-mobiliado-1515043219,serra,valparaiso,1,45.0,2,1,1,0,1,1,0,0,1,2300.0,0
1516655277,https://es.olx.com.br/norte-do-espirito-santo/imoveis/aluga-se-apartamento-2-quartos-em-jardim-de-alah-1516655277,cariacica,jardim-de-alah,1,45.0,2,1,1,0,0,0,0,0,0,1350.0,0
1516654459,https://es.olx.com.br/norte-do-espirito-santo/imoveis/alugo-kitnet-na-gloria-1516654459,vila-velha,gloria,1,30.0,1,1,0,0,0,0,0,0,0,1600.0,1
1516645470,https://es.olx.com.br/norte-do-espirito-santo/imoveis/aluguel-apartamento-3-quartos-1516645470,vila-velha,praia-de-itaparica,1,95.0,3,2,2,1,1,1,1,1,0,4500.0,0
1516640269,https://es.olx.com.br/norte-do-espirito-santo/imoveis/apartamento-mobiliado-59m-jacaraipe-vista-para-o-mar-prox-casagrande-1516640269,serra,estancia-monazitica,1,59.0,1,1,1,0,0,0,0,0,1,1500.0,0
1516640043,https://es.olx.com.br/norte-do-espirito-santo/imoveis/casa-2-pavimento-locacao-comercial-ou-residencial-3-qts-1-suite-1516640043,vitoria,republica,1,110.0,3,2,0,0,0,0,0,1,0,4500.0,0
1516639912,https://es.olx.com.br/norte-do-espirito-santo/imoveis/alugo-apartamento-em-vila-capixaba-cariacica-1516639912,cariacica,vila-capixaba,1,50.0,2,1,0,0,0,0,0,0,0,1200.0,1
1508764883,https://es.olx.com.br/norte-do-espirito-santo/imoveis/apartamento-meaipe-2-quartos-aluguel-praia-casa-1508764883,guarapari,meaipe,1,70.0,2,2,1,1,0,0,0,1,0,2199.0,0
1516638075,https://es.olx.com.br/norte-do-espirito-santo/imoveis/alugo-apartamento-de-dois-quartos-na-praia-de-itaparica-predio-recem-entregue-1516638075,cariacica,campo-grande,1,60.0,2,2,1,1,1,1,1,1,0,2900.0,0
1515026038,https://es.olx.com.br/norte-do-espirito-santo/imoveis/aluguel-1515026038,vitoria,santa-luiza,1,28.0,3,1,0,0,0,0,0,1,0,1200.0,0
1507652598,https://es.olx.com.br/norte-do-espirito-santo/imoveis/aluga-se-apartamento-mobiliado-3-quartos-c-suite-pronto-para-morar-em-jardim-camburi-1507652598,vitoria,jardim-camburi,1,98.0,3,2,1,1,0,1,0,1,1,5000.0,0
1516631933,https://es.olx.com.br/norte-do-espirito-santo/imoveis/apto-terc-quadra-p-da-costa-1516631933,vila-velha,praia-da-costa,1,60.0,2,1,1,0,0,0,0,0,0,1900.0,0
1516616012,https://es.olx.com.br/norte-do-espirito-santo/imoveis/aluga-se-casa-2-andar-castelo-branco-cariacica-es-1516616012,cariacica,castelo-branco,0,110.0,2,2,0,0,0,0,0,1,0,2000.0,1
1507087613,https://es.olx.com.br/norte-do-espirito-santo/imoveis/imovel-para-aluguel-possui-59-metros-quadrados-com-2-quartos-1507087613,vila-velha,jockey-de-itaparica,1,59.0,2,2,1,1,1,1,1,0,1,5000.0,0
1516625151,https://es.olx.com.br/norte-do-espirito-santo/imoveis/pelegrine-aluga-apart-75-m-2-quartos-2-banheiros-1-vaga-jardim-da-penha-vitoria-es-1516625151,vitoria,jardim-da-penha,1,75.0,2,2,1,0,0,0,0,0,0,2700.0,0
1516615750,https://es.olx.com.br/norte-do-espirito-santo/imoveis/alugo-casa-2-andar-para-fins-comerciais-ou-residenciais-1516615750,vila-velha,cobilandia,0,100.0,3,3,0,0,0,0,0,1,0,2000.0,1
1516609292,https://es.olx.com.br/norte-do-espirito-santo/imoveis/alugo-linda-kitnet-toda-mobiliada-ha-2-km-da-rodoviaria-de-vitoria-1516609292,cariacica,itaquari,1,30.0,1,1,1,0,0,0,0,0,0,1100.0,0
1516606871,https://es.olx.com.br/norte-do-espirito-santo/imoveis/studio-mobiliado-na-praia-da-costa-1516606871,vila-velha,praia-da-costa,1,40.0,1,1,0,1,1,0,0,1,1,3000.0,1
1516604215,https://es.olx.com.br/norte-do-espirito-santo/imoveis/casa-venda-no-arquipelago-de-manguinhos-serra-es-4-quartos-piscina-energia-solar-1516604215,serra,manguinhos,0,268.0,4,1,4,0,1,0,1,0,0,10000.0,0
1507589638,https://es.olx.com.br/norte-do-espirito-santo/imoveis/casa-a-locacao-em-parque-residencial-laranjeiras-serra-es-1507589638,serra,parque-residencial-laranjeiras,0,129.0,2,1,2,0,0,0,0,1,0,2200.0,0
1511337687,https://es.olx.com.br/norte-do-espirito-santo/imoveis/casa-a-locacao-em-morada-de-laranjeiras-serra-es-1511337687,serra,morada-de-laranjeiras,0,130.0,4,1,0,0,0,0,0,0,0,3500.0,0
1501259490,https://es.olx.com.br/norte-do-espirito-santo/imoveis/apartamento-para-locacao-por-r-1-900-00-em-colina-de-laranjeiras-serra-es-1501259490,serra,colina-de-laranjeiras,1,46.0,2,1,1,0,0,1,0,0,0,1900.0,0
1486255904,https://es.olx.com.br/norte-do-espirito-santo/imoveis/apartamento-a-locacao-em-valparaiso-serra-es-1486255904,serra,valparaiso,1,53.0,2,1,1,0,0,0,0,0,0,1750.0,0
1488315718,https://es.olx.com.br/norte-do-espirito-santo/imoveis/casa-a-locacao-em-morada-de-laranjeiras-serra-es-1488315718,serra,morada-de-laranjeiras,0,180.0,3,1,2,0,0,0,0,1,0,5000.0,0
1495046176,https://es.olx.com.br/norte-do-espirito-santo/imoveis/apartamento-a-locacao-em-jardim-limoeiro-serra-es-1495046176,serra,jardim-limoeiro,1,41.0,2,1,1,1,0,1,0,0,0,1900.0,0
1468572940,https://es.olx.com.br/norte-do-espirito-santo/imoveis/apartamento-a-venda-e-locacao-em-residencial-vista-do-mestre-serra-es-1468572940,serra,residencial-vista-do-mestre,1,49.0,2,2,1,1,0,1,0,0,1,2200.0,0
1516601651,https://es.olx.com.br/norte-do-espirito-santo/imoveis/apartamento-a-locacao-em-sao-diogo-ii-serra-es-1516601651,serra,jardim-limoeiro,1,51.0,2,1,1,1,0,1,0,0,1,2100.0,0
1516597466,https://es.olx.com.br/norte-do-espirito-santo/imoveis/aluga-se-kitnet-mobiliada-com-ar-condicionado-rio-branco-cariacica-1516597466,cariacica,itangua,1,30.0,1,1,0,0,0,0,0,0,1,1300.0,0
1514657442,https://es.olx.com.br/norte-do-espirito-santo/imoveis/casa-de-alto-padrao-para-aluguel-em-praia-de-itaparica-vila-velha-es-1514657442,vila-velha,praia-de-itaparica,0,298.0,4,4,4,0,0,0,0,1,0,12000.0,0
1516587679,https://es.olx.com.br/norte-do-espirito-santo/imoveis/apartamento-com-2-quartos-para-alugar-em-serra-1516587679,serra,sao-pedro,1,50.0,2,1,1,1,1,1,0,1,0,1805.0,0
1516588125,https://es.olx.com.br/norte-do-espirito-santo/imoveis/apartamento-mobiliado-pronto-para-morar-1516588125,serra,ourimar,1,60.0,2,1,1,1,1,1,1,1,1,1800.0,0
1516587462,https://es.olx.com.br/norte-do-espirito-santo/imoveis/apt-mobiliado-1-quarto-1516587462,vitoria,jardim-camburi,1,36.0,1,1,1,1,1,1,1,1,1,2700.0,0
1516586532,https://es.olx.com.br/norte-do-espirito-santo/imoveis/aluga-se-kitnet-mobiliada-rio-branco-cariacica-1516586532,cariacica,itangua,1,30.0,1,1,0,0,0,0,0,1,1,1200.0,0
1516581928,https://es.olx.com.br/norte-do-espirito-santo/imoveis/alianca-web-aluga-1516581928,vila-velha,itapua,1,50.0,1,1,0,1,0,0,0,0,0,1400.0,0
1516581416,https://es.olx.com.br/norte-do-espirito-santo/imoveis/aluguel-2-quartos-c-suite-andar-alto-e-planejados-praia-de-itaparica-1516581416,vila-velha,praia-de-itaparica,1,60.0,2,2,1,1,1,1,0,0,0,3000.0,0
1516581424,https://es.olx.com.br/norte-do-espirito-santo/imoveis/alugo-excelente-apartamento-de-02-quartos-no-ed-unique-em-jardim-camburi-1516581424,vitoria,jardim-camburi,1,63.0,2,2,1,1,1,1,1,0,0,4200.0,0
1516581212,https://es.olx.com.br/norte-do-espirito-santo/imoveis/locacao-anual-no-ipiranga-conforto-e-sossego-em-casa-de-3-quartos-com-2-suites-1516581212,guarapari,ipiranga,0,80.0,3,1,1,0,0,0,0,0,0,3000.0,0
1516580588,https://es.olx.com.br/norte-do-espirito-santo/imoveis/aluguel-kit-net-otima-localizacao-5-minutos-de-campo-grande-1516580588,cariacica,campo-grande,1,30.0,1,1,0,0,0,0,0,1,0,550.0,0
1516575105,https://es.olx.com.br/norte-do-espirito-santo/imoveis/imovel-para-aluguel-possui-110-metros-quadrados-com-3-quartos-em-praia-do-canto-vitoria-1516575105,vitoria,praia-do-canto,1,110.0,3,1,1,0,0,0,0,0,0,3500.0,0
1504722308,https://es.olx.com.br/norte-do-espirito-santo/imoveis/quartos-climatizados-marcenaria-de-alto-padrao-predio-entregue-ha-apenas-3-anos-1504722308,vila-velha,itapua,1,68.0,2,2,1,1,1,1,1,0,1,4800.0,0
1511499501,https://es.olx.com.br/norte-do-espirito-santo/imoveis/ap-2-qts-suite-berverly-hills-1511499501,vila-velha,itapua,1,75.0,2,2,2,1,1,1,1,1,1,4300.0,0
1516568392,https://es.olx.com.br/norte-do-espirito-santo/imoveis/aluguel-de-ap-morada-de-laranjeiras-1516568392,serra,morada-de-laranjeiras,1,52.0,2,1,1,1,1,1,1,1,0,1800.0,0
1516568316,https://es.olx.com.br/norte-do-espirito-santo/imoveis/imovel-para-aluguel-tem-56-metros-quadrados-com-2-quartos-em-ataide-vila-velha-es-1516568316,vila-velha,ataide,1,56.0,2,2,2,1,0,1,0,0,0,2500.0,0
1516567193,https://es.olx.com.br/norte-do-espirito-santo/imoveis/morada-de-laranjeiras-02-quartos-varanda-andar-alto-armario-na-cozinha-1516567193,serra,morada-de-laranjeiras,1,45.0,2,1,1,1,1,1,0,1,0,1500.0,0
1516567577,https://es.olx.com.br/norte-do-espirito-santo/imoveis/imovel-para-venda-com-48-metros-quadrados-com-1-quarto-em-ponta-da-fruta-vila-velha-es-1516567577,vila-velha,ponta-da-fruta,1,48.0,1,1,0,0,0,0,0,0,0,1400.0,0
1516564951,https://es.olx.com.br/norte-do-espirito-santo/imoveis/locacao-2q-na-praia-da-costa-vila-velha-es-1516564951,vila-velha,praia-da-costa,1,65.0,2,1,1,0,0,0,0,0,0,3000.0,0
1516563089,https://es.olx.com.br/norte-do-espirito-santo/imoveis/03-quartos-praia-da-costa-1516563089,vila-velha,itapua,1,100.0,3,3,1,1,1,1,0,1,0,4500.0,0
1516561954,https://es.olx.com.br/norte-do-espirito-santo/imoveis/aluga-se-apartamento-2-quartos-no-bairro-jockey-de-itaparica-1516561954,vila-velha,jockey-de-itaparica,1,67.0,2,2,1,0,0,0,0,1,0,2100.0,0
1500021065,https://es.olx.com.br/norte-do-espirito-santo/imoveis/veredas-buritis-2-quartos-com-suite-armarios-em-todos-comodos-1500021065,serra,colina-de-laranjeiras,1,62.0,2,2,1,1,1,1,1,1,0,2500.0,0
1516556334,https://es.olx.com.br/norte-do-espirito-santo/imoveis/locacao-apartamento-3-quartos-praia-do-canto-vitoria-1516556334,vitoria,praia-do-canto,1,124.0,3,2,1,1,0,0,0,0,0,5200.0,0
1516556308,https://es.olx.com.br/norte-do-espirito-santo/imoveis/condominio-spazio-vanguardia-cobertura-duplex-com-suite-e-churrasqueira-3-quartos-se-1516556308,serra,santa-luzia,1,129.0,3,3,2,1,0,1,1,1,0,2500.0,0
1485937805,https://es.olx.com.br/norte-do-espirito-santo/imoveis/apartamento-2-quartos-totalmente-mobiliado-45m-1485937805,vila-velha,praia-de-itaparica,1,45.0,2,1,0,0,0,0,0,1,1,3100.0,0
1516550020,https://es.olx.com.br/norte-do-espirito-santo/imoveis/casa-2-quantos-no-jockey-1516550020,vila-velha,jockey-de-itaparica,0,70.0,2,2,3,0,0,0,0,0,0,2800.0,0
1516549800,https://es.olx.com.br/norte-do-espirito-santo/imoveis/aluga-se-apt-2-quartos-residencial-iviera-em-jardim-limoeiro-1516549800,serra,jardim-limoeiro,1,52.0,2,1,1,1,1,1,1,1,0,1300.0,0
1516549589,https://es.olx.com.br/norte-do-espirito-santo/imoveis/apartamento-1-quarto-santos-dumont-1516549589,vila-velha,santos-dumont,1,70.0,1,1,0,0,0,0,0,0,0,1300.0,0
1516548635,https://es.olx.com.br/norte-do-espirito-santo/imoveis/alugo-casa-anual-1516548635,guarapari,praia-do-morro,0,80.0,2,3,1,0,0,0,0,1,0,2500.0,0
1516545821,https://es.olx.com.br/norte-do-espirito-santo/imoveis/apartamento-em-jardim-camburi-vitoria-1516545821,vitoria,jardim-camburi,1,39.0,1,1,1,0,0,0,0,0,0,3800.0,0
1501509316,https://es.olx.com.br/norte-do-espirito-santo/imoveis/locacao-quarto-completo-em-hotel-centro-linhares-1501509316,serra,portal-de-jacaraipe,1,19.0,1,1,1,1,1,0,1,0,1,2600.0,0
1516536442,https://es.olx.com.br/norte-do-espirito-santo/imoveis/apartamento-para-locacao-em-muquicaba-1516536442,guarapari,muquicaba,1,100.0,3,2,1,1,1,0,0,0,0,3800.0,0
1516530246,https://es.olx.com.br/norte-do-espirito-santo/imoveis/alugo-primeiro-andar-1516530246,vila-velha,jardim-guadalajara,1,100.0,2,1,0,0,0,0,0,1,0,1800.0,0
1516528122,https://es.olx.com.br/norte-do-espirito-santo/imoveis/livia-machado-aluga-apto-02-quartos-60m-em-jardim-camburi-vitoria-es-1516528122,vitoria,jardim-camburi,1,60.0,2,1,1,1,1,1,0,1,0,2930.0,0
1514269285,https://es.olx.com.br/norte-do-espirito-santo/imoveis/apartamento-mobiliado-na-praia-do-canto-vitoria-es-frente-2-quartos-1-suite-1514269285,vitoria,praia-do-canto,1,65.0,2,2,1,1,0,0,0,1,1,3630.0,0
1516527839,https://es.olx.com.br/norte-do-espirito-santo/imoveis/livia-machado-imoveis-aluga-apartamento-reformado-com-2-quartos-e-1-vaga-excelente-locali-1516527839,vitoria,jardim-da-penha,1,70.0,2,1,1,0,0,0,0,0,0,2930.0,0
1500114236,https://es.olx.com.br/norte-do-espirito-santo/imoveis/casa-6-quartos-qrts-para-para-aluguel-com-448-m-no-jardim-da-penha-vitoria-1500114236,vitoria,jardim-da-penha,0,448.0,5,5,0,0,0,0,0,0,0,21030.0,0
1516513361,https://es.olx.com.br/norte-do-espirito-santo/imoveis/kitinet-itapua-1516513361,vila-velha,divino-espirito-santo,1,35.0,1,1,1,0,1,0,0,1,0,1080.0,0
1516512392,https://es.olx.com.br/norte-do-espirito-santo/imoveis/apartamento-com-1-dormitorio-para-alugar-38-m-por-r-1-650-mes-itapua-vila-velha-es-1516512392,vila-velha,itapua,1,38.0,1,1,0,0,0,0,0,1,0,1650.0,0
1516512220,https://es.olx.com.br/norte-do-espirito-santo/imoveis/apartamento-em-jardim-camburi-vitoria-1516512220,vitoria,jardim-camburi,1,90.0,3,2,1,0,0,0,0,0,0,3500.0,0
1516512057,https://es.olx.com.br/norte-do-espirito-santo/imoveis/apartamento-com-4-quartos-para-alugar-336-m-por-r-38-000-mes-barro-vermelho-vitoria-1516512057,vitoria,barro-vermelho,1,336.0,4,5,4,1,0,1,0,1,1,35000.0,0
1516511661,https://es.olx.com.br/norte-do-espirito-santo/imoveis/apartamento-com-3-dormitorios-para-alugar-80-m-por-r-2-500-mes-praia-das-gaivotas-v-1516511661,vila-velha,praia-das-gaivotas,1,80.0,3,2,1,1,0,1,0,1,0,2500.0,0
1516511415,https://es.olx.com.br/norte-do-espirito-santo/imoveis/apartamento-com-3-dormitorios-para-alugar-100-m-por-r-2-200-mes-itapua-vila-velha-e-1516511415,vila-velha,itapua,1,100.0,3,2,0,0,0,0,0,1,0,2200.0,0
1516511179,https://es.olx.com.br/norte-do-espirito-santo/imoveis/procura-se-apartamento-casa-ou-kit-net-1516511179,serra,valparaiso,0,111.0,1,1,0,0,0,0,0,0,0,1300.0,0
1516499291,https://es.olx.com.br/norte-do-espirito-santo/imoveis/lindo-apartamento-4-quartos-no-parque-das-castanheiras-1516499291,vila-velha,praia-da-costa,1,149.0,4,3,2,0,0,1,0,1,0,5000.0,0
1516499058,https://es.olx.com.br/norte-do-espirito-santo/imoveis/apartamento-para-aluguel-4-quartos-1-suite-2-vagas-praia-da-costa-vila-velha-es-1516499058,vila-velha,praia-da-costa,1,125.0,4,3,2,0,0,0,0,1,0,5800.0,0
1516498339,https://es.olx.com.br/norte-do-espirito-santo/imoveis/apartamento-2-quartos-mobiliado-na-praia-da-costa-conforto-e-localizacao-privilegiada-1516498339,vila-velha,centro-de-vila-velha,1,83.0,2,2,0,0,0,0,0,0,1,2600.0,0
1516490061,https://es.olx.com.br/norte-do-espirito-santo/imoveis/apartamento-2-dormitorios-para-locacao-em-vila-velha-es-1516490061,vila-velha,praia-da-costa,1,65.0,2,2,1,1,0,1,0,0,0,2500.0,0
1516482909,https://es.olx.com.br/norte-do-espirito-santo/imoveis/apartamento-amplo-de-3-quartos-para-locacao-na-praia-de-itaparica-1516482909,vila-velha,praia-de-itaparica,1,73.0,3,2,2,0,0,0,1,1,0,4000.0,0
1489169745,https://es.olx.com.br/norte-do-espirito-santo/imoveis/apartamento-a-locacao-em-jardim-atlantico-serra-es-1489169745,serra,jardim-atlantico,1,90.0,2,1,1,0,0,0,0,1,1,3500.0,0
1461714174,https://es.olx.com.br/norte-do-espirito-santo/imoveis/casa-a-venda-e-locacao-em-morada-de-laranjeiras-serra-es-1461714174,serra,morada-de-laranjeiras,0,180.0,3,1,0,0,0,0,0,0,0,4500.0,0
1507254397,https://es.olx.com.br/norte-do-espirito-santo/imoveis/apartamento-a-locacao-em-colina-de-laranjeiras-serra-es-1507254397,serra,colina-de-laranjeiras,1,49.0,2,1,2,1,0,1,0,0,0,1900.0,0
1500579045,https://es.olx.com.br/norte-do-espirito-santo/imoveis/apartamento-para-locacao-em-jardim-camburi-vitoria-es-1500579045,vitoria,jardim-camburi,1,71.0,2,1,1,0,0,0,0,0,0,2500.0,0
1492838253,https://es.olx.com.br/norte-do-espirito-santo/imoveis/apartamento-a-locacao-em-morada-de-laranjeiras-serra-es-1492838253,serra,morada-de-laranjeiras,1,52.0,2,1,1,1,0,1,0,1,0,2600.0,0
1496505869,https://es.olx.com.br/norte-do-espirito-santo/imoveis/apartamento-a-locacao-em-nova-carapina-i-serra-es-1496505869,serra,nova-carapina-i,1,264.0,2,3,0,0,0,0,0,0,0,2000.0,0
1513248755,https://es.olx.com.br/norte-do-espirito-santo/imoveis/apartamento-a-locacao-em-valparaiso-serra-es-1513248755,serra,valparaiso,1,59.0,2,1,2,0,0,0,0,0,0,1650.0,0
1461713806,https://es.olx.com.br/norte-do-espirito-santo/imoveis/casa-a-locacao-em-carapina-grande-serra-es-1461713806,serra,carapina-grande,0,409.0,5,5,2,0,0,0,0,1,0,6000.0,0
1511914884,https://es.olx.com.br/norte-do-espirito-santo/imoveis/casa-a-venda-em-manquinhos-serra-es-1511914884,serra,manguinhos,0,120.0,3,3,2,0,0,0,0,1,0,5000.0,0
1511915233,https://es.olx.com.br/norte-do-espirito-santo/imoveis/apartamento-a-locacao-em-morada-de-laranjeiras-serra-es-1511915233,serra,morada-de-laranjeiras,1,44.0,2,1,1,1,0,1,0,1,0,2000.0,0
1469201704,https://es.olx.com.br/norte-do-espirito-santo/imoveis/apartamento-a-locacao-em-morada-de-laranjeiras-serra-es-1469201704,serra,morada-de-laranjeiras,1,40.0,2,1,1,1,0,1,0,0,0,1620.0,0
1515908867,https://es.olx.com.br/norte-do-espirito-santo/imoveis/apartamento-a-locacao-em-planalto-de-carapina-serra-es-1515908867,serra,planalto-de-carapina,1,50.0,2,1,1,1,0,1,0,1,0,2200.0,0
1461715207,https://es.olx.com.br/norte-do-espirito-santo/imoveis/casa-a-locacao-em-parque-residencial-laranjeiras-serra-es-1461715207,serra,parque-residencial-laranjeiras,0,140.0,2,1,0,0,0,0,0,0,0,2000.0,0
1461714542,https://es.olx.com.br/norte-do-espirito-santo/imoveis/casa-a-locacao-em-colina-de-laranjeiras-serra-es-1461714542,serra,colina-de-laranjeiras,0,145.0,3,1,1,0,0,0,0,1,0,4500.0,0
1489169792,https://es.olx.com.br/norte-do-espirito-santo/imoveis/apartamento-a-locacao-em-jardim-atlantico-serra-es-1489169792,serra,jardim-atlantico,1,140.0,3,2,1,0,0,0,0,1,1,4500.0,0
1491018495,https://es.olx.com.br/norte-do-espirito-santo/imoveis/casa-a-venda-e-locacao-em-nova-carapina-i-serra-es-1491018495,serra,nova-carapina-i,0,60.0,2,1,2,0,0,0,0,1,0,2000.0,0
1503687784,https://es.olx.com.br/norte-do-espirito-santo/imoveis/apartamento-a-locacao-em-colina-de-laranjeiras-serra-es-1503687784,serra,colina-de-laranjeiras,1,45.0,2,1,1,0,0,0,0,0,0,1800.0,0
1516480661,https://es.olx.com.br/norte-do-espirito-santo/imoveis/locacao-praia-de-itaparica-porteira-fechada-2-quartos-1-suite-66-52m-1-vaga-r-4-1516480661,vila-velha,praia-de-itaparica,1,67.0,2,2,1,1,0,1,0,1,1,4500.0,0
1509579586,https://es.olx.com.br/norte-do-espirito-santo/imoveis/2q-praia-do-canto-ed-lancaster-1509579586,vitoria,praia-do-canto,1,65.0,2,2,1,1,1,1,0,1,0,4000.0,0
1516478622,https://es.olx.com.br/norte-do-espirito-santo/imoveis/alugo-apartamento-viva-laguna-em-manguinhos-1516478622,serra,praia-da-baleia,1,45.0,2,1,1,1,1,1,0,0,0,1600.0,0
1516472293,https://es.olx.com.br/norte-do-espirito-santo/imoveis/aluguel-anual-03-quartos-mobiliado-na-praia-do-morro-1516472293,guarapari,muquicaba,1,92.0,3,2,2,1,0,0,0,0,1,3800.0,0
1516463257,https://es.olx.com.br/norte-do-espirito-santo/imoveis/imovel-para-venda-tem-50-metros-quadrados-com-2-quartos-em-praia-das-gaivotas-vila-velha-1516463257,vila-velha,praia-das-gaivotas,1,50.0,2,1,0,0,0,1,0,0,0,1700.0,0
1516458053,https://es.olx.com.br/norte-do-espirito-santo/imoveis/praia-costa-sol-manha-70m2-gar-var-lazer-completo-prox-exercito-1516458053,vila-velha,praia-da-costa,1,80.0,2,2,1,0,0,0,0,1,0,3500.0,0
1478745481,https://es.olx.com.br/norte-do-espirito-santo/imoveis/apartamento-2-quartos-para-locacao-no-ataide-1478745481,vila-velha,ataide,1,50.0,2,1,1,1,0,1,0,1,0,1800.0,0
1516452470,https://es.olx.com.br/norte-do-espirito-santo/imoveis/kitnet-proximo-a-gloria-1516452470,vila-velha,soteco,1,30.0,1,1,0,0,1,0,0,0,1,1200.0,0
1492662087,https://es.olx.com.br/norte-do-espirito-santo/imoveis/casa-3-quartos-na-ilha-do-boi-piscina-e-lazer-privativo-1492662087,vitoria,ilha-do-boi,0,523.0,3,5,2,0,0,1,0,0,0,19000.0,0
1513734431,https://es.olx.com.br/norte-do-espirito-santo/imoveis/apto-no-centro-de-vila-velha-1513734431,vila-velha,centro-de-vila-velha,1,40.0,1,1,0,1,0,0,0,0,1,2000.0,0
1515629492,https://es.olx.com.br/norte-do-espirito-santo/imoveis/alugo-apto-02-quartos-frente-para-a-melhor-praia-de-itapua-beverly-hill-1515629492,vila-velha,itapua,1,108.0,2,2,1,1,1,1,0,1,0,3200.0,0
1516443944,https://es.olx.com.br/norte-do-espirito-santo/imoveis/aluga-se-apartamento-pequeno-1516443944,guarapari,kubitschek,1,35.0,1,1,0,0,0,0,0,0,0,850.0,0
1516437415,https://es.olx.com.br/norte-do-espirito-santo/imoveis/apartamento-3-quartos-com-sol-da-manha-em-porto-canoa-vista-de-porto-canoa-condominio-cl-1516437415,serra,porto-canoa,1,60.0,3,1,1,0,0,0,0,0,0,2100.0,0
1516436955,https://es.olx.com.br/norte-do-espirito-santo/imoveis/apartamento-2-quartos-com-sol-da-manha-em-morada-de-laranjeiras-condominio-via-laranjeir-1516436955,serra,morada-de-laranjeiras,1,54.0,2,1,1,0,0,0,0,0,0,2200.0,0
1516436958,https://es.olx.com.br/norte-do-espirito-santo/imoveis/casa-2-quartos-com-area-gourmet-energia-solar-em-balneario-de-carapebus-1516436958,serra,balneario-de-carapebus,0,188.0,2,1,3,0,0,0,0,0,0,4000.0,0
1516430879,https://es.olx.com.br/norte-do-espirito-santo/imoveis/alugo-todo-mobiliado-2-quartos-sendo-1-suite-ed-petrus-1516430879,vila-velha,praia-da-costa,1,80.0,2,2,1,0,0,0,0,0,1,3850.0,0
1516426409,https://es.olx.com.br/norte-do-espirito-santo/imoveis/apartamento-de-2-quartos-semi-mobiliado-praia-da-costa-1516426409,vila-velha,praia-da-costa,1,68.0,2,2,1,0,1,1,0,0,0,3500.0,0
1516422519,https://es.olx.com.br/norte-do-espirito-santo/imoveis/kitnet-1516422519,vila-velha,ilha-dos-bentos,1,30.0,1,1,0,0,0,0,0,0,0,800.0,1
1516421848,https://es.olx.com.br/norte-do-espirito-santo/imoveis/2-quartos-com-suite-e-vista-lateral-mar-1516421848,vila-velha,itapua,1,67.0,2,2,1,1,0,1,0,0,0,4000.0,0
1516418997,https://es.olx.com.br/norte-do-espirito-santo/imoveis/alugo-apto-1-621-00-um-salario-minimo-1516418997,vitoria,maria-ortiz,1,40.0,1,1,0,0,0,0,0,0,0,1621.0,0
1516420297,https://es.olx.com.br/norte-do-espirito-santo/imoveis/alugo-apartamento-2-quartos-com-suite-1516420297,vila-velha,itapua,1,75.0,2,2,1,1,1,1,1,0,1,4500.0,0
1516396089,https://es.olx.com.br/norte-do-espirito-santo/imoveis/alugo-apartamento-de-1-quarto-em-castelandia-es-1516396089,serra,castelandia,1,70.0,1,1,0,0,0,0,0,0,0,1000.0,0
1516419066,https://es.olx.com.br/norte-do-espirito-santo/imoveis/apartamento-de-2-quartos-mobiliado-em-itapoa-1516419066,vila-velha,itapua,1,80.0,2,2,1,1,0,1,0,1,1,3800.0,0
1516418912,https://es.olx.com.br/norte-do-espirito-santo/imoveis/kitnet-guaranhuns-vila-velha-1516418912,vila-velha,aracas,1,25.0,1,1,0,0,0,0,0,0,0,850.0,1
1514782017,https://es.olx.com.br/norte-do-espirito-santo/imoveis/casa-com-galpao-laranjeiras-1514782017,serra,valparaiso,0,230.0,4,2,2,0,0,0,0,0,0,3000.0,0
1516417301,https://es.olx.com.br/norte-do-espirito-santo/imoveis/2-quartos-suite-armarios-1vg-1516417301,vila-velha,itapua,1,70.0,2,2,1,0,0,0,0,0,0,3000.0,0
1516417156,https://es.olx.com.br/norte-do-espirito-santo/imoveis/alugo-casa-praia-balneario-de-carapebus-incluso-agua-e-energia-1516417156,serra,balneario-de-carapebus,0,35.0,1,1,1,0,0,0,0,0,0,950.0,0
1516415949,https://es.olx.com.br/norte-do-espirito-santo/imoveis/frente-mar-70-metros-praia-da-costa-1516415949,vila-velha,praia-da-costa,1,70.0,2,1,1,1,1,1,0,0,0,3800.0,0
1516412965,https://es.olx.com.br/norte-do-espirito-santo/imoveis/alugo-amplo-quarto-e-sala-com-suite-home-office-na-gloria-1516412965,vila-velha,gloria,1,40.0,1,2,0,0,0,0,0,0,0,1600.0,0
1516411285,https://es.olx.com.br/norte-do-espirito-santo/imoveis/alugo-mar-azul-2-quartos-e-sol-da-manha-4-andar-1516411285,vila-velha,praia-da-costa,1,52.0,2,1,1,0,0,0,0,0,0,1990.0,0
1516411281,https://es.olx.com.br/norte-do-espirito-santo/imoveis/imovel-para-aluguel-com-70-m-2-quartos-em-santa-helena-vitoria-es-divisa-com-ensea-1516411281,vitoria,santa-helena,1,70.0,2,2,1,1,1,1,1,1,1,4400.0,0
1516411233,https://es.olx.com.br/norte-do-espirito-santo/imoveis/alugo-apto-com-1-quarto-em-praia-da-costa-vila-velha-es-1516411233,vila-velha,praia-da-costa,1,50.0,1,1,1,1,0,1,0,0,1,3500.0,0
1512264265,https://es.olx.com.br/norte-do-espirito-santo/imoveis/apartamento-para-alugar-mobiliado-1512264265,vitoria,sao-cristovao,1,50.0,1,1,0,0,0,0,0,0,1,1750.0,1
1516403771,https://es.olx.com.br/norte-do-espirito-santo/imoveis/locacao-apartamento-2-quartos-colina-de-laranjeiras-serra-1516403771,serra,colina-de-laranjeiras,1,52.0,2,1,1,1,0,1,1,0,0,2200.0,0
1490457269,https://es.olx.com.br/norte-do-espirito-santo/imoveis/casa-4-quartos-em-jardim-camburi-terreno-duplo-e-lazer-1490457269,vitoria,jardim-camburi,0,450.0,4,5,4,0,0,1,0,0,0,15000.0,0
1516401218,https://es.olx.com.br/norte-do-espirito-santo/imoveis/imovel-para-aluguel-tem-160-metros-quadrados-com-3-quartos-em-praia-da-costa-vila-velha-1516401218,vila-velha,praia-da-costa,1,160.0,3,1,2,1,0,1,0,0,0,5000.0,0
1516400821,https://es.olx.com.br/norte-do-espirito-santo/imoveis/imovel-para-aluguel-tem-45-metros-quadrados-com-2-quartos-1516400821,vila-velha,nossa-senhora-da-penha,1,45.0,2,1,1,1,0,1,0,0,0,2000.0,0
1515603036,https://es.olx.com.br/norte-do-espirito-santo/imoveis/oportunidade-praia-do-canto-1515603036,vitoria,praia-do-canto,1,67.0,2,2,1,1,1,1,1,1,1,5700.0,0
1516390935,https://es.olx.com.br/norte-do-espirito-santo/imoveis/excelente-apartamento-para-aluguel-com-2-quartos-em-praia-de-itaparica-vila-velha-es-1516390935,vila-velha,praia-de-itaparica,1,65.0,2,1,1,1,1,1,0,0,0,2900.0,0
1516390275,https://es.olx.com.br/norte-do-espirito-santo/imoveis/imovel-para-aluguel-com-95-metros-quadrados-com-2-quartos-em-barro-vermelho-vitoria-es-1516390275,vitoria,barro-vermelho,1,95.0,3,1,1,1,1,1,0,0,0,3700.0,0
1516392745,https://es.olx.com.br/norte-do-espirito-santo/imoveis/aluga-se-apartamento-de-2-quartos-1516392745,vila-velha,boa-vista-i,1,40.0,2,1,0,0,0,0,0,0,0,1200.0,0
1516273449,https://es.olx.com.br/norte-do-espirito-santo/imoveis/dno-alugo-apto-com-planta-grande-1516273449,serra,parque-residencial-laranjeiras,1,110.0,3,1,2,1,1,1,1,0,0,6000.0,0
1510155604,https://es.olx.com.br/norte-do-espirito-santo/imoveis/apartamento-2-quartos-grande-no-coracao-de-itapoa-1510155604,vila-velha,itapua,1,74.0,2,2,1,1,1,1,0,1,0,2800.0,0
1516271430,https://es.olx.com.br/norte-do-espirito-santo/imoveis/dno-pracas-reserva-mobiliado-1516271430,serra,praia-da-baleia,1,70.0,3,1,2,1,1,1,1,0,0,3400.0,0
1516268451,https://es.olx.com.br/norte-do-espirito-santo/imoveis/ca1246-casa-duplex-para-locacao-em-bicanga-serra-es-1516268451,serra,bicanga,0,152.0,3,3,2,0,0,0,0,1,0,4800.0,0
1516267681,https://es.olx.com.br/norte-do-espirito-santo/imoveis/sala-quarto-mobiliado-conforto-1516267681,vitoria,jardim-camburi,1,46.0,1,1,0,0,0,0,0,0,1,2930.0,0
1516267495,https://es.olx.com.br/norte-do-espirito-santo/imoveis/apartamento-com-2-quartos-sendo-1-suite-em-itaparica-1516267495,vila-velha,praia-de-itaparica,1,60.0,2,2,1,1,1,1,0,1,0,2600.0,0
1480544571,https://es.olx.com.br/norte-do-espirito-santo/imoveis/ca0830-casa-com-3-dormitorios-150-m--morada-de-laranjeiras-serra-es-1480544571,serra,morada-de-laranjeiras,0,150.0,3,3,2,0,0,0,0,1,0,5000.0,0
1516257602,https://es.olx.com.br/norte-do-espirito-santo/imoveis/apartemento-na-2-quadra-do-mar-da-praia-da-costa-p-locacao-1516257602,vila-velha,praia-da-costa,1,130.0,3,3,2,0,0,1,0,1,0,4000.0,0
1516256140,https://es.olx.com.br/norte-do-espirito-santo/imoveis/apartamento-com-2-quartos-para-alugar-40m-praia-de-itaparica-1516256140,vila-velha,praia-de-itaparica,1,40.0,2,1,1,0,1,1,1,0,1,5500.0,0
1516255295,https://es.olx.com.br/norte-do-espirito-santo/imoveis/apartamento-a-uma-quadra-do-mar-da-praia-de-itaparica-ref-608-1516255295,vila-velha,praia-das-gaivotas,1,59.0,2,2,1,0,1,0,1,0,0,3500.0,0
1516251487,https://es.olx.com.br/norte-do-espirito-santo/imoveis/vista-de-porto-canoa-1516251487,serra,maringa,1,45.0,2,1,1,1,1,1,1,0,0,1600.0,0
1516247965,https://es.olx.com.br/norte-do-espirito-santo/imoveis/kitnet-para-alugar-1516247965,cariacica,vila-palestina,1,50.0,1,1,0,0,0,0,0,0,0,700.0,1
1516242537,https://es.olx.com.br/norte-do-espirito-santo/imoveis/apartamento-em-jardim-camburi-vitoria-1516242537,vitoria,jardim-camburi,1,70.0,2,2,1,0,0,0,0,0,0,2750.0,0
1516241783,https://es.olx.com.br/norte-do-espirito-santo/imoveis/alugo-apartamento-ibes-1516241783,vila-velha,ibes,1,70.0,2,2,0,0,0,0,0,0,0,1900.0,0
1510387523,https://es.olx.com.br/norte-do-espirito-santo/imoveis/casa-na-praia-da-costa-1510387523,vila-velha,centro-de-vila-velha,1,160.0,3,2,0,0,0,1,0,0,0,2999.0,0
1516236876,https://es.olx.com.br/norte-do-espirito-santo/imoveis/apartamento-2-quartos-armarios-planejados-coqueiral-de-itaparica-1516236876,vila-velha,coqueiral-de-itaparica,1,52.0,2,1,1,0,1,1,0,0,0,2500.0,0
1510989564,https://es.olx.com.br/norte-do-espirito-santo/imoveis/apartamento-frente-ao-mar-da-praia-da-costa-mobiliado-1510989564,vila-velha,itapua,1,75.0,2,2,2,1,1,1,0,1,1,3900.0,0
1516233521,https://es.olx.com.br/norte-do-espirito-santo/imoveis/apto-3-quartos-2-banheiros-a-um-quarteirao-da-praia-de-jacaraipe-1516233521,serra,jardim-atlantico,1,92.0,3,1,1,0,0,0,0,1,0,3500.0,0
1516231009,https://es.olx.com.br/norte-do-espirito-santo/imoveis/quarto-e-sala-na-praia-da-costa-1516231009,vila-velha,praia-da-costa,1,50.0,1,1,0,0,0,0,0,0,0,1990.0,0
1516218917,https://es.olx.com.br/norte-do-espirito-santo/imoveis/apartamento-mobiliado-2-quartos-em-praia-da-baleia-serra-es-1516218917,serra,praia-da-baleia,1,48.0,2,1,1,0,1,1,0,0,0,2300.0,0
1516215652,https://es.olx.com.br/norte-do-espirito-santo/imoveis/apartamento-para-locacao-em-jardim-camburi-vitoria-110m-1516215652,vitoria,jardim-camburi,1,110.0,3,3,1,1,0,1,0,1,1,4800.0,0
1516214951,https://es.olx.com.br/norte-do-espirito-santo/imoveis/aluga-se-apartamento-de-alto-padrao-praia-do-canto-1516214951,vitoria,praia-do-canto,1,130.0,3,3,2,0,0,0,0,0,0,8500.0,0
1516213145,https://es.olx.com.br/norte-do-espirito-santo/imoveis/apartamento-1-dormitorio-para-locacao-em-vila-velha-es-1516213145,vila-velha,praia-da-costa,1,45.0,1,1,1,1,0,0,0,0,0,3300.0,0
1501400497,https://es.olx.com.br/norte-do-espirito-santo/imoveis/ap-pe-na-areia-alugo-vendopraia-do-morro-1501400497,guarapari,praia-do-morro,1,96.0,2,3,1,1,1,1,0,1,1,3500.0,0
1516201772,https://es.olx.com.br/norte-do-espirito-santo/imoveis/aluga-se-apartamento-2-quartos-com-suite-direto-com-proprietario-1516201772,serra,colina-de-laranjeiras,1,55.0,2,2,1,1,1,1,1,1,0,2000.0,0
1516199358,https://es.olx.com.br/norte-do-espirito-santo/imoveis/2-quartos-nas-castanheiras-2-vagas-de-garagem-lazer-completo-1516199358,vila-velha,praia-da-costa,1,75.0,2,2,2,1,1,1,0,1,0,4100.0,0
1512893680,https://es.olx.com.br/norte-do-espirito-santo/imoveis/apartamento-a-locacao-em-colina-de-laranjeiras-serra-es-1512893680,serra,colina-de-laranjeiras,1,46.0,2,1,1,1,0,1,0,0,0,1850.0,0
1516191807,https://es.olx.com.br/norte-do-espirito-santo/imoveis/local-nobre-na-praia-da-costa-02-quartos-vila-velha-es-1516191807,vila-velha,praia-da-costa,1,70.0,2,2,1,1,1,1,0,0,0,3500.0,0
1516190315,https://es.olx.com.br/norte-do-espirito-santo/imoveis/alugo-kitnet-r-800-bela-aurora-1516190315,cariacica,bela-aurora,1,30.0,1,1,1,0,0,0,0,0,0,800.0,0
1501297101,https://es.olx.com.br/norte-do-espirito-santo/imoveis/alugo-apartamento-mobiliado-1501297101,serra,balneario-de-carapebus,1,55.0,2,1,1,1,1,1,0,0,1,2500.0,0
1516186854,https://es.olx.com.br/norte-do-espirito-santo/imoveis/alugo-apartamento-r-1-650-00-ambiente-familiar-1516186854,vila-velha,cristovao-colombo,1,55.0,2,1,0,0,0,0,0,0,0,1650.0,0
1516187316,https://es.olx.com.br/norte-do-espirito-santo/imoveis/imovel-para-aluguel-tem-57-metros-quadrados-com-2-quartos-em-bento-ferreira-vitoria-es-1516187316,vitoria,bento-ferreira,1,57.0,2,2,1,1,1,1,1,1,0,3800.0,0
1516185027,https://es.olx.com.br/norte-do-espirito-santo/imoveis/aluga-se-apartamento-3-quartos-no-bairro-jockey-de-itaparica-1516185027,vila-velha,jockey-de-itaparica,1,86.0,3,2,1,1,0,0,0,1,0,2500.0,0
1516183795,https://es.olx.com.br/norte-do-espirito-santo/imoveis/apartamento-01-quarto-mobiliado-climatizado-fechamento-varanda-2-vg-1516183795,vitoria,santa-helena,1,43.0,1,1,2,1,1,1,1,1,1,3500.0,0
1509392874,https://es.olx.com.br/norte-do-espirito-santo/imoveis/2-quartos-mobiliado-na-alca-pra-terceira-ponte-1509392874,vila-velha,praia-da-costa,1,80.0,2,3,1,1,1,1,0,1,1,2800.0,0
1514641875,https://es.olx.com.br/norte-do-espirito-santo/imoveis/kitinete-mobiliada-incluso-agua-luz-e-internet-pra-solteiro-ou-casal-sem-filhos-1050-1514641875,vila-velha,aracas,1,30.0,1,1,0,0,0,0,0,0,1,1050.0,1
1516175924,https://es.olx.com.br/norte-do-espirito-santo/imoveis/aluga-se-apartamento-condominio-serra-atlantico-morada-de-laranjeiras-serra-es-1516175924,serra,morada-de-laranjeiras,1,106.0,3,3,2,1,1,1,1,1,0,3200.0,0
1516175389,https://es.olx.com.br/norte-do-espirito-santo/imoveis/alianca-web-aluga-1516175389,vila-velha,praia-de-itaparica,1,75.0,3,2,2,1,1,1,0,1,0,2900.0,0
1512946247,https://es.olx.com.br/norte-do-espirito-santo/imoveis/aluguel-de-apartamento-com-garagem-1512946247,vila-velha,aracas,1,72.0,2,1,1,0,0,0,0,0,0,2200.0,0
1516165009,https://es.olx.com.br/norte-do-espirito-santo/imoveis/imovel-para-aluguel-possui-50-metros-quadrados-com-2-quartos-1516165009,vila-velha,jockey-de-itaparica,1,50.0,2,1,1,0,1,1,0,0,0,1650.0,0
1513402012,https://es.olx.com.br/norte-do-espirito-santo/imoveis/residencia-de-alto-padrao-locacao-premium-boulevard-lagoa-1513402012,serra,boulevard-lagoa,0,300.0,3,5,0,0,0,1,0,1,0,15000.0,1
1516158744,https://es.olx.com.br/norte-do-espirito-santo/imoveis/imovel-para-aluguel-com-45-metros-quadrados-com-1-quarto-em-itapua-vila-velha-es-1516158744,vila-velha,itapua,1,45.0,1,1,1,1,0,0,0,0,0,1500.0,0
1516156205,https://es.olx.com.br/norte-do-espirito-santo/imoveis/apartamento-vista-mar-mobiliado-em-vila-velha-1516156205,vila-velha,praia-de-itaparica,1,80.0,2,2,1,1,1,1,1,1,1,4200.0,0
1516153623,https://es.olx.com.br/norte-do-espirito-santo/imoveis/aluga-se-kitnet-no-morro-de-jaburuna-vv-1516153623,vila-velha,jaburuna,1,30.0,2,1,0,0,0,0,0,0,0,1000.0,0
1505933652,https://es.olx.com.br/norte-do-espirito-santo/imoveis/apartamento-com-2-quartos-para-alugar-85-m-praia-da-costa-vila-velha-es-1505933652,vila-velha,praia-da-costa,1,85.0,2,2,1,1,1,1,0,0,0,4000.0,0
1511426149,https://es.olx.com.br/norte-do-espirito-santo/imoveis/apartamento-com-3-quartos-para-alugar-79-m-itapua-vila-velha-es-1511426149,vila-velha,itapua,1,80.0,3,2,1,0,1,1,0,0,0,3800.0,0
1507220296,https://es.olx.com.br/norte-do-espirito-santo/imoveis/apartamento-com-3-quartos-para-alugar-201-m-praia-de-itaparica-vila-velha-es-1507220296,vila-velha,praia-de-itaparica,1,201.0,3,4,2,1,1,1,0,1,1,8500.0,0
1506497791,https://es.olx.com.br/norte-do-espirito-santo/imoveis/apartamento-com-3-quartos-para-alugar-95-m-praia-de-itaparica-vila-velha-es-1506497791,vila-velha,praia-de-itaparica,1,95.0,3,2,2,0,0,0,0,1,1,8500.0,0
1478465596,https://es.olx.com.br/norte-do-espirito-santo/imoveis/apto-2-quartos-no-jockey-com-elevador-prox-praia-multivix-shopping-1478465596,vila-velha,jockey-de-itaparica,1,60.0,2,2,0,1,0,0,0,1,0,2100.0,0
1515504886,https://es.olx.com.br/norte-do-espirito-santo/imoveis/aluguel-apt-1-quarto-no-jockey-de-itaparica-semi-mobiliado-1515504886,vila-velha,jockey-de-itaparica,1,36.0,1,1,0,0,0,0,0,0,1,2650.0,0
1503532410,https://es.olx.com.br/norte-do-espirito-santo/imoveis/apartamento-com-2-quartos-para-alugar-70-m-itapua-vila-velha-es-1503532410,vila-velha,itapua,1,70.0,2,2,1,0,0,1,0,1,0,3200.0,0
1516149964,https://es.olx.com.br/norte-do-espirito-santo/imoveis/falar-com-a-jessica-1516149964,serra,vila-nova-de-colares,1,0.0,1,1,0,0,0,0,0,0,0,900.0,0
1499642790,https://es.olx.com.br/norte-do-espirito-santo/imoveis/apartamento-com-2-quartos-para-alugar-65-m-itapua-vila-velha-es-1499642790,vila-velha,itapua,1,65.0,2,1,1,0,1,1,0,1,0,4000.0,0
1516148094,https://es.olx.com.br/norte-do-espirito-santo/imoveis/aluguel-2-quartos-55m--jardim-camburi-r-2-915-00-taxas-ref-r-011-1516148094,vitoria,jardim-camburi,1,55.0,2,1,1,0,0,0,0,0,0,2915.0,0
1516148073,https://es.olx.com.br/norte-do-espirito-santo/imoveis/aluguel-2-quartos-60m--jardim-camburi-r-2-795-00-taxas-ref-r-045-1516148073,vitoria,jardim-camburi,1,60.0,2,1,1,1,0,0,1,0,0,2795.0,0
1498205986,https://es.olx.com.br/norte-do-espirito-santo/imoveis/apto-mobiliado-novo-mexico-1quarto-1498205986,vila-velha,novo-mexico,1,35.0,1,1,0,0,0,0,0,0,1,1890.0,0
1516145239,https://es.olx.com.br/norte-do-espirito-santo/imoveis/aluga-se-kitnet-600-reais-1516145239,vila-velha,aribiri,1,30.0,1,1,0,0,0,0,0,0,0,600.0,1
1516140979,https://es.olx.com.br/norte-do-espirito-santo/imoveis/aluga-se-kitnet-1516140979,serra,carapina-grande,0,30.0,1,1,0,0,0,0,0,0,0,800.0,0
1501944325,https://es.olx.com.br/norte-do-espirito-santo/imoveis/apartamento-santa-ines-2-quartos-garagem-para-moto-bem-localizado-1501944325,vila-velha,santa-ines,1,80.0,2,1,0,0,0,0,0,0,0,1800.0,0
1516134108,https://es.olx.com.br/norte-do-espirito-santo/imoveis/aluga-se-kitnet-jardim-camburi-1516134108,vitoria,jardim-camburi,1,48.0,1,1,1,0,0,0,0,1,0,1500.0,0
1508665364,https://es.olx.com.br/norte-do-espirito-santo/imoveis/alugo-loft-na-divisa-bairro-de-fatima-com-jardim-camburi-1508665364,serra,conjunto-carapina-i,1,37.0,1,1,0,0,0,0,0,0,1,2480.0,0
1516131908,https://es.olx.com.br/norte-do-espirito-santo/imoveis/apartamento-para-locacao-na-praia-do-morro-1516131908,guarapari,praia-do-morro,1,90.0,2,2,1,0,0,1,0,0,0,3500.0,0
1516131928,https://es.olx.com.br/norte-do-espirito-santo/imoveis/apartamento-para-alugar-em-serra-1516131928,serra,jardim-limoeiro,1,56.0,2,2,1,1,1,1,1,1,0,1500.0,0
1516131519,https://es.olx.com.br/norte-do-espirito-santo/imoveis/casa-condominio-aldeia-dos-marabas-1516131519,serra,santa-luzia,0,130.0,4,3,2,0,0,1,1,0,0,5200.0,0
1512930375,https://es.olx.com.br/norte-do-espirito-santo/imoveis/apartamento-centro-de-guarapari-1512930375,guarapari,centro,1,79.0,2,2,1,1,1,0,0,0,0,3500.0,0
1510730220,https://es.olx.com.br/norte-do-espirito-santo/imoveis/2-quartos-jardim-camburi-1510730220,vitoria,santa-lucia,1,55.0,2,1,1,1,1,0,0,0,1,2500.0,0
1513886537,https://es.olx.com.br/norte-do-espirito-santo/imoveis/2-quartos-em-vv-bairro-ulisses-guimaraes-1513886537,vila-velha,normilia-da-cunha,1,43.0,2,1,1,0,0,0,0,0,0,990.0,0
1516117538,https://es.olx.com.br/norte-do-espirito-santo/imoveis/apartamento-com-2-dormitorios-para-alugar-50-m-por-r-2-568-33-mes-ataide-vila-velha-1516117538,vila-velha,ataide,1,50.0,2,1,1,1,1,1,0,1,1,2200.0,0
1516115476,https://es.olx.com.br/norte-do-espirito-santo/imoveis/apartamento-com-2-quartos-para-alugar-65-m-itapua-vila-velha-es-1516115476,vila-velha,itapua,1,65.0,2,1,1,1,1,1,0,0,0,2800.0,0
1516113368,https://es.olx.com.br/norte-do-espirito-santo/imoveis/apartamento-com-3-quartos-para-alugar-100-m-praia-da-costa-vila-velha-es-1516113368,vila-velha,praia-da-costa,1,100.0,3,2,1,0,0,0,0,0,0,3800.0,0
1516113214,https://es.olx.com.br/norte-do-espirito-santo/imoveis/apartamento-com-2-quartos-para-alugar-60-m-coqueiral-de-itaparica-vila-velha-es-1516113214,vila-velha,coqueiral-de-itaparica,1,60.0,2,1,1,0,0,1,0,1,1,2000.0,0
1516111653,https://es.olx.com.br/norte-do-espirito-santo/imoveis/apartamento-com-2-quartos-para-alugar-50-m-coqueiral-de-itaparica-vila-velha-es-1516111653,vila-velha,coqueiral-de-itaparica,1,50.0,2,1,1,0,0,1,0,0,0,2000.0,0
1516109031,https://es.olx.com.br/norte-do-espirito-santo/imoveis/apartamento-para-alugar-no-bairro-jardim-camburi-vitoria-es-1516109031,vitoria,jardim-camburi,1,60.0,2,1,1,0,0,0,0,0,0,2600.0,0
1506494550,https://es.olx.com.br/norte-do-espirito-santo/imoveis/imovel-comercial-premium-600m-vista-canal-jardim-da-penha-1506494550,vitoria,pontal-de-camburi,0,620.0,4,5,5,0,0,0,0,0,1,20000.0,0
1516106320,https://es.olx.com.br/norte-do-espirito-santo/imoveis/aluga-se-apartamento-02-quartos-com-01-suite-mobiliado-na-praia-do-canto-1516106320,vitoria,praia-do-canto,1,72.0,2,2,1,0,0,0,1,1,1,5000.0,0
1516106136,https://es.olx.com.br/norte-do-espirito-santo/imoveis/aluguel-no-condominio-vista-do-bosque-1516106136,serra,residencial-centro-da-serra,1,44.0,2,1,1,1,0,1,1,0,0,1700.0,0
1516105890,https://es.olx.com.br/norte-do-espirito-santo/imoveis/apartamento-mobiliado-e-decorado-para-locacao-na-praia-do-canto-1516105890,vitoria,praia-do-canto,1,88.0,2,2,1,1,0,0,0,0,1,6000.0,0
1455650830,https://es.olx.com.br/norte-do-espirito-santo/imoveis/casa-duplex-de-alto-padrao-3-suites-no-boulevard-lagoa-1455650830,serra,boulevard-lagoa,0,286.0,3,5,4,0,0,1,0,1,0,10000.0,0
1516093325,https://es.olx.com.br/norte-do-espirito-santo/imoveis/apartamento-com-2-dormitorios-para-alugar-praia-de-itapoa-1516093325,vila-velha,itapua,1,80.0,2,2,2,0,0,1,0,0,1,4400.0,0
1516092988,https://es.olx.com.br/norte-do-espirito-santo/imoveis/apartamento-residencial-em-vitoria-es-jardim-camburi-1516092988,vitoria,jardim-camburi,1,38.0,1,1,0,1,1,1,1,0,0,2400.0,1
1516092882,https://es.olx.com.br/norte-do-espirito-santo/imoveis/aluguel-anual-casa-linear-em-santa-monica-2-quartos-1-suite-2-salas-2-banheiros-2-v-1516092882,guarapari,santa-monica,0,70.0,2,2,2,0,0,0,0,1,0,2200.0,0
1477473515,https://es.olx.com.br/norte-do-espirito-santo/imoveis/uma-obra-prima-frente-ao-mar-de-itaparica-1477473515,vila-velha,praia-de-itaparica,1,182.0,2,3,3,0,1,1,1,1,1,20000.0,0
1516090323,https://es.olx.com.br/norte-do-espirito-santo/imoveis/apartamento-com-3-dormitorios-para-alugar-100-m-praia-da-costa-vila-velha-es-1516090323,vila-velha,praia-da-costa,1,100.0,3,3,2,0,0,1,0,1,0,5200.0,0
1516088393,https://es.olx.com.br/norte-do-espirito-santo/imoveis/apartamento-em-coqueiral-de-itaparica-vila-velha-1516088393,vila-velha,coqueiral-de-itaparica,1,75.0,3,2,1,0,0,0,0,0,0,2500.0,0
1516088384,https://es.olx.com.br/norte-do-espirito-santo/imoveis/apartamento-para-locacao-em-colina-de-laranjeiras-serra-2-dormitorios-e-43m-1516088384,serra,colina-de-laranjeiras,1,43.0,2,1,1,1,0,1,0,0,0,2200.0,0
1516088355,https://es.olx.com.br/norte-do-espirito-santo/imoveis/apartamento-para-locacao-em-itapua-vila-velha-85m-1516088355,vila-velha,itapua,1,85.0,2,2,2,1,1,1,1,1,1,4500.0,0
1516088274,https://es.olx.com.br/norte-do-espirito-santo/imoveis/aluguel-4-quartos-suite-na-quadra-do-mar-mata-da-praia-vitoria-es-1516088274,vitoria,mata-da-praia,1,127.0,4,2,2,1,1,1,0,1,0,6500.0,0
1516087909,https://es.olx.com.br/norte-do-espirito-santo/imoveis/apartamento-3-dormitorios-para-venda-e-locacao-em-vila-velha-es-1516087909,vila-velha,praia-de-itaparica,1,76.0,3,2,1,0,1,0,0,0,0,2200.0,0
1516083255,https://es.olx.com.br/norte-do-espirito-santo/imoveis/apartamento-2-quartos-cond-civit-a3-em-morada-de-laranjeiras-1516083255,serra,morada-de-laranjeiras,1,45.0,2,1,1,0,1,1,0,0,0,1800.0,0
1516083169,https://es.olx.com.br/norte-do-espirito-santo/imoveis/apartamento-para-locacao-em-morada-de-laranjeiras-cond-cooplares-3-andar-1516083169,serra,morada-de-laranjeiras,1,45.0,2,1,1,0,1,1,0,0,0,1600.0,0
1516083166,https://es.olx.com.br/norte-do-espirito-santo/imoveis/apartamento-03-quartos-130-m-locacao-1516083166,serra,parque-residencial-laranjeiras,1,130.0,3,1,2,0,0,0,0,1,0,2600.0,0
1516078207,https://es.olx.com.br/norte-do-espirito-santo/imoveis/apartamento-para-locacao-praia-de-itaparica-vila-velha-1516078207,vila-velha,praia-de-itaparica,1,85.0,3,3,2,0,0,0,0,0,0,3400.0,0
1516077737,https://es.olx.com.br/norte-do-espirito-santo/imoveis/casa-com-3-dormitorios-para-alugar-130-m-por-r-5-850-00-mes-morada-de-laranjeiras-s-1516077737,serra,morada-de-laranjeiras,0,130.0,3,3,2,0,0,1,0,0,0,5850.0,0
1516077574,https://es.olx.com.br/norte-do-espirito-santo/imoveis/apartamento-com-2-dormitorios-para-alugar-47-m-por-r-2-600-00-mes-morada-de-laranjeir-1516077574,serra,morada-de-laranjeiras,1,48.0,2,1,1,0,1,1,1,1,0,2600.0,0
1516077250,https://es.olx.com.br/norte-do-espirito-santo/imoveis/apartamento-com-3-quartos-para-alugar-120m-por-r-7-600-mes-praia-de-itaparica-vila-1516077250,vila-velha,praia-de-itaparica,1,120.0,3,2,2,0,0,1,0,1,0,6500.0,0
1516075988,https://es.olx.com.br/norte-do-espirito-santo/imoveis/alugo-apartamento-vista-do-limoeiro-todo-mobiliado-1516075988,serra,sao-diogo-ii,1,47.0,2,1,1,1,1,1,1,0,1,1900.0,0
1512331386,https://es.olx.com.br/norte-do-espirito-santo/imoveis/excelente-casa-no-ibes-terreo-1512331386,vila-velha,ibes,1,80.0,2,2,0,0,0,0,0,1,0,2200.0,1
1485293754,https://es.olx.com.br/norte-do-espirito-santo/imoveis/apartamento-a-locacao-incluso-a-taxa-condominial-em-bicanga-serra-es-1485293754,serra,bicanga,1,75.0,2,1,1,0,0,0,0,0,0,1800.0,0
1500666758,https://es.olx.com.br/norte-do-espirito-santo/imoveis/4-aptos-alugo-apartamento-2-ou-3-quartos-primeira-locacao-cond-clube-1500666758,vila-velha,praia-de-itaparica,1,59.0,2,2,1,1,1,1,0,1,0,3200.0,0
1516060734,https://es.olx.com.br/norte-do-espirito-santo/imoveis/apt-de-03-quartos-em-itapoa-vila-velha-1516060734,vila-velha,itapua,1,80.0,3,2,1,0,0,0,0,0,0,1780.0,0
1514640564,https://es.olx.com.br/norte-do-espirito-santo/imoveis/apartamento-para-aluguel-tem-37-metros-quadrados-com-1-quarto-1514640564,serra,conjunto-carapina-i,1,37.0,1,1,0,0,0,0,0,0,1,2470.0,1
1514526088,https://es.olx.com.br/norte-do-espirito-santo/imoveis/alugo-apto-3-4-com-suite-02-vagas-de-garagem-r-4-000-00-incluso-condominio-e-agua-1514526088,serra,colina-de-laranjeiras,1,110.0,3,2,2,0,0,0,0,1,1,4000.0,0
1516054828,https://es.olx.com.br/norte-do-espirito-santo/imoveis/alugo-apartamento-em-atlantica-ville-jardim-camburi-1516054828,vitoria,jardim-camburi,1,70.0,2,1,5,1,0,0,0,0,0,2500.0,0
1516053338,https://es.olx.com.br/norte-do-espirito-santo/imoveis/vila-velha-apartamento-ed-antonio-carneiro-maia-praia-da-costa-1516053338,vila-velha,praia-da-costa,1,122.0,3,3,0,0,0,0,0,0,0,5900.0,1
1516041379,https://es.olx.com.br/norte-do-espirito-santo/imoveis/aluga-se-apartamento-em-estancia-monazitica-jacaraipe-50-m2-1-quarto-sala-cozinha-1-vaga-1516041379,serra,estancia-monazitica,1,50.0,1,1,1,0,0,0,0,0,0,1600.0,0
1516039335,https://es.olx.com.br/norte-do-espirito-santo/imoveis/casa-3-quartos-com-suite-em-morada-de-laranjeiras-condominio-via-ferrara-1516039335,serra,morada-de-laranjeiras,0,106.0,3,3,2,0,0,0,0,0,0,4500.0,0
1516038838,https://es.olx.com.br/norte-do-espirito-santo/imoveis/apartamento-2-quartos-com-armarios-e-lazer-completo-em-morada-de-laranjeiras-con-via-so-1516038838,serra,morada-de-laranjeiras,1,48.0,2,1,1,0,0,0,0,0,0,2600.0,0
1516038521,https://es.olx.com.br/norte-do-espirito-santo/imoveis/apartamento-2-quartos-totalmente-mobiliado-em-maringa-vista-de-barcelona-1516038521,serra,maringa,1,50.0,2,1,1,1,1,1,0,0,1,2500.0,0
1514487356,https://es.olx.com.br/norte-do-espirito-santo/imoveis/alugo-apartamento-mobiliado-1514487356,vitoria,jardim-da-penha,1,65.0,2,1,0,0,0,0,0,0,0,3600.0,1
1516029988,https://es.olx.com.br/norte-do-espirito-santo/imoveis/alugo-qto-e-sala-elev-varanda-elevador-1516029988,vitoria,mata-da-praia,1,60.0,1,1,1,1,1,1,0,1,0,2300.0,0
1516030271,https://es.olx.com.br/norte-do-espirito-santo/imoveis/casa-com-piscina-e-churrasqueira-4-quartos-em-mata-da-praia-vitoria-es-1516030271,vitoria,mata-da-praia,0,283.0,4,5,4,0,0,1,0,1,0,12000.0,0
1476079978,https://es.olx.com.br/norte-do-espirito-santo/imoveis/cobertura-duplex-para-alugar-em-jardim-camburi-3-suites-1476079978,vitoria,jardim-camburi,1,206.0,3,3,2,1,0,1,1,1,0,7000.0,0
1516027718,https://es.olx.com.br/norte-do-espirito-santo/imoveis/alugo-apartamento-1516027718,serra,barcelona,1,70.0,2,1,0,0,0,0,0,0,0,1600.0,1
1516025633,https://es.olx.com.br/norte-do-espirito-santo/imoveis/1-quarto-porteira-fechada-em-jardim-camburi-1516025633,vitoria,jardim-camburi,1,35.0,1,1,1,1,0,0,0,1,0,3200.0,0
1516022458,https://es.olx.com.br/norte-do-espirito-santo/imoveis/apartamento-no-ibes-com-1-quarto-1516022458,vila-velha,ibes,1,60.0,1,1,0,0,0,0,0,0,0,1300.0,0
1516020470,https://es.olx.com.br/norte-do-espirito-santo/imoveis/imovel-para-aluguel-tem-45-metros-quadrados-com-2-quartos-em-praia-da-baleia-serra-es-1516020470,serra,praia-da-baleia,1,45.0,2,1,1,1,1,1,0,0,0,1800.0,0
1516017754,https://es.olx.com.br/norte-do-espirito-santo/imoveis/kitinet-com-mobilia-1516017754,vitoria,nazareth,1,0.0,1,1,0,0,0,0,0,0,1,1200.0,0
1516013645,https://es.olx.com.br/norte-do-espirito-santo/imoveis/imovel-para-aluguel-com-74-metros-quadrados-com-3-quartos-em-sao-judas-tadeu-guarapari-1516013645,guarapari,sao-judas-tadeu,1,74.0,3,5,1,0,0,0,0,0,0,3200.0,0
1516012117,https://es.olx.com.br/norte-do-espirito-santo/imoveis/casa-com-3-quartos-garagem-serra-sede-1516012117,serra,maria-niobe,0,120.0,3,2,0,0,0,0,0,0,0,2500.0,1
1516011844,https://es.olx.com.br/norte-do-espirito-santo/imoveis/casa-em-barcelona-segundo-andar-1516011844,serra,barcelona,0,65.0,2,1,0,0,0,0,0,0,0,1800.0,0
1508477014,https://es.olx.com.br/norte-do-espirito-santo/imoveis/kit-net-disponivel-para-locacao-1508477014,vila-velha,vale-encantado,1,30.0,1,1,0,0,0,0,0,0,0,900.0,1
1514713895,https://es.olx.com.br/norte-do-espirito-santo/imoveis/apartamento-para-locacao-em-jardim-camburi-conforto-e-excelente-localizacao-1514713895,vitoria,jardim-camburi,1,80.0,2,2,1,1,0,1,0,1,0,5200.0,0
1516007726,https://es.olx.com.br/norte-do-espirito-santo/imoveis/studio-finamente-mobiliado-na-praia-d-ule-1516007726,serra,alterosas,1,17.0,1,1,0,0,0,0,0,1,1,1950.0,0
1516006586,https://es.olx.com.br/norte-do-espirito-santo/imoveis/aluga-se-kitnet-em-vitoria-es-1516006586,vitoria,universitario,1,30.0,1,1,0,0,0,0,0,0,0,1000.0,1
1450634622,https://es.olx.com.br/norte-do-espirito-santo/imoveis/imovel-para-aluguel-e-venda-possui-98-metros-quadrados-com-3-quartos-1450634622,guarapari,praia-do-morro,1,98.0,3,1,1,0,0,0,0,0,0,4000.0,0
1516002646,https://es.olx.com.br/norte-do-espirito-santo/imoveis/chale-com-area-de-lazer-e-acesso-a-lagoa-1516002646,guarapari,nova-guarapari,0,800.0,2,3,2,0,0,1,0,1,1,3000.0,0
1516000386,https://es.olx.com.br/norte-do-espirito-santo/imoveis/aluga-se-casa-mobiliada-para-moca-1516000386,vila-velha,boa-vista-i,0,30.0,1,1,0,0,0,0,0,0,1,1300.0,0
1515997061,https://es.olx.com.br/norte-do-espirito-santo/imoveis/alugo-apartamento-somente-para-empresa-1515997061,serra,bicanga,1,110.0,2,1,0,0,0,0,0,0,0,2500.0,1
1506302454,https://es.olx.com.br/norte-do-espirito-santo/imoveis/imovel-para-aluguel-e-venda-com-700-metros-quadrados-com-5-quartos-em-centro-guarapari-1506302454,guarapari,centro,0,700.0,5,5,5,0,0,0,0,0,0,9000.0,0
1515994389,https://es.olx.com.br/norte-do-espirito-santo/imoveis/oportunidade-de-02-quartos-em-jd-camburi-1515994389,vitoria,jardim-camburi,1,70.0,2,2,1,0,0,0,0,0,0,2800.0,0
1515985542,https://es.olx.com.br/norte-do-espirito-santo/imoveis/apartamento-terreo-com-3-quartos-prox-estadio-rio-branco-campo-grande-cariacica-1515985542,cariacica,rio-branco,1,70.0,3,2,0,0,0,0,0,1,0,1300.0,0
1515986720,https://es.olx.com.br/norte-do-espirito-santo/imoveis/aluguel-3-quartos-nas-castanhas-1515986720,vila-velha,praia-da-costa,1,100.0,3,3,2,1,1,1,0,1,0,5000.0,0
1515985620,https://es.olx.com.br/norte-do-espirito-santo/imoveis/apartamento-para-alugar-em-serra-colina-de-laranjeiras-com-2-quartos-com-55-m-parque-1515985620,serra,colina-de-laranjeiras,1,55.0,2,1,1,0,1,1,0,0,0,2090.0,0
1515976734,https://es.olx.com.br/norte-do-espirito-santo/imoveis/alugo-apartamento-no-cond-vista-de-barcelona-em-porto-canoa-1515976734,serra,civit-i,1,50.0,2,2,1,1,1,1,0,0,0,2300.0,0
1499781503,https://es.olx.com.br/norte-do-espirito-santo/imoveis/alugo-apartamento-mobiliado-em-colina-de-vila-velha-1499781503,vila-velha,ataide,1,65.0,2,1,0,0,0,0,0,0,0,2900.0,1
1512509805,https://es.olx.com.br/norte-do-espirito-santo/imoveis/kitnet-praia-de-gaivotas-vv-1512509805,vila-velha,praia-das-gaivotas,0,30.0,1,1,0,0,0,0,0,0,1,1300.0,1
1515974852,https://es.olx.com.br/norte-do-espirito-santo/imoveis/alugo-apt-2-quarto-centro-de-campo-grande-1515974852,cariacica,campo-grande,1,60.0,2,1,0,0,0,0,0,1,0,1200.0,1
1475469317,https://es.olx.com.br/norte-do-espirito-santo/imoveis/casa-a-locacao-em-valparaiso-serra-es-1475469317,serra,valparaiso,0,70.0,2,1,4,0,0,0,0,0,0,3500.0,0
1511170769,https://es.olx.com.br/norte-do-espirito-santo/imoveis/quarto-e-sala-desocupado-na-praia-da-costa-pronto-para-morar-com-vaga-de-garagem-1511170769,vila-velha,praia-da-costa,1,35.0,1,1,1,1,1,0,0,1,0,2200.0,0
1515963792,https://es.olx.com.br/norte-do-espirito-santo/imoveis/kitnet-mobiliada-1515963792,vila-velha,santa-paula-ii,1,20.0,1,1,0,0,0,0,0,0,1,1500.0,0
1482604145,https://es.olx.com.br/norte-do-espirito-santo/imoveis/2-quartos-mobiliado-sol-da-manha-1482604145,serra,castelandia,1,60.0,2,1,1,1,1,1,1,1,1,2600.0,0
1515957271,https://es.olx.com.br/norte-do-espirito-santo/imoveis/linda-casa-duplex-em-gaivotas-com-area-gourmet-1515957271,vila-velha,santa-monica-popular,0,300.0,4,5,4,0,0,0,0,0,0,5500.0,0
1505305801,https://es.olx.com.br/norte-do-espirito-santo/imoveis/apartamento-com-4-quartos-para-alugar-250-m-praia-da-costa-vila-velha-es-1505305801,vila-velha,praia-da-costa,1,250.0,4,5,2,1,0,1,0,1,0,7500.0,0
1507220404,https://es.olx.com.br/norte-do-espirito-santo/imoveis/apartamento-com-3-quartos-para-alugar-72-m-praia-de-itaparica-vila-velha-es-1507220404,vila-velha,praia-de-itaparica,1,72.0,3,2,2,1,1,1,1,0,0,4000.0,0
1515954217,https://es.olx.com.br/norte-do-espirito-santo/imoveis/apartamento-2-quartos-reformado-para-aluguel-colina-de-laranjeiras-serra-es-1515954217,serra,colina-de-laranjeiras,1,47.0,2,1,1,1,1,1,0,0,0,2200.0,0
1510824230,https://es.olx.com.br/norte-do-espirito-santo/imoveis/apartamento-com-2-quartos-para-alugar-57-m-praia-de-itaparica-vila-velha-es-1510824230,vila-velha,sao-conrado,1,57.0,2,1,1,1,1,1,0,1,0,4000.0,0
1511701559,https://es.olx.com.br/norte-do-espirito-santo/imoveis/apartamento-com-2-quartos-para-alugar-58-m-itapua-vila-velha-es-1511701559,vila-velha,praia-da-costa,1,58.0,2,1,1,0,0,0,0,0,1,4500.0,0
1511954382,https://es.olx.com.br/norte-do-espirito-santo/imoveis/apartamento-com-3-quartos-para-alugar-105-m-praia-de-itapoa-vila-velha-es-1511954382,vila-velha,itapua,1,105.0,3,1,2,1,0,1,0,0,0,8500.0,0
1515955142,https://es.olx.com.br/norte-do-espirito-santo/imoveis/apartamento-mobiliado-jardim-da-penha-1515955142,vitoria,jardim-da-penha,1,65.0,2,1,1,0,0,0,0,0,1,3600.0,0
1515954826,https://es.olx.com.br/norte-do-espirito-santo/imoveis/apt-2-q-em-bicanga-pertinho-da-praia-1515954826,serra,bicanga,1,60.0,2,1,2,1,1,1,0,0,0,2350.0,0
1515953074,https://es.olx.com.br/norte-do-espirito-santo/imoveis/alugo-casa-em-laranjeiras-serra-1515953074,serra,sao-patricio,0,0.0,2,1,1,0,0,0,0,1,0,1600.0,0
1515868518,https://es.olx.com.br/norte-do-espirito-santo/imoveis/apartamento-mobiliado-para-aluguel-2-quartos-valparaiso-serra-es-1515868518,serra,valparaiso,1,55.0,2,2,1,1,1,1,1,1,1,3000.0,0
1504086948,https://es.olx.com.br/norte-do-espirito-santo/imoveis/apartamento-com-2-quartos-para-alugar-58-m-praia-de-itaparica-vila-velha-es-1504086948,vila-velha,praia-de-itaparica,1,58.0,2,2,1,0,0,1,0,0,0,2600.0,0
1515947276,https://es.olx.com.br/norte-do-espirito-santo/imoveis/alugo-apartamento-mobiliado-01-quarto-sla-1-andar-jardim-da-penha-1515947276,vitoria,jardim-da-penha,1,45.0,1,1,1,0,0,0,0,0,1,2500.0,0
1502053593,https://es.olx.com.br/norte-do-espirito-santo/imoveis/apartamento-proximo-a-praia-jardim-camburi-1502053593,vitoria,jardim-camburi,1,62.0,2,2,1,1,1,1,0,1,0,3500.0,0
1515942645,https://es.olx.com.br/norte-do-espirito-santo/imoveis/apartamento-para-aluguel-4-quartos-2-suites-3-vagas-itapua-vila-velha-es-1515942645,vila-velha,itapua,1,169.0,4,4,3,0,1,1,0,0,0,11500.0,0
1515941613,https://es.olx.com.br/norte-do-espirito-santo/imoveis/aluguel-3-quartos-c-suite-120m-e-2-quadra-do-mar-praia-da-costa-1515941613,vila-velha,praia-da-costa,1,120.0,3,3,2,0,1,1,0,0,0,4300.0,0
1515940417,https://es.olx.com.br/norte-do-espirito-santo/imoveis/apartamento-02-quartos-barcelona-serra-es-1515940417,serra,barcelona,1,75.0,2,1,0,0,0,0,0,0,0,1300.0,0
1515940162,https://es.olx.com.br/norte-do-espirito-santo/imoveis/aluguel-2-quartos-c-suite-andar-alto-e-lazer-clube-praia-de-itaparica-1515940162,vila-velha,praia-de-itaparica,1,60.0,2,2,1,1,1,1,1,0,0,2500.0,0
1499305189,https://es.olx.com.br/norte-do-espirito-santo/imoveis/apartamento-de-dois-quartos-1499305189,serra,morada-de-laranjeiras,1,56.0,2,2,1,1,1,1,0,1,0,1800.0,0
1480403224,https://es.olx.com.br/norte-do-espirito-santo/imoveis/2-quartos-com-suite-100-mobiliado-varanda-integrada-2-vagas-a-poucos-passos-do-m-1480403224,vila-velha,praia-de-itaparica,1,76.0,2,2,2,1,1,1,1,1,1,4000.0,0
1512224761,https://es.olx.com.br/norte-do-espirito-santo/imoveis/apartamento-jardim-camburi-cod-r-023-1512224761,vitoria,jardim-camburi,1,60.0,2,1,1,0,0,1,0,0,0,2615.0,0
1478693751,https://es.olx.com.br/norte-do-espirito-santo/imoveis/casa-para-aluguel-com-580-metros-quadrados-em-praia-do-canto-vitoria-espirito-santo-1478693751,vitoria,praia-do-canto,0,580.0,0,4,0,0,0,0,0,0,0,40000.0,1
1515924746,https://es.olx.com.br/norte-do-espirito-santo/imoveis/alugo-apto-2-quartos-santa-ines-1515924746,vila-velha,santa-ines,1,80.0,2,1,0,0,0,0,0,1,0,1621.0,0
1515924063,https://es.olx.com.br/norte-do-espirito-santo/imoveis/apartamento-2-quartos-avenida-oceanica-praia-do-morro-1515924063,guarapari,praia-do-morro,1,60.0,2,1,1,1,1,0,0,1,1,2700.0,0
1515920229,https://es.olx.com.br/norte-do-espirito-santo/imoveis/casa-em-ponta-da-fruta-aluguel-1515920229,guarapari,recanto-da-sereia,0,66.0,2,1,1,0,0,0,0,0,0,2000.0,0
1462581911,https://es.olx.com.br/norte-do-espirito-santo/imoveis/habitacao-imobiliaria-aluga-apt-3-quartos-mata-praia-1462581911,vitoria,mata-da-praia,1,150.0,3,3,2,1,1,1,1,1,0,7000.0,0
1508321844,https://es.olx.com.br/norte-do-espirito-santo/imoveis/apartamento-3-quartos-suite-3-vagas-proximo-de-campo-grande-1508321844,cariacica,sao-geraldo-ii,1,130.0,3,2,3,0,0,0,0,1,0,1790.0,0
1452972551,https://es.olx.com.br/norte-do-espirito-santo/imoveis/habitacao-imobiliaria-aluga-apartamento-4-quartos-ed-malaga-praia-camburi-1452972551,vitoria,jardim-da-penha,1,120.0,3,2,2,1,0,1,0,1,0,6000.0,0
1515910844,https://es.olx.com.br/norte-do-espirito-santo/imoveis/apartamento-2-quqrtos-com-suite-mobiliado-para-locacao-condominio-veredas-buritis-1515910844,serra,parque-residencial-laranjeiras,1,65.0,2,2,1,1,1,1,1,1,1,2800.0,0
1498816402,https://es.olx.com.br/norte-do-espirito-santo/imoveis/casa-bicanga-praia-casa-grande-com-piscina-1498816402,serra,bicanga,0,600.0,5,4,3,0,0,1,0,1,0,3500.0,0
1515905764,https://es.olx.com.br/norte-do-espirito-santo/imoveis/apartamento-2-quartos-mobiliado-na-praia-da-costa-proximo-ao-shopping-1515905764,vila-velha,praia-da-costa,1,75.0,2,2,1,1,0,0,0,1,1,3000.0,0
1511513025,https://es.olx.com.br/norte-do-espirito-santo/imoveis/otimo-apto-2-qtos-suite-65-m2-02-vagas-garagem-excelente-localizacao-rua-tranquila-1511513025,vitoria,mata-da-praia,1,65.0,2,2,2,1,0,1,0,1,0,3480.0,0
1498019708,https://es.olx.com.br/norte-do-espirito-santo/imoveis/apartamento-1-quarto-mobiliado-barro-vermelho-1498019708,vitoria,barro-vermelho,1,43.0,1,1,1,1,1,1,1,1,1,3200.0,0
1514325127,https://es.olx.com.br/norte-do-espirito-santo/imoveis/casa-mata-da-praia-locacao-1514325127,vitoria,mata-da-praia,0,250.0,4,4,4,0,0,0,0,1,0,11000.0,0
1515888237,https://es.olx.com.br/norte-do-espirito-santo/imoveis/linda-casa-duplex-mobiliada-locacao-1515888237,serra,boulevard-lagoa,0,310.0,4,5,4,0,0,1,0,0,0,15000.0,0
1515873042,https://es.olx.com.br/norte-do-espirito-santo/imoveis/imovel-para-aluguel-possui-78-metros-quadrados-com-3-quartos-em-jardim-camburi-vitoria-1515873042,vitoria,jardim-camburi,1,78.0,3,1,2,0,0,0,0,0,1,4000.0,0
1453110155,https://es.olx.com.br/norte-do-espirito-santo/imoveis/sol-da-manha-mobiliado-jardim-camburi-1453110155,vitoria,jardim-camburi,1,110.0,3,2,2,1,0,1,0,1,1,4990.0,0
1464634701,https://es.olx.com.br/norte-do-espirito-santo/imoveis/kit-net-1464634701,vila-velha,ilha-da-conceicao,1,30.0,1,1,0,0,0,0,0,0,0,1000.0,0
1410487599,https://es.olx.com.br/norte-do-espirito-santo/imoveis/95m-com-vista-mar-j-camburi-1410487599,vitoria,jardim-camburi,1,95.0,3,2,2,1,1,1,1,1,1,4990.0,0
1515878929,https://es.olx.com.br/norte-do-espirito-santo/imoveis/apartamento-completamente-reformado-com-185m-na-quadra-do-mar-praia-da-costa-1515878929,vila-velha,praia-da-costa,1,185.0,3,3,1,1,1,1,0,0,0,5000.0,0
1515878427,https://es.olx.com.br/norte-do-espirito-santo/imoveis/apartamento-4-quartos-160m-2-suites-2-vagas-praia-da-costa-lazer-completo-1515878427,vila-velha,praia-da-costa,1,160.0,4,4,2,1,1,1,0,0,0,5500.0,0
1496040296,https://es.olx.com.br/norte-do-espirito-santo/imoveis/pertinho-do-mar-2-quartos-com-elevador-lazer-e-garagem-2-850-00-incluso-condominio-1496040296,vila-velha,itapua,1,70.0,2,2,1,1,1,1,0,1,0,2850.0,0
1482261980,https://es.olx.com.br/norte-do-espirito-santo/imoveis/3-quartos-em-porto-canoa-locacao-vista-de-porto-canoa-1482261980,serra,valparaiso,1,53.0,3,1,1,1,1,1,1,0,0,2000.0,0
1493403501,https://es.olx.com.br/norte-do-espirito-santo/imoveis/alugo-casa-duplex-guarapari-1493403501,guarapari,praia-do-morro,0,95.0,2,3,1,0,0,0,0,1,0,2500.0,0
1515855757,https://es.olx.com.br/norte-do-espirito-santo/imoveis/aluguel-apartamento-em-jardim-camburi-ed-allegro-r-2-795-00-1515855757,vitoria,jardim-camburi,1,58.0,2,1,1,1,1,1,1,1,0,2795.0,0
1515862606,https://es.olx.com.br/norte-do-espirito-santo/imoveis/alugo-apartamento-2-quartos-1-suite-1-vaga-lazer-completo-na-cobertura-praia-de-itapoa-1515862606,vila-velha,itapua,1,87.0,2,2,1,1,0,1,0,1,0,3400.0,0
1515860136,https://es.olx.com.br/norte-do-espirito-santo/imoveis/alugo-casa-com-quintal-1515860136,cariacica,cariacica-sede,0,250.0,2,1,2,0,0,0,0,0,0,1000.0,0
1515854134,https://es.olx.com.br/norte-do-espirito-santo/imoveis/kitnet-1515854134,vitoria,maria-ortiz,1,30.0,1,1,0,0,0,0,0,0,0,1500.0,1
1506902520,https://es.olx.com.br/norte-do-espirito-santo/imoveis/apartamento-mobiliado-praia-da-costa-1506902520,vila-velha,praia-da-costa,1,80.0,2,2,1,1,1,0,0,0,1,4000.0,0
1515839762,https://es.olx.com.br/norte-do-espirito-santo/imoveis/casa-nao-paga-luz-agua-nem-internet-1515839762,viana,vale-do-sol,0,26.0,1,1,0,0,0,0,0,0,0,850.0,0
1515831244,https://es.olx.com.br/norte-do-espirito-santo/imoveis/imovel-para-aluguel-com-120-metros-quadrados-com-3-quartos-em-praia-do-morro-guarapari-1515831244,guarapari,praia-do-morro,1,120.0,3,3,1,0,0,0,0,0,0,4000.0,0
1506218629,https://es.olx.com.br/norte-do-espirito-santo/imoveis/livia-machado-imoveis-aluga-apartamento-mobiliado-3-quartos-com-lazer-completo-em-jardim-l-1506218629,serra,jardim-limoeiro,1,75.0,3,2,1,1,1,1,1,1,1,4000.0,0
1513669115,https://es.olx.com.br/norte-do-espirito-santo/imoveis/apartamento-a-locacao-em-morada-de-laranjeiras-serra-es-1513669115,serra,morada-de-laranjeiras,1,45.0,2,1,1,1,0,1,0,1,0,1800.0,0
1515790234,https://es.olx.com.br/norte-do-espirito-santo/imoveis/kit-net-1515790234,cariacica,campo-grande,1,0.0,1,1,0,0,0,0,0,0,1,1000.0,0
1514233111,https://es.olx.com.br/norte-do-espirito-santo/imoveis/apt-no-ed-alta-vila-praia-das-gaivotas-02-quartos-1514233111,vila-velha,praia-das-gaivotas,1,57.0,2,2,1,1,1,1,0,0,0,2500.0,0
1488667169,https://es.olx.com.br/norte-do-espirito-santo/imoveis/apartamento-2-quartos-com-suite-em-itapua-1488667169,vila-velha,itapua,1,62.0,2,2,1,1,0,1,0,1,0,2800.0,0
1515678232,https://es.olx.com.br/norte-do-espirito-santo/imoveis/alugo-apartamento-2-quartos-em-jardim-camburi-atlantica-ville-1515678232,vitoria,jardim-camburi,1,65.0,2,1,0,1,0,0,0,1,0,2150.0,0
1515773649,https://es.olx.com.br/norte-do-espirito-santo/imoveis/alugo-apto-em-laranjeiras-2-quartos-1515773649,serra,parque-residencial-laranjeiras,1,65.0,2,1,0,0,0,0,0,0,0,1210.0,0
1515758650,https://es.olx.com.br/norte-do-espirito-santo/imoveis/ape-3q-suite-lagoa-de-carapebus-1515758650,serra,lagoa-de-carapebus,1,80.0,3,2,1,0,0,0,0,1,0,1900.0,0
1494711578,https://es.olx.com.br/norte-do-espirito-santo/imoveis/casa-a-locacao-em-chacara-parreiral-serra-es-1494711578,serra,chacara-parreiral,0,257.0,5,5,5,0,0,0,0,1,0,12000.0,0
1515723962,https://es.olx.com.br/norte-do-espirito-santo/imoveis/apartamento-2q-e-varanda-morada-de-laranjeiras-1515723962,serra,morada-de-laranjeiras,1,42.0,2,1,1,0,1,1,1,1,0,2100.0,0
1514132439,https://es.olx.com.br/norte-do-espirito-santo/imoveis/aluga-se-apartamento-2-quartos-com-suite-em-valparaiso-1514132439,serra,colina-de-laranjeiras,1,55.0,2,2,1,1,1,1,1,1,0,2400.0,0
1514126726,https://es.olx.com.br/norte-do-espirito-santo/imoveis/apartamento-na-praia-do-morro-incluso-condominio-1514126726,guarapari,praia-do-morro,1,60000.0,2,2,1,1,1,1,0,1,0,2600.0,0
1515673970,https://es.olx.com.br/norte-do-espirito-santo/imoveis/casa-no-recanto-da-sereia-1515673970,guarapari,recanto-da-sereia,0,40.0,1,1,2,0,0,0,0,0,0,2500.0,0
1220409114,https://es.olx.com.br/norte-do-espirito-santo/imoveis/setiba-guarapari-casa-amarela-e-azul-para-hospedagem-1220409114,guarapari,setiba,0,250.0,4,3,3,0,0,1,0,1,0,1000.0,0
1515660281,https://es.olx.com.br/norte-do-espirito-santo/imoveis/imovel-para-aluguel-possui-74-metros-quadrados-com-3-quartos-em-sao-judas-tadeu-guarapar-1515660281,guarapari,sao-judas-tadeu,1,74.0,3,5,1,0,0,0,0,0,0,3200.0,0
1515657428,https://es.olx.com.br/norte-do-espirito-santo/imoveis/apartamento-para-locacao-anual-com-2-dormitorios-1515657428,guarapari,praia-do-morro,1,63.0,2,1,1,0,0,0,0,0,1,2100.0,0
1502071766,https://es.olx.com.br/norte-do-espirito-santo/imoveis/apartamento-com-2-dormitorios-para-alugar-60-m-por-r-1-700-00-mes-residenci-1502071766,serra,residencial-vista-do-mestre,1,60.0,2,1,1,1,0,1,0,1,0,1700.0,0
1515638952,https://es.olx.com.br/norte-do-espirito-santo/imoveis/oportunidade-aluguel-3-quartos-no-ed-h12-em-coqueiral-1515638952,vila-velha,coqueiral-de-itaparica,1,100.0,3,2,1,1,1,1,1,0,0,3200.0,0
1512578212,https://es.olx.com.br/norte-do-espirito-santo/imoveis/casa-em-novo-porto-canoa-para-locacao-3-quartos-com-suite-1512578212,serra,novo-porto-canoa,0,120.0,3,2,0,0,0,0,0,1,0,2300.0,1
1515628403,https://es.olx.com.br/norte-do-espirito-santo/imoveis/imovel-para-aluguel-possui-120-metros-quadrados-com-3-quartos-em-praia-do-morro-guarapar-1515628403,guarapari,praia-do-morro,1,120.0,3,3,1,0,0,0,0,0,0,4000.0,0
1476231155,https://es.olx.com.br/norte-do-espirito-santo/imoveis/apartamento-1-quarto-mobiliado-1476231155,guarapari,jardim-boa-vista,1,30.0,1,1,1,0,0,0,0,0,1,2000.0,0
1515621570,https://es.olx.com.br/norte-do-espirito-santo/imoveis/alugo-ap-de-3-quartos-com-72-m2-r-carlos-alves-170-bento-ferreiro-lazer-completo-1515621570,vitoria,bento-ferreira,1,72.0,3,2,1,1,1,1,0,0,0,3100.0,0
1515605789,https://es.olx.com.br/norte-do-espirito-santo/imoveis/alugo-apt-de-1quarto-em-jardim-america-cariacica-1515605789,cariacica,jardim-america,1,45.0,1,1,1,0,0,0,0,1,0,1100.0,0
1515602970,https://es.olx.com.br/norte-do-espirito-santo/imoveis/locacao-apartamento-2-quartos-castelandia-serra-1515602970,serra,conjunto-jacaraipe,1,52.0,2,1,1,1,0,1,0,0,0,1300.0,0
1515582761,https://es.olx.com.br/norte-do-espirito-santo/imoveis/aluguel-casa-3-quartos-em-serra-dourara-3-1515582761,serra,serra-dourada-iii,0,65.0,3,1,1,0,0,0,0,1,0,2100.0,0
1515568731,https://es.olx.com.br/norte-do-espirito-santo/imoveis/aluguel-coberturas-guarapari-es-1515568731,guarapari,centro,1,200.0,5,5,2,0,0,0,0,0,0,5000.0,0
1515562627,https://es.olx.com.br/norte-do-espirito-santo/imoveis/casa-de-3-andares-com-5-quartos-1-suite-terraco-e-garagem-ampla-1515562627,vila-velha,aribiri,0,350.0,5,3,3,0,0,0,0,1,0,3600.0,0
1514395924,https://es.olx.com.br/norte-do-espirito-santo/imoveis/apartamento-com-3-quartos-para-alugar-100m-praia-da-costa-1514395924,vila-velha,praia-da-costa,1,100.0,3,3,2,0,1,1,1,0,0,5000.0,0
1515560651,https://es.olx.com.br/norte-do-espirito-santo/imoveis/apartamento-mobiliado-2-quartos-suite-lazer-completo-300-m-da-praia-de-itaparica-1515560651,vila-velha,praia-de-itaparica,1,69.0,2,2,1,1,1,1,1,1,1,3200.0,0
1507550153,https://es.olx.com.br/norte-do-espirito-santo/imoveis/apartamento-em-jardim-da-penha-1507550153,vitoria,jardim-da-penha,1,70.0,2,2,1,0,0,0,0,0,0,2700.0,0
1515552755,https://es.olx.com.br/norte-do-espirito-santo/imoveis/casa-para-locacao-na-ilha-dos-bentos-vila-velha-5-quartos-1515552755,vila-velha,ilha-dos-bentos,0,460.0,5,5,2,0,0,0,0,0,0,16000.0,0
1515552581,https://es.olx.com.br/norte-do-espirito-santo/imoveis/casa-no-jabour-vitoria-1515552581,vitoria,jabour,0,660.0,4,3,3,0,0,0,0,0,0,15000.0,0
1515552563,https://es.olx.com.br/norte-do-espirito-santo/imoveis/alugue-apartamento-3-quartos-na-praia-de-itaparica-vila-velha-1515552563,vila-velha,praia-de-itaparica,1,73.0,3,2,2,1,0,1,1,1,0,4000.0,0
1515552486,https://es.olx.com.br/norte-do-espirito-santo/imoveis/cobertura-em-mata-da-praia-vitoria-190m-3-dorms-1-suite-1515552486,vitoria,mata-da-praia,1,190.0,3,4,3,1,1,1,0,1,0,11000.0,0
1515552233,https://es.olx.com.br/norte-do-espirito-santo/imoveis/casa-em-novo-horizonte-serra-1515552233,serra,novo-horizonte,0,90.0,2,1,1,0,0,0,0,0,1,3300.0,0
1491023206,https://es.olx.com.br/norte-do-espirito-santo/imoveis/apartamento-para-aluguel-possui-65-metros-quadrados-com-2-quartos-1491023206,vitoria,bento-ferreira,1,65.0,2,2,1,1,1,1,1,0,1,5950.0,0
1515548889,https://es.olx.com.br/norte-do-espirito-santo/imoveis/aluguel-apartamento-2-quartos-com-varanda-condominio-via-mar-morada-de-laranjeiras-1515548889,serra,morada-de-laranjeiras,1,48.0,2,1,1,1,1,1,1,1,0,2200.0,0
1513505009,https://es.olx.com.br/norte-do-espirito-santo/imoveis/casa-duplex-3-quartos-suite-lazer-na-quadra-do-mar-praia-de-manguinhos-1513505009,serra,manguinhos,0,114.0,3,3,2,0,0,1,0,1,0,4250.0,0
1515543265,https://es.olx.com.br/norte-do-espirito-santo/imoveis/alugo-kitnet-jardim-asteca-com-agua-e-luz-1515543265,vila-velha,jardim-asteca,1,60.0,1,1,0,0,0,0,0,0,0,1000.0,0
1515542884,https://es.olx.com.br/norte-do-espirito-santo/imoveis/alugo-kitnet-itapoa-1515542884,vila-velha,itapua,0,30.0,1,1,0,0,0,0,0,0,0,750.0,0
1515541988,https://es.olx.com.br/norte-do-espirito-santo/imoveis/alugo-casa-em-olaria-1515541988,guarapari,olaria,0,250.0,3,2,2,0,0,0,0,1,1,1850.0,0
1515539938,https://es.olx.com.br/norte-do-espirito-santo/imoveis/apartamento-para-locacao-em-vitoria-enseada-do-sua-3-dormitorios-1-suite-2-banheiros-1515539938,vitoria,enseada-do-sua,1,108.0,3,2,2,0,0,0,0,0,0,6500.0,0
1515526481,https://es.olx.com.br/norte-do-espirito-santo/imoveis/aluga-se-casa-em-santa-teresa-vitoria-1515526481,vitoria,santa-tereza,0,115.0,2,2,1,0,0,0,0,1,0,2000.0,0
1515525859,https://es.olx.com.br/norte-do-espirito-santo/imoveis/alugo-apartamento-2-quartos-colina-de-laranjeiras-mobiliado-1515525859,serra,colina-de-laranjeiras,1,46.0,2,1,1,0,1,1,0,0,1,2500.0,0
1515524347,https://es.olx.com.br/norte-do-espirito-santo/imoveis/imovel-para-aluguel-com-50-metros-quadrados-com-2-quartos-em-aribiri-vila-velha-es-1515524347,vila-velha,aribiri,1,50.0,2,1,1,0,1,1,0,0,0,1900.0,0
1515523671,https://es.olx.com.br/norte-do-espirito-santo/imoveis/lindissimo-apartamento-01-quarto-e-demais-dependencias-nova-betania-viana-oportunidade-1515523671,viana,nova-bethania,1,45.0,1,1,0,0,0,0,0,1,0,1100.0,1
1513913281,https://es.olx.com.br/norte-do-espirito-santo/imoveis/apartamentos-11-e-12-ed-arpoador-itaparica-3-quartos-1513913281,vila-velha,soteco,1,80.0,3,2,2,1,1,1,1,1,0,4000.0,0
1515522854,https://es.olx.com.br/norte-do-espirito-santo/imoveis/apartamento-2-quartos-com-suite-para-alugar-em-santa-lucia-vitoria-es-1515522854,vitoria,santa-lucia,1,70.0,2,2,0,0,0,0,0,1,0,4000.0,1
1515519488,https://es.olx.com.br/norte-do-espirito-santo/imoveis/apartamento-finamente-mobiliado-em-praia-de-itaparica-1515519488,vila-velha,praia-de-itaparica,1,60.0,2,2,1,1,0,0,0,1,1,5000.0,0
1515519535,https://es.olx.com.br/norte-do-espirito-santo/imoveis/apartamento-para-aluguel-em-itapua-vila-velha-es-128m-ao-lado-do-supermercado-carone-1515519535,vila-velha,itapua,1,128.0,3,3,2,1,0,1,0,1,0,3900.0,0
1515503978,https://es.olx.com.br/norte-do-espirito-santo/imoveis/aluguel-2-quartos-60m--jardim-camburi-r-1-915-00-taxas-ref-r-036-1515503978,vitoria,jardim-camburi,1,60.0,2,1,0,1,0,0,0,0,0,1915.0,1
1513898896,https://es.olx.com.br/norte-do-espirito-santo/imoveis/alugo-apartamento-1513898896,serra,morada-de-laranjeiras,1,43.0,2,1,1,0,1,1,0,0,0,2200.0,0
1515496231,https://es.olx.com.br/norte-do-espirito-santo/imoveis/casa-1515496231,cariacica,itaquari,0,120.0,2,1,0,0,0,0,0,1,0,900.0,1
1486756331,https://es.olx.com.br/norte-do-espirito-santo/imoveis/casa-4-quartos-no-alphaville-jacuhy-vista-mestre-alvaro-1486756331,serra,jacuhy,0,388.0,4,5,2,0,1,1,1,0,0,15000.0,0
1515488189,https://es.olx.com.br/norte-do-espirito-santo/imoveis/apartamento-2-quartos-mobiliado-e-reformado-em-jardim-limoeiro-vila-gardenia-1515488189,serra,jardim-limoeiro,1,48.0,2,1,0,0,0,0,0,0,0,2200.0,1
1515487007,https://es.olx.com.br/norte-do-espirito-santo/imoveis/casa-duplex-4-quartos-ibes-1515487007,vila-velha,ibes,0,280.0,4,3,2,0,0,0,0,1,0,4500.0,0
1515486485,https://es.olx.com.br/norte-do-espirito-santo/imoveis/apartamento-para-aluguel-3-quartos-1-suite-2-vagas-praia-da-costa-vila-velha-es-1515486485,vila-velha,praia-da-costa,1,110.0,3,2,2,1,1,1,0,1,0,5300.0,0
1515483035,https://es.olx.com.br/norte-do-espirito-santo/imoveis/casa-para-alugar-no-bairro-enseada-do-sua-vitoria-es-1515483035,vitoria,enseada-do-sua,0,600.0,5,5,5,0,0,1,1,0,0,45000.0,0
1515482586,https://es.olx.com.br/norte-do-espirito-santo/imoveis/alugo-aconchegante-apto-2-quartos-todo-mobiliado-e-decorado-em-jardim-cambur-1515482586,vitoria,jardim-camburi,1,52.0,2,1,1,0,1,1,0,0,1,3070.0,0
1515479043,https://es.olx.com.br/norte-do-espirito-santo/imoveis/ap-2-quartos-praia-das-gaivotas-1515479043,vila-velha,praia-das-gaivotas,1,42.0,2,1,1,0,1,1,0,1,0,1850.0,0
1515472913,https://es.olx.com.br/norte-do-espirito-santo/imoveis/casa-a-venda-e-para-alugar-em-serra-colina-de-laranjeiras-com-4-quartos-com-264-m-1515472913,serra,colina-de-laranjeiras,0,264.0,4,4,2,0,1,1,1,0,0,8500.0,0
1515472707,https://es.olx.com.br/norte-do-espirito-santo/imoveis/apartamento-com-2-dormitorios-para-alugar-72-m-por-r-4-689-mes-praia-de-itaparica-v-1515472707,vila-velha,riviera-da-barra,1,72.0,2,2,1,0,0,0,0,0,0,4200.0,0
1515464898,https://es.olx.com.br/norte-do-espirito-santo/imoveis/alugue-4-quartos-sendo-4-suites-no-showa-praia-da-costa-oportunidade-ref-7218-1515464898,vila-velha,praia-da-costa,1,154.0,4,4,2,1,1,1,1,1,0,8000.0,0
1515464784,https://es.olx.com.br/norte-do-espirito-santo/imoveis/apartamento-mobiliado-para-locacao-em-jardim-limoeiro-ref-7217-1515464784,serra,jardim-limoeiro,1,68.0,3,2,2,0,0,0,0,0,0,3500.0,0
1515464620,https://es.olx.com.br/norte-do-espirito-santo/imoveis/apartamento-com-2-dormitorios-para-alugar-58-m-praia-de-itaparica-vila-velha-es-ref-1515464620,vila-velha,praia-de-itaparica,1,58.0,2,2,1,1,0,1,0,0,0,3000.0,0
1515464443,https://es.olx.com.br/norte-do-espirito-santo/imoveis/apartamento-para-locacao-mata-da-praia-vitoria-es-1515464443,vitoria,mata-da-praia,1,70.0,2,2,1,1,0,1,0,0,0,4000.0,0
1515462866,https://es.olx.com.br/norte-do-espirito-santo/imoveis/apartamento-com-4-dormitorios-para-alugar-praia-de-itaparica-1515462866,vila-velha,praia-de-itaparica,1,175.0,4,4,3,1,0,1,0,1,0,5500.0,0
1515461685,https://es.olx.com.br/norte-do-espirito-santo/imoveis/apartamento-para-aluguel-4-quartos-1-suite-3-vagas-praia-da-costa-vila-velha-es-1515461685,vila-velha,praia-da-costa,1,280.0,4,1,3,0,0,0,0,0,0,8000.0,0
1515453146,https://es.olx.com.br/norte-do-espirito-santo/imoveis/casa-em-santa-clara-vitoria-1515453146,vitoria,santa-clara,0,900.0,5,5,5,0,0,0,0,0,0,17000.0,0
1515453163,https://es.olx.com.br/norte-do-espirito-santo/imoveis/apartamento-para-locacao-em-praia-de-itaparica-vila-velha-1515453163,vila-velha,jockey-de-itaparica,1,162.0,3,2,2,1,1,1,1,1,0,9000.0,0
1515453131,https://es.olx.com.br/norte-do-espirito-santo/imoveis/casa-para-locacao-em-bicanga-serra-5-dormitorios-1515453131,serra,bicanga,0,600.0,5,4,3,0,0,0,0,1,0,3500.0,0
1515453085,https://es.olx.com.br/norte-do-espirito-santo/imoveis/casa-em-novo-horizonte-serra-1515453085,serra,novo-horizonte,0,280.0,4,3,5,0,0,0,0,0,0,5800.0,0
1515453084,https://es.olx.com.br/norte-do-espirito-santo/imoveis/loft-para-alugar-na-praia-do-canto-vitoria-38m-1515453084,vitoria,praia-do-canto,0,38.0,1,1,1,0,1,1,0,1,0,3000.0,0
1515453073,https://es.olx.com.br/norte-do-espirito-santo/imoveis/apartamento-para-locacao-na-praia-da-costa-200m-3-dorms-1515453073,vila-velha,praia-da-costa,1,200.0,3,3,2,1,1,1,0,1,0,7500.0,0
1515453066,https://es.olx.com.br/norte-do-espirito-santo/imoveis/apartamento-em-praia-de-itaparica-vila-velha-1515453066,vila-velha,jockey-de-itaparica,1,277.0,4,4,2,0,0,0,0,0,0,11900.0,0
1515453008,https://es.olx.com.br/norte-do-espirito-santo/imoveis/apartamento-para-locacao-em-sao-diogo-ii-serra-2-dorms-1515453008,serra,sao-diogo-ii,1,50.0,2,1,1,0,1,1,0,0,0,1600.0,0
1515453016,https://es.olx.com.br/norte-do-espirito-santo/imoveis/cobertura-para-locacao-na-praia-da-costa-vila-velha-160m-1515453016,vila-velha,centro-de-vila-velha,1,160.0,2,1,0,0,0,0,0,0,0,3750.0,0
1515453018,https://es.olx.com.br/norte-do-espirito-santo/imoveis/apartamento-para-locacao-na-enseada-do-sua-vitoria-69m-1515453018,vitoria,enseada-do-sua,1,69.0,2,2,1,1,1,1,0,1,0,3800.0,0
1515453020,https://es.olx.com.br/norte-do-espirito-santo/imoveis/apartamento-para-locacao-em-praia-de-itaparica-vila-velha-1515453020,vila-velha,praia-de-itaparica,1,71.0,3,2,1,1,1,1,0,1,0,4600.0,0
1515453007,https://es.olx.com.br/norte-do-espirito-santo/imoveis/apartamento-para-locacao-em-praia-de-itaparica-vila-velha-1515453007,vila-velha,praia-de-itaparica,1,59.0,2,2,1,1,1,1,0,1,0,3200.0,0
1515452982,https://es.olx.com.br/norte-do-espirito-santo/imoveis/apartamento-para-locacao-em-jardim-limoeiro-serra-52m-1515452982,serra,jardim-limoeiro,1,52.0,2,2,1,1,1,1,1,0,0,2100.0,0
1515452952,https://es.olx.com.br/norte-do-espirito-santo/imoveis/apartamento-em-praia-de-itaparica-4-quartos-para-alugar-1515452952,vila-velha,jockey-de-itaparica,1,175.0,4,4,3,1,0,1,1,1,0,6500.0,0
1515452967,https://es.olx.com.br/norte-do-espirito-santo/imoveis/aluguel-de-apartamento-3-quartos-em-jardim-limoeiro-serra-1515452967,serra,jardim-limoeiro,1,70.0,3,2,1,0,1,1,0,1,1,4000.0,0
1515452944,https://es.olx.com.br/norte-do-espirito-santo/imoveis/apartamento-em-praia-da-costa-vila-velha-1515452944,vila-velha,praia-da-costa,1,340.0,4,5,2,1,1,1,0,1,1,15000.0,0
1515452956,https://es.olx.com.br/norte-do-espirito-santo/imoveis/apartamento-a-venda-em-jardim-limoeiro-serra-2-quartos-47m-1515452956,serra,jardim-limoeiro,1,47.0,2,1,0,1,0,1,0,0,0,2200.0,0
1515452963,https://es.olx.com.br/norte-do-espirito-santo/imoveis/apartamento-para-locacao-em-jardim-camburi-vitoria-3-dormitorios-110m-1515452963,vitoria,jardim-camburi,1,110.0,3,2,2,1,0,1,0,0,1,5200.0,0
1515452939,https://es.olx.com.br/norte-do-espirito-santo/imoveis/apartamento-para-locacao-em-colina-de-laranjeiras-serra-2-dormitorios-e-42m-1515452939,serra,colina-de-laranjeiras,1,42.0,2,1,1,1,1,1,1,0,1,4000.0,0
1515452926,https://es.olx.com.br/norte-do-espirito-santo/imoveis/casa-para-locacao-no-centro-de-vila-velha-3-dormitorios-1515452926,vila-velha,centro-de-vila-velha,0,240.0,3,3,1,0,0,0,0,1,1,6000.0,0
1515452934,https://es.olx.com.br/norte-do-espirito-santo/imoveis/aluguel-de-apartamento-2-quartos-em-valparaiso-serra-64m-1515452934,serra,planalto-de-carapina,1,64.0,2,2,1,1,0,1,1,1,0,2600.0,0
1515452932,https://es.olx.com.br/norte-do-espirito-santo/imoveis/apartamento-para-locacao-na-praia-da-costa-147m-3-dormitorios-1515452932,vila-velha,praia-da-costa,1,147.0,3,2,0,1,1,1,1,1,0,9000.0,0
1515452878,https://es.olx.com.br/norte-do-espirito-santo/imoveis/apartamento-para-aluguel-em-guarapari-es-frente-120m-3-quartos-1-suite-1515452878,guarapari,sao-judas-tadeu,1,120.0,3,3,1,1,1,1,0,1,0,5100.0,0
1515452899,https://es.olx.com.br/norte-do-espirito-santo/imoveis/casa-para-alugar-em-morada-de-laranjeiras-serra-2-dorms-68m-1515452899,serra,morada-de-laranjeiras,0,68.0,2,2,2,0,1,1,0,1,1,4200.0,0
1515452817,https://es.olx.com.br/norte-do-espirito-santo/imoveis/cobertura-para-locacao-em-laranjeiras-serra-4-dormitorios-1515452817,serra,parque-residencial-laranjeiras,1,238.0,4,4,3,1,1,1,1,1,1,8500.0,0
1515452753,https://es.olx.com.br/norte-do-espirito-santo/imoveis/apartamento-para-locacao-na-praia-da-costa-vila-velha-1515452753,vila-velha,praia-da-costa,1,162.0,3,3,2,1,1,1,0,1,1,6000.0,0
1515445465,https://es.olx.com.br/norte-do-espirito-santo/imoveis/lindo-apartamento-de-1-quarto-totalmente-mobiliado-com-internet-ja-instalada-1515445465,vitoria,barro-vermelho,1,45.0,1,1,1,1,1,1,1,1,1,3300.0,0
1515441438,https://es.olx.com.br/norte-do-espirito-santo/imoveis/aluga-se-kitnet-1515441438,vitoria,maruipe,1,30.0,1,1,0,0,0,0,0,0,0,1150.0,1
1515439855,https://es.olx.com.br/norte-do-espirito-santo/imoveis/apartamento-frente-mar-para-locacao-praia-de-itaparica-vila-velha-1515439855,vila-velha,praia-de-itaparica,1,120.0,3,2,0,0,0,0,0,0,0,9000.0,0
1515438841,https://es.olx.com.br/norte-do-espirito-santo/imoveis/casa-com-4-dormitorios-244-m-venda-por-r-2-150-000-00-ou-aluguel-por-r-10-000-00-mes-1515438841,serra,jardim-limoeiro,0,245.0,4,4,4,0,1,1,0,1,0,10000.0,0
1515438191,https://es.olx.com.br/norte-do-espirito-santo/imoveis/alugue-apto-3-qts-em-jardim-camburi-1515438191,vitoria,jardim-camburi,1,72.0,3,2,2,0,0,0,0,0,0,3300.0,0
1515433632,https://es.olx.com.br/norte-do-espirito-santo/imoveis/apartamento-2-quartos-com-suite-sol-da-manha-para-alugar-em-jardim-da-penha-vitoria-es-1515433632,vitoria,jardim-da-penha,1,65.0,2,2,1,1,0,0,0,1,0,3600.0,0
1515433558,https://es.olx.com.br/norte-do-espirito-santo/imoveis/apartamento-mobiliado-para-alugar-2-quartos-com-suite-em-jardim-camburi-vitoria-es-1515433558,vitoria,jardim-camburi,1,50.0,2,2,0,0,0,1,0,1,0,4000.0,1
1515425553,https://es.olx.com.br/norte-do-espirito-santo/imoveis/apartamento-mobiliado-70-m-andar-alto-vista-privilegiada-bento-ferreira-1515425553,vitoria,bento-ferreira,1,70.0,1,2,2,1,1,1,1,1,1,6000.0,0
1515424392,https://es.olx.com.br/norte-do-espirito-santo/imoveis/casa-de-3-quartos-em-vila-nova-1515424392,vila-velha,vila-nova,0,130.0,3,2,2,0,0,0,0,0,0,3800.0,0
1515423523,https://es.olx.com.br/norte-do-espirito-santo/imoveis/alugo-uma-kit-net-no-alto-sao-benedito-550-reais-1515423523,vitoria,sao-benedito,0,30.0,1,1,0,0,0,0,0,0,0,550.0,0
1515418575,https://es.olx.com.br/norte-do-espirito-santo/imoveis/apartamento-2q-para-alugar-praia-das-gaivotas-1515418575,vila-velha,praia-das-gaivotas,1,75.0,2,1,1,0,0,0,0,0,0,2800.0,0
1515418146,https://es.olx.com.br/norte-do-espirito-santo/imoveis/aluguel-4-quartos-1-suite-master-com-closet-1515418146,vila-velha,residencial-coqueiral,1,165.0,4,3,1,0,0,0,0,0,0,3000.0,0
1515417619,https://es.olx.com.br/norte-do-espirito-santo/imoveis/aluguel-2-quartos-52m--jardim-camburi-r-2-615-00-taxas-ref-r-047-1515417619,vitoria,jardim-camburi,1,52.0,2,1,1,0,0,0,0,0,0,2615.0,0
1515413837,https://es.olx.com.br/norte-do-espirito-santo/imoveis/viver-no-next-residence-equilibrio-e-exclusividade-locacao-de-apartamento-no-alphavill-1515413837,serra,jacuhy,1,96.0,3,2,2,1,0,1,0,1,0,5500.0,0
1515412635,https://es.olx.com.br/norte-do-espirito-santo/imoveis/alugo-aparto-02-quartos-em-parque-jacaraipe-serra-1515412635,serra,parque-jacaraipe,1,0.0,2,1,0,0,0,0,0,0,0,1220.0,0
1515406895,https://es.olx.com.br/norte-do-espirito-santo/imoveis/apartamento-2-suites-mobiliado-com-sol-da-manha-em-estancia-monazitica-1515406895,serra,estancia-monazitica,1,107.0,2,4,1,0,0,0,0,0,0,4500.0,0
1515406711,https://es.olx.com.br/norte-do-espirito-santo/imoveis/apartamento-terreo-2-quartos-condominio-viva-la-serra-jacaraipe-1515406711,serra,sao-patricio,1,52.0,2,1,1,0,0,0,0,0,0,1600.0,0
1515403519,https://es.olx.com.br/norte-do-espirito-santo/imoveis/apartamento-construido-1qto-sala-cozinha-e-banheiro-e-area-de-servico-1515403519,vitoria,mata-da-praia,1,38.0,1,1,1,0,0,0,0,0,1,2750.0,0
1515403915,https://es.olx.com.br/norte-do-espirito-santo/imoveis/kitnet-par-locacao-praia-do-sua-1515403915,vitoria,praia-do-sua,1,30.0,1,1,0,0,0,0,0,0,0,1500.0,0
1515400647,https://es.olx.com.br/norte-do-espirito-santo/imoveis/alugo-kitinet-novo-mexico-1200-tudo-incluido-1515400647,vila-velha,novo-mexico,1,40.0,1,1,1,0,0,0,0,0,0,1200.0,0
1515401110,https://es.olx.com.br/norte-do-espirito-santo/imoveis/casa-com-piscina-e-churrasqueira-4-quartos-em-mata-da-praia-vitoria-es-1515401110,vitoria,mata-da-praia,0,283.0,4,5,4,0,0,1,0,1,0,12000.0,0
1515400564,https://es.olx.com.br/norte-do-espirito-santo/imoveis/casa-com-piscina-e-churrasqueira-4-quartos-em-mata-da-praia-vitoria-es-1515400564,vitoria,mata-da-praia,0,283.0,4,5,4,0,0,1,0,1,0,12000.0,0
1515399405,https://es.olx.com.br/norte-do-espirito-santo/imoveis/apartamento-com-3-quartos-sendo-1-suite-para-locacao-no-bairro-jardim-camburi-vitoria-1515399405,vitoria,jardim-camburi,1,110.0,3,2,2,0,0,0,0,1,0,3800.0,0
1515398887,https://es.olx.com.br/norte-do-espirito-santo/imoveis/alugo-casa-residencial-yahoo-manguinhos-1515398887,serra,manguinhos,0,204.0,2,2,2,0,0,0,0,1,0,4200.0,0
1515396244,https://es.olx.com.br/norte-do-espirito-santo/imoveis/aluguel-casa-de-luxo-no-boulevard-lagoa-4-suites-1515396244,serra,boulevard-lagoa,0,351.0,4,5,4,0,0,1,0,0,0,15000.0,0
1515394189,https://es.olx.com.br/norte-do-espirito-santo/imoveis/aluguel-de-kitnet-1515394189,vitoria,jabour,1,30.0,1,1,0,0,0,0,0,0,0,1000.0,1
1515390978,https://es.olx.com.br/norte-do-espirito-santo/imoveis/alugo-apartamento-costa-bella-ii-ataide-mobiliado-sendo-2-quartos-1-banheiro-1515390978,vila-velha,ataide,1,48.0,2,1,1,0,0,0,0,0,1,1900.0,0
1515390838,https://es.olx.com.br/norte-do-espirito-santo/imoveis/alugo-ou-vendo-apartamento-2-quartos-com-suite-vista-mar-1515390838,vila-velha,praia-de-itaparica,1,62.0,2,2,1,0,0,0,0,0,0,2700.0,0
1515387907,https://es.olx.com.br/norte-do-espirito-santo/imoveis/apartamento-com-2-dormitorios-para-alugar-55-m-por-r-3-662-00-mes-praia-da-costa-vi-1515387907,vila-velha,praia-da-costa,1,55.0,2,1,1,1,1,0,0,1,0,3100.0,0
1515386873,https://es.olx.com.br/norte-do-espirito-santo/imoveis/studio-novo-mobiliado-no-jc-life-em-jardim-camburi-1515386873,vitoria,mata-da-praia,1,36.0,0,1,1,1,0,1,1,0,1,3800.0,0
1497127532,https://es.olx.com.br/norte-do-espirito-santo/imoveis/kitnet-1497127532,serra,parque-residencial-laranjeiras,1,30.0,1,1,0,0,0,0,0,0,0,1350.0,1
1515380059,https://es.olx.com.br/norte-do-espirito-santo/imoveis/locacao-apartamento-3-quartos-colina-de-laranjeiras-serra-1515380059,serra,colina-de-laranjeiras,1,73.0,3,2,1,1,0,1,1,0,0,2500.0,0
1515380075,https://es.olx.com.br/norte-do-espirito-santo/imoveis/alugo-ap-na-gloria-1515380075,vila-velha,gloria,1,80.0,2,1,0,0,0,0,0,1,0,1600.0,0
1515373835,https://es.olx.com.br/norte-do-espirito-santo/imoveis/apartamento-de-4-quartos-em-jardim-da-penha-ufes-sol-da-manha-1515373835,vitoria,jardim-da-penha,1,121.0,4,3,2,1,0,0,0,0,1,4800.0,0
1515371998,https://es.olx.com.br/norte-do-espirito-santo/imoveis/apartamento-de-3-quartos-em-jardim-da-penha-vitoria-aluguel-1515371998,vitoria,jardim-da-penha,1,70.0,3,1,1,0,0,0,0,0,0,2700.0,0
1515366504,https://es.olx.com.br/norte-do-espirito-santo/imoveis/imovel-para-aluguel-mobiliado-tem-120-m2-com-3-quartos-suite-2-vg-em-praia-do-canto-vi-1515366504,vitoria,praia-do-canto,1,120.0,3,3,2,1,0,1,0,1,1,8000.0,0
1466686307,https://es.olx.com.br/norte-do-espirito-santo/imoveis/apto-luxo-mobiliado-2-quartos-praia-da-costa-1466686307,vila-velha,praia-da-costa,1,80.0,2,2,1,1,1,0,0,1,1,3600.0,0
1515361244,https://es.olx.com.br/norte-do-espirito-santo/imoveis/casa-de-3-quartos-em-morada-de-laranjeiras-para-alugar-1515361244,serra,morada-de-laranjeiras,1,150.0,3,4,2,0,0,0,0,1,0,4800.0,0
1515360191,https://es.olx.com.br/norte-do-espirito-santo/imoveis/apartamento-encantador-na-colina-de-laranjeiras-1515360191,serra,colina-de-laranjeiras,1,62.0,2,2,1,0,0,1,0,0,0,2800.0,0
1515356504,https://es.olx.com.br/norte-do-espirito-santo/imoveis/casa-para-alugar-em-vila-velha-vila-guaranhuns-com-2-quartos-com-72-m-1515356504,vila-velha,vila-guaranhuns,0,72.0,2,1,1,0,0,0,0,0,0,2200.0,0
1515356305,https://es.olx.com.br/norte-do-espirito-santo/imoveis/sala-comercial-em-villagio-business-em-valparaiso-serra-1515356305,serra,valparaiso,1,45.0,1,1,1,1,1,0,0,0,0,1500.0,0
1515354521,https://es.olx.com.br/norte-do-espirito-santo/imoveis/lindo-ap-sol-da-manha-ultimo-andar-primeira-locacao-prox-principal-jockey-de-itaparica-1515354521,vila-velha,jockey-de-itaparica,1,60.0,2,2,1,1,0,0,0,0,0,2500.0,0
1515353987,https://es.olx.com.br/norte-do-espirito-santo/imoveis/apartamento-para-alugar-em-serra-morada-de-laranjeiras-com-2-quartos-com-46-m-vila-de-1515353987,serra,morada-de-laranjeiras,1,46.0,2,1,1,0,1,0,0,0,0,2450.0,0
1515352188,https://es.olx.com.br/norte-do-espirito-santo/imoveis/oportunidade-imperdivel-na-praia-da-costa-1515352188,vila-velha,praia-da-costa,1,110.0,3,1,1,0,0,0,0,0,0,3150.0,0
1515350089,https://es.olx.com.br/norte-do-espirito-santo/imoveis/kitnet-prox-uvv-shopping-vila-velha-1515350089,vila-velha,residencial-coqueiral,1,30.0,1,1,0,0,0,0,0,0,0,1190.0,0
1515346644,https://es.olx.com.br/norte-do-espirito-santo/imoveis/apartamento-enseada-sua-2-quartos-varanda-1515346644,vitoria,enseada-do-sua,1,65.0,2,2,1,1,1,1,1,1,0,3998.0,0
1515337521,https://es.olx.com.br/norte-do-espirito-santo/imoveis/apartamento-em-bento-ferreira-vitoria-2-quartos-com-suite-lazer-com-opcao-de-2-vagas-1515337521,vitoria,bento-ferreira,1,77.0,2,2,1,1,1,1,0,1,0,3800.0,0
1515336034,https://es.olx.com.br/norte-do-espirito-santo/imoveis/aluga-se-apartamento-2-quartos-no-jockey-de-itaparica-1515336034,vila-velha,jockey-de-itaparica,1,67.0,2,2,1,1,0,0,0,1,0,2300.0,0
1515331974,https://es.olx.com.br/norte-do-espirito-santo/imoveis/apartamento-em-s-geraldo-1-cariacica-proximo-faculdade-multivix-1515331974,cariacica,campo-grande,1,35.0,1,1,0,0,0,0,0,0,0,1550.0,0
1515332207,https://es.olx.com.br/norte-do-espirito-santo/imoveis/apartamento-em-r-maria-eleonora-pereira-jardim-da-penha-vitoria-es-29060-180-vito-1515332207,vitoria,jardim-da-penha,1,65.0,2,1,1,0,0,0,0,0,0,3600.0,0
1515331384,https://es.olx.com.br/norte-do-espirito-santo/imoveis/apartamento-3-quartos-em-praia-da-costa-1515331384,vila-velha,praia-da-costa,1,107.0,3,2,2,0,1,1,1,1,0,5000.0,0
1515330766,https://es.olx.com.br/norte-do-espirito-santo/imoveis/apartamento-jacaraipe-1515330766,serra,estancia-monazitica,1,60.0,2,1,1,0,0,0,0,0,1,1350.0,0
1515330697,https://es.olx.com.br/norte-do-espirito-santo/imoveis/apartamento-2-quartos-em-jockey-de-itaparica-1515330697,vila-velha,jockey-de-itaparica,1,60.0,2,1,1,0,1,1,1,1,0,2900.0,0
1515330641,https://es.olx.com.br/norte-do-espirito-santo/imoveis/apartamento-2-quartos-em-itapua-1515330641,vila-velha,itapua,1,80.0,2,1,1,0,1,0,1,1,0,6500.0,0
1515329796,https://es.olx.com.br/norte-do-espirito-santo/imoveis/apartamento-2-quartos-em-itapua-1515329796,vila-velha,itapua,1,53.0,2,1,0,0,0,0,0,1,0,2300.0,1
1515329545,https://es.olx.com.br/norte-do-espirito-santo/imoveis/apartamento-3-quartos-em-jardim-camburi-1515329545,vitoria,jardim-camburi,1,105.0,3,1,1,0,0,0,0,1,0,2800.0,0
1515324638,https://es.olx.com.br/norte-do-espirito-santo/imoveis/locacao-apartamento-3-quartos-praia-da-costa-vila-velha-1515324638,vila-velha,praia-da-costa,1,80.0,3,2,2,1,0,0,0,0,0,5500.0,0
1515325275,https://es.olx.com.br/norte-do-espirito-santo/imoveis/apartamento-enseada-sua-1-quarto-varanda-mobiliado-1515325275,vitoria,enseada-do-sua,1,48.0,1,1,1,1,1,1,1,1,1,2998.0,0
1515310025,https://es.olx.com.br/norte-do-espirito-santo/imoveis/casa-de-alto-padrao-com-924m-4-suites-a-poucos-metros-da-areia-na-ilha-do-frade-1515310025,vitoria,ilha-do-frade,0,924.0,4,5,4,0,0,0,0,1,0,18000.0,0
1515308321,https://es.olx.com.br/norte-do-espirito-santo/imoveis/apartamento-com-2-quartos-para-alugar-55m-ataide-1515308321,vila-velha,ataide,1,55.0,2,1,1,1,1,1,1,0,0,2200.0,0
1515317575,https://es.olx.com.br/norte-do-espirito-santo/imoveis/alugo-lindo-apartamento-de-dois-quartos-na-quadra-do-mar-super-iluminado-muito-ventilado-1515317575,serra,bicanga,1,85.0,2,1,1,0,0,0,0,0,0,1500.0,0
1515309703,https://es.olx.com.br/norte-do-espirito-santo/imoveis/apartamento-para-locacao-top-life-cancun-sao-diogo-ii-1515309703,serra,sao-diogo-ii,1,48.0,2,1,1,0,0,1,0,0,0,1900.0,0
1515288659,https://es.olx.com.br/norte-do-espirito-santo/imoveis/more-de-frente-para-o-mar-neste-3-quartos-na-orla-de-itaparica-1515288659,vila-velha,praia-de-itaparica,1,165.0,3,3,2,1,1,1,1,0,1,6000.0,0
1515277392,https://es.olx.com.br/norte-do-espirito-santo/imoveis/apartamento-02-dorm-em-morada-de-laranjeiras-cond-via-sol-locacao-1515277392,serra,morada-de-laranjeiras,1,55.0,2,1,1,1,1,1,0,1,0,2700.0,0
1515256113,https://es.olx.com.br/norte-do-espirito-santo/imoveis/alugo-apartamento-mobiliado-1515256113,serra,balneario-de-carapebus,1,60.0,2,1,1,0,1,1,0,0,1,2200.0,0
1515255205,https://es.olx.com.br/norte-do-espirito-santo/imoveis/apartamento-duplex-garden-mobiliado-para-locacao-no-edificio-ilhas-de-kiribati-1515255205,vila-velha,praia-de-itaparica,1,105.0,2,2,2,1,1,1,1,0,1,6500.0,0
1515254765,https://es.olx.com.br/norte-do-espirito-santo/imoveis/jbl-apartamento-mobiliado-para-locacao-condominio-veredas-buritis-1515254765,serra,colina-de-laranjeiras,1,64.0,2,1,0,0,1,0,0,0,0,2800.0,1
1515252007,https://es.olx.com.br/norte-do-espirito-santo/imoveis/imovel-para-aluguel-tem-50-metros-quadrados-com-2-quartos-em-aribiri-vila-velha-es-1515252007,vila-velha,aribiri,1,50.0,2,1,0,1,1,1,0,0,0,1900.0,1
1515250057,https://es.olx.com.br/norte-do-espirito-santo/imoveis/alianca-web-aluga-1515250057,vila-velha,itapua,1,97.0,3,2,2,1,1,1,1,1,0,4500.0,0
1515250079,https://es.olx.com.br/norte-do-espirito-santo/imoveis/apartamento-3-quartos-em-itapoa-vila-velha-conforto-localizacao-e-otimo-custo-benefici-1515250079,vila-velha,itapua,1,75.0,3,2,1,0,0,0,0,0,0,3000.0,0
1515250087,https://es.olx.com.br/norte-do-espirito-santo/imoveis/apartamento-3-quartos-mobiliado-para-aluguel-edificio-veracruz-1515250087,vila-velha,praia-de-itaparica,1,74.0,3,2,2,1,1,1,1,0,1,4500.0,0
1515250091,https://es.olx.com.br/norte-do-espirito-santo/imoveis/apartamento-com-3-quartos-para-alugar-parque-das-castanheiras-1515250091,vila-velha,praia-da-costa,1,100.0,3,2,2,1,1,1,0,1,0,5200.0,0
1515247147,https://es.olx.com.br/norte-do-espirito-santo/imoveis/apartamento-para-aluguel-4-quartos-2-suites-3-vagas-praia-de-itaparica-vila-velha-es-1515247147,vila-velha,praia-de-itaparica,1,184.0,4,4,3,1,1,1,1,1,0,9000.0,0
1515247129,https://es.olx.com.br/norte-do-espirito-santo/imoveis/apartamento-para-alugar-em-coqueiral-de-itaparica-vila-velha-es-1515247129,vila-velha,praia-de-itaparica,1,62.0,2,1,1,0,1,1,0,0,0,2100.0,0
1515247132,https://es.olx.com.br/norte-do-espirito-santo/imoveis/apartamento-para-alugar-na-praia-de-itaparica-vila-velha-1515247132,vila-velha,praia-de-itaparica,1,184.0,4,4,3,1,1,1,1,1,0,10000.0,0
1515247137,https://es.olx.com.br/norte-do-espirito-santo/imoveis/apartamento-para-alugar-na-praia-de-itaparica-vila-velha-1515247137,vila-velha,praia-de-itaparica,1,80.0,3,2,2,1,1,1,1,1,0,4400.0,0
1515244961,https://es.olx.com.br/norte-do-espirito-santo/imoveis/imovel-para-aluguel-com-80-metros-quadrados-com-3-quartos-em-jardim-da-penha-vitoria-e-1515244961,vitoria,jardim-da-penha,1,80.0,3,1,1,0,0,0,0,0,0,3200.0,0
1515243537,https://es.olx.com.br/norte-do-espirito-santo/imoveis/2-quartos-suite-armarios-1-vg-quadra-mar-1515243537,vila-velha,itapua,1,70.0,2,2,1,0,0,0,0,0,0,3000.0,0
1515240191,https://es.olx.com.br/norte-do-espirito-santo/imoveis/oportunidade-casa-duplex-por-2500-com-tudo-incluso-so-3-min-a-pe-da-praia-1515240191,vila-velha,praia-dos-recifes,0,60.0,1,1,0,0,0,0,0,1,1,2500.0,0
1515237438,https://es.olx.com.br/norte-do-espirito-santo/imoveis/alugo-kitnet-em-jose-de-anchieta-2-1515237438,serra,jose-de-anchieta-ii,0,30.0,1,1,0,0,0,0,0,0,0,700.0,0
1515232228,https://es.olx.com.br/norte-do-espirito-santo/imoveis/3-quartos-a-100m-da-praia-1515232228,vitoria,jardim-da-penha,1,125.0,3,3,2,0,0,0,0,0,0,4500.0,0
1515230879,https://es.olx.com.br/norte-do-espirito-santo/imoveis/apartamento-2-quartos-1-suite-mobiliado-para-aluguel-em-santa-helena-vitoria-es-1515230879,vitoria,santa-helena,1,75.0,2,2,1,1,1,1,1,1,1,3800.0,0
1515227628,https://es.olx.com.br/norte-do-espirito-santo/imoveis/alugo-apartamento-mobiliado-semanal-1515227628,serra,valparaiso,1,45.0,2,1,1,0,1,1,0,0,1,1000.0,0
1515226297,https://es.olx.com.br/norte-do-espirito-santo/imoveis/alugo-casa-terreo-serra-dourada-3-1515226297,serra,serra-dourada-iii,0,98.0,3,1,0,0,0,0,0,1,0,2200.0,0
1515225731,https://es.olx.com.br/norte-do-espirito-santo/imoveis/imovel-para-aluguel-tem-70-metros-quadrados-com-2-quartos-em-enseada-do-sua-vitoria-es-1515225731,vitoria,enseada-do-sua,1,70.0,2,2,1,1,1,1,1,0,0,2900.0,0
1515214888,https://es.olx.com.br/norte-do-espirito-santo/imoveis/aluga-se-kitinete-e-aptos-mobiliados-1515214888,vila-velha,santa-monica-popular,1,30.0,1,1,0,0,0,0,0,0,1,1500.0,1
1515212379,https://es.olx.com.br/norte-do-espirito-santo/imoveis/viva-o-privilegio-de-morar-em-uma-casa-de-alto-padrao-04-quartos-no-condominio-boulevard-1515212379,serra,boulevard-lagoa,0,400.0,4,5,4,0,1,1,1,0,0,15000.0,0
1515208762,https://es.olx.com.br/norte-do-espirito-santo/imoveis/apartamento-mobiliado-com-2-quartos-na-enseada-do-sua-2-vagas-1515208762,vitoria,enseada-do-sua,1,96.0,2,3,2,0,0,0,0,0,0,6800.0,0
1515208761,https://es.olx.com.br/norte-do-espirito-santo/imoveis/apartamento-mobiliado-2-quartos-na-praia-do-canto-2-vagas-1515208761,vitoria,praia-do-canto,1,65.0,2,2,2,0,0,0,0,0,0,5500.0,0
1515206299,https://es.olx.com.br/norte-do-espirito-santo/imoveis/loft-em-jardim-camburi-1515206299,vitoria,jardim-camburi,1,45.0,1,1,1,1,1,1,1,1,1,3000.0,0
1497941125,https://es.olx.com.br/norte-do-espirito-santo/imoveis/apartamento-de-2-quartos-para-aluguel-na-praia-do-canto-frente-80m-1-vaga-1497941125,vitoria,praia-do-canto,1,80.0,2,2,1,0,0,0,0,0,0,3730.0,0
1511123408,https://es.olx.com.br/norte-do-espirito-santo/imoveis/apartamento-para-aluguel-em-jardim-camburi-vitoria-es-95m-3-quartos-2-vagas-1511123408,vitoria,jardim-camburi,1,95.0,3,2,2,0,0,0,0,1,0,3000.0,0
1515193008,https://es.olx.com.br/norte-do-espirito-santo/imoveis/apartamento-com-3-dormitorios-para-alugar-108-m-por-r-7-865-26-mes-praia-de-santa-hel-1515193008,vitoria,santa-helena,1,108.0,3,2,2,1,1,1,1,1,0,6600.0,0
1515192351,https://es.olx.com.br/norte-do-espirito-santo/imoveis/2-quartos-com-suite-em-jardim-da-penha-1515192351,vitoria,jardim-da-penha,1,55.0,2,2,1,1,0,0,0,0,0,3000.0,0
1515186972,https://es.olx.com.br/norte-do-espirito-santo/imoveis/apartamento-para-locacao-enseada-do-sua-vitoria-es-1515186972,vitoria,enseada-do-sua,1,65.0,2,2,0,0,0,0,0,0,0,4000.0,0
1515183866,https://es.olx.com.br/norte-do-espirito-santo/imoveis/apartamento-para-aluguel-3-quartos-1-suite-2-vagas-praia-de-itaparica-vila-velha-es-1515183866,vila-velha,praia-de-itaparica,1,100.0,3,2,2,0,1,1,0,1,0,3500.0,0
1515183861,https://es.olx.com.br/norte-do-espirito-santo/imoveis/casa-para-aluguel-3-quartos-1-suite-2-vagas-praia-das-gaivotas-vila-velha-es-1515183861,vila-velha,praia-das-gaivotas,0,180.0,3,2,2,0,0,0,0,1,0,5000.0,0
1515183867,https://es.olx.com.br/norte-do-espirito-santo/imoveis/apartamento-para-aluguel-2-quartos-1-suite-1-vaga-praia-da-costa-vila-velha-es-1515183867,vila-velha,praia-da-costa,1,100.0,2,2,1,0,1,0,0,1,0,3400.0,0
1515183789,https://es.olx.com.br/norte-do-espirito-santo/imoveis/apartamento-para-aluguel-2-quartos-1-vaga-praia-de-itaparica-vila-velha-es-1515183789,vila-velha,praia-de-itaparica,1,60.0,2,1,1,0,0,1,1,0,0,3000.0,0
1515183787,https://es.olx.com.br/norte-do-espirito-santo/imoveis/casa-para-aluguel-3-quartos-1-suite-praia-da-costa-vila-velha-es-1515183787,vila-velha,praia-da-costa,0,180.0,3,2,0,0,0,0,0,0,0,4500.0,0
1515181466,https://es.olx.com.br/norte-do-espirito-santo/imoveis/apartamento-com-1-dormitorio-para-alugar-42-m-por-r-3-200-00-mes-itapua-vila-velha-1515181466,vila-velha,itapua,1,42.0,1,1,1,0,0,1,0,0,0,2800.0,0
1515181432,https://es.olx.com.br/norte-do-espirito-santo/imoveis/apartamento-com-2-dormitorios-para-alugar-70-m-por-r-3-800-00-mes-jockey-de-itaparica-1515181432,vila-velha,sao-conrado,1,70.0,2,2,1,0,1,1,1,1,0,3300.0,0
1515177991,https://es.olx.com.br/norte-do-espirito-santo/imoveis/casa-duplex-para-locacao-anual-guarapari-es-1515177991,guarapari,itapebussu,0,232.0,3,3,3,0,0,1,0,0,0,6000.0,0
1515158460,https://es.olx.com.br/norte-do-espirito-santo/imoveis/apartamento-com-1-dormitorio-para-alugar-60-m-por-r-1-150-mes-cobilandia-vila-velha-1515158460,vila-velha,cobilandia,1,60.0,1,1,0,0,0,0,0,1,0,1150.0,0
1454178066,https://es.olx.com.br/norte-do-espirito-santo/imoveis/apartamento-de-dois-quartos-com-suite-1454178066,serra,colina-de-laranjeiras,1,67.0,2,2,1,1,1,1,1,1,0,2800.0,0
1404128154,https://es.olx.com.br/norte-do-espirito-santo/imoveis/apartamento-dois-quartos-mobiliado-1404128154,serra,jardim-atlantico,1,47.0,2,1,1,1,1,1,0,0,1,2500.0,0
1515144623,https://es.olx.com.br/norte-do-espirito-santo/imoveis/locacao-apartamento-2-quartos-jardim-da-penha-vitoria-1515144623,vitoria,jardim-da-penha,1,38.0,2,1,0,0,0,0,0,0,0,2000.0,0
1515142582,https://es.olx.com.br/norte-do-espirito-santo/imoveis/apartamento-3-quartos-com-suite-praia-de-itaparica-1515142582,vila-velha,praia-de-itaparica,1,75.0,3,2,2,0,0,0,0,0,0,3500.0,0
1515124983,https://es.olx.com.br/norte-do-espirito-santo/imoveis/apartamento-2-quartos-com-sol-da-manha-edificio-quattro-residencial-em-carapina-jardim-l-1515124983,serra,planalto-de-carapina,1,60.0,2,1,1,0,0,0,0,0,0,1800.0,0
1515124995,https://es.olx.com.br/norte-do-espirito-santo/imoveis/apartamento-2-quartos-em-colina-de-laranjeiras-localizacao-estrategica-1515124995,serra,colina-de-laranjeiras,1,50.0,2,1,1,0,0,0,0,0,0,2200.0,0
1515124987,https://es.olx.com.br/norte-do-espirito-santo/imoveis/apartamento-garden-2-quartos-com-suite-em-maringa-recem-reformado-1515124987,serra,maringa,1,73.0,2,1,1,0,0,0,0,0,0,2600.0,0
1515116658,https://es.olx.com.br/norte-do-espirito-santo/imoveis/apartamento-com-3-dormitorios-para-alugar-75-m-por-r-5-612-93-mes-barro-vermelho-vi-1515116658,vitoria,barro-vermelho,1,75.0,3,2,1,1,0,0,0,1,0,5000.0,0
1511350078,https://es.olx.com.br/norte-do-espirito-santo/imoveis/apartamento-e-kitinete-1511350078,cariacica,dom-bosco,1,32.0,1,1,0,0,0,0,0,0,0,1000.0,1
1515093371,https://es.olx.com.br/norte-do-espirito-santo/imoveis/casa-em-itaciba-disponivel-para-aluguel-1515093371,vitoria,santa-lucia,0,100.0,3,1,0,0,0,0,0,0,0,1200.0,0
1515087631,https://es.olx.com.br/norte-do-espirito-santo/imoveis/alugo-apto-de-1-quarto-sala-cozinha-banheiro-area-de-servico-1515087631,guarapari,muquicaba,1,30.0,1,1,0,0,0,0,0,0,0,1250.0,1
1515086702,https://es.olx.com.br/norte-do-espirito-santo/imoveis/locacao-casa-enseada-de-jacaraipe-serra-1515086702,serra,enseada-de-jacaraipe,0,61.0,2,2,3,0,0,0,0,0,0,2200.0,0
1515081246,https://es.olx.com.br/norte-do-espirito-santo/imoveis/alugo-kit-net-conjugada-1515081246,vila-velha,sao-conrado,1,30.0,1,1,0,0,0,0,0,1,0,1000.0,0
1515076372,https://es.olx.com.br/norte-do-espirito-santo/imoveis/apartamento-de-2-quartos-c-1-suite-varanda-gourmet-e-climatizacao-total-em-praia-de-ita-1515076372,vila-velha,praia-de-itaparica,1,68.0,2,2,1,1,1,1,1,0,0,2600.0,0
1515075300,https://es.olx.com.br/norte-do-espirito-santo/imoveis/imovel-para-aluguel-tem-65-metros-quadrados-com-2-quartos-em-aeroporto-guarapari-es-1515075300,guarapari,aeroporto,1,65.0,2,1,1,0,0,0,0,0,0,1500.0,0
1515074469,https://es.olx.com.br/norte-do-espirito-santo/imoveis/apartamento-para-alugar-de-2-quartos-com-suite-1515074469,vitoria,jardim-camburi,1,60.0,2,2,2,1,1,1,0,1,0,2600.0,0
1496880705,https://es.olx.com.br/norte-do-espirito-santo/imoveis/aluga-se-apartamento-1496880705,vila-velha,praia-de-itaparica,1,70.0,3,2,2,1,1,1,1,1,0,3500.0,0
1515070593,https://es.olx.com.br/norte-do-espirito-santo/imoveis/ap-3-quartos-recem-entregue-em-itaparica-1515070593,vila-velha,praia-das-gaivotas,1,80.0,3,2,2,1,1,1,1,1,0,3600.0,0
1515068031,https://es.olx.com.br/norte-do-espirito-santo/imoveis/jbl-apartamento-para-locacao-03-quartos-2-suites-edificil-coiabas-1515068031,serra,parque-residencial-laranjeiras,1,130.0,3,1,1,0,1,0,0,0,0,6000.0,0
1515067748,https://es.olx.com.br/norte-do-espirito-santo/imoveis/imovel-para-aluguel-com-65-metros-quadrados-com-2-quartos-em-jockey-de-itaparica-vila-ve-1515067748,vila-velha,jockey-de-itaparica,1,65.0,2,1,1,0,0,0,0,0,0,2600.0,0
1515060660,https://es.olx.com.br/norte-do-espirito-santo/imoveis/imovel-para-aluguel-tem-200-metros-quadrados-com-4-quartos-em-bento-ferreira-vitoria-e-1515060660,vitoria,bento-ferreira,1,200.0,4,4,3,1,1,1,1,1,1,12500.0,0
1515049294,https://es.olx.com.br/norte-do-espirito-santo/imoveis/imovel-para-aluguel-tem-49-metros-quadrados-com-2-quartos-em-aribiri-vila-velha-es-1515049294,vila-velha,aribiri,1,49.0,2,1,1,1,1,1,0,0,0,1900.0,0
1515048908,https://es.olx.com.br/norte-do-espirito-santo/imoveis/apartamento-3-quartos-sendo-1-suite-2-vagas-mobiliado-locacao-anual-na-praia-do-morro-gu-1515048908,guarapari,praia-do-morro,1,120.0,3,3,2,1,1,1,0,0,1,4500.0,0
1515043568,https://es.olx.com.br/norte-do-espirito-santo/imoveis/ap1619-apartamento-com-2-dormitorios-para-alugar-41-m-colina-de-laranjeiras-serra-1515043568,serra,colina-de-laranjeiras,1,41.0,2,1,1,1,1,1,0,0,0,1800.0,0
1515039961,https://es.olx.com.br/norte-do-espirito-santo/imoveis/imovel-para-aluguel-com-50-metros-quadrados-com-1-quarto-em-jardim-da-penha-vitoria-es-1515039961,vitoria,jardim-da-penha,1,50.0,1,1,1,1,1,0,0,0,0,2200.0,0
1515038952,https://es.olx.com.br/norte-do-espirito-santo/imoveis/alugo-casa-no-bairro-alterosas-1515038952,serra,alterosas,0,90.0,3,2,1,0,0,0,0,1,0,2400.0,0
1515038914,https://es.olx.com.br/norte-do-espirito-santo/imoveis/aluga-se-kitnet-em-santa-monica-v-v-1515038914,vila-velha,santa-monica-popular,1,30.0,1,1,0,0,0,0,0,0,0,600.0,0
1515034121,https://es.olx.com.br/norte-do-espirito-santo/imoveis/algugo-lindo-apto-100-mobiliado-e-equipado-1515034121,vila-velha,praia-de-itaparica,1,39.0,2,1,1,1,1,1,1,0,1,5500.0,0
1515028338,https://es.olx.com.br/norte-do-espirito-santo/imoveis/quarto-e-sala-com-elevador-e-vaga-de-garagem-jardim-da-penha-com-mata-da-praia-1515028338,vitoria,jardim-da-penha,1,45.0,1,1,1,0,0,0,0,0,0,2250.0,0
1515026053,https://es.olx.com.br/norte-do-espirito-santo/imoveis/casa-com-5-quartos-363-m-aluguel-por-r-14-000-alphaville-jacuhy-serra-es-1515026053,serra,jacuhy,0,363.0,5,4,4,0,0,1,1,1,1,14000.0,0
1515024729,https://es.olx.com.br/norte-do-espirito-santo/imoveis/casa-linear-com-4-dormitorios-para-alugar-243-m-por-r-11-000-condominio-encargos-mes-1515024729,serra,jacuhy,0,243.0,4,3,4,0,0,1,1,0,0,11000.0,0
1515024618,https://es.olx.com.br/norte-do-espirito-santo/imoveis/aluguel-res-moschuara-clube-1515024618,cariacica,rio-branco,1,90.0,3,2,1,1,1,1,1,1,1,3000.0,0
1515021838,https://es.olx.com.br/norte-do-espirito-santo/imoveis/apartamento-com-2-quartos-para-alugar-60m-praia-da-costa-1515021838,vila-velha,praia-da-costa,1,60.0,2,2,1,1,0,1,1,0,0,3500.0,0
1515021793,https://es.olx.com.br/norte-do-espirito-santo/imoveis/casa-de-condominio-com-3-quartos-para-alugar-220m-morada-do-sol-1515021793,vila-velha,ponta-da-fruta,0,220.0,3,3,4,0,1,1,0,0,1,7500.0,0
1515013266,https://es.olx.com.br/norte-do-espirito-santo/imoveis/apartamento-para-alugar-2-quartos-60m-praia-da-costa-1515013266,vila-velha,praia-da-costa,1,60.0,2,2,1,0,1,1,0,0,1,3800.0,0
1515012232,https://es.olx.com.br/norte-do-espirito-santo/imoveis/apartamento-para-locacao-na-praia-da-costa-vila-velha-1515012232,vila-velha,olaria,1,80.0,2,3,1,1,1,1,1,1,1,3600.0,0
1514993683,https://es.olx.com.br/norte-do-espirito-santo/imoveis/alugo-apto-2qts-em-morada-de-laranjeiras-1514993683,serra,morada-de-laranjeiras,1,50.0,2,1,1,0,1,1,1,0,0,1900.0,0
1514991819,https://es.olx.com.br/norte-do-espirito-santo/imoveis/apartamento-para-aluguel-com-4-quartos-em-praia-da-costa-vila-velha-es-1514991819,vila-velha,praia-da-costa,1,124.0,4,3,2,1,1,1,0,0,0,6000.0,0
1447714495,https://es.olx.com.br/norte-do-espirito-santo/imoveis/r-casa-a-venda-mata-da-serra-ideal-para-investir-e-morar-1447714495,serra,mata-da-serra,1,367.0,5,4,1,0,0,0,0,1,0,950000.0,0
1514990834,https://es.olx.com.br/norte-do-espirito-santo/imoveis/02-07-26-a-l-u-g-o-kitinete-em-barcelona-serra-1514990834,serra,barcelona,1,25.0,1,1,0,0,0,0,0,0,0,840.0,1
1514980451,https://es.olx.com.br/norte-do-espirito-santo/imoveis/apartamento-para-aluguel-com-2-quartos-em-praia-de-itaparica-vila-velha-es-1514980451,vila-velha,praia-de-itaparica,1,65.0,2,2,1,1,1,1,0,0,0,2900.0,0
1514127805,https://es.olx.com.br/norte-do-espirito-santo/imoveis/apartamento-03-qtos-praia-da-costa-1514127805,vila-velha,praia-da-costa,1,170.0,3,3,1,0,0,0,0,0,0,5000.0,0
1514971913,https://es.olx.com.br/norte-do-espirito-santo/imoveis/aluga-se-apartamento-frente-mar-em-beverly-hills-itapua-1514971913,vila-velha,praia-da-costa,1,58.0,2,1,1,0,1,0,0,0,0,4500.0,0
1514966094,https://es.olx.com.br/norte-do-espirito-santo/imoveis/casa-com-3-quartos-para-alugar-em-vitoria-1514966094,vitoria,jardim-camburi,0,290.0,3,3,3,0,0,1,0,0,0,7005.0,0
1514965652,https://es.olx.com.br/norte-do-espirito-santo/imoveis/alugo-apto-2-quartos-proximo-ao-terminal-de-campo-grande-cariacica-cod-l017-1514965652,cariacica,santo-andre,1,55.0,2,1,0,0,0,0,0,1,0,1200.0,0
1514963864,https://es.olx.com.br/norte-do-espirito-santo/imoveis/alugou-apto-6-andar-sol-manha-vista-pro-mar-1514963864,serra,conjunto-jacaraipe,1,53.0,2,1,1,1,1,1,0,1,0,2500.0,0
1514962777,https://es.olx.com.br/norte-do-espirito-santo/imoveis/apartamento-para-locacao-3-quartos-campo-grande-1514962777,cariacica,campo-grande,1,115.0,3,2,0,0,0,0,0,0,0,1800.0,0
1514949643,https://es.olx.com.br/norte-do-espirito-santo/imoveis/aluguel--condominio-pracas-sauipe-praia-da-baleia-serra-es-1514949643,serra,praia-da-baleia,1,83.0,3,1,1,1,1,1,1,0,0,2800.0,0
1514946369,https://es.olx.com.br/norte-do-espirito-santo/imoveis/alugo-apto-1-quarto-no-aracas-apenas-para-mulher-1514946369,vila-velha,aracas,1,35.0,1,1,0,0,0,0,0,0,0,1300.0,0
1507564634,https://es.olx.com.br/norte-do-espirito-santo/imoveis/alugo-apart-praia-de-itapua-3-quartos-1suite-sol-da-manha-2-vagas-ed-praia-dourada-1507564634,vila-velha,itapua,1,85.0,3,2,2,1,1,1,0,1,0,2900.0,0
1514943348,https://es.olx.com.br/norte-do-espirito-santo/imoveis/m-alugo-apartamento-2-quartos-c-suite-no-condominio-villaggio-laranjeiras-1514943348,serra,valparaiso,1,55.0,2,1,1,1,1,1,1,0,0,2000.0,0
1514940551,https://es.olx.com.br/norte-do-espirito-santo/imoveis/imovel-para-aluguel-tem-47-metros-quadrados-com-2-quartos-em-aribiri-vila-velha-es-1514940551,vila-velha,aribiri,1,47.0,2,1,1,1,0,1,0,0,0,1900.0,0
1514939452,https://es.olx.com.br/norte-do-espirito-santo/imoveis/m-alugo-apartamento-2-quartos-condominio-barravento-em-jacaraipe-1514939452,serra,sao-patricio,1,46.0,2,1,1,1,1,1,0,0,0,1500.0,0
1514935866,https://es.olx.com.br/norte-do-espirito-santo/imoveis/apto-2-q-proximo-estadio-rio-branco-1514935866,cariacica,dom-bosco,1,74.0,2,1,0,0,0,0,0,0,0,1450.0,0
1514932996,https://es.olx.com.br/norte-do-espirito-santo/imoveis/apto-kitnet-proximo-estadio-rio-branco-1514932996,cariacica,dom-bosco,1,40.0,1,1,0,0,0,0,0,0,0,1000.0,0
1514921323,https://es.olx.com.br/norte-do-espirito-santo/imoveis/apartamento-para-aluguel-3-quartos-1-vaga-itapua-vila-velha-es-1514921323,vila-velha,itapua,1,70.0,3,1,1,0,0,0,0,0,0,3000.0,0
1514921148,https://es.olx.com.br/norte-do-espirito-santo/imoveis/apartamento-com-2-dormitorios-para-alugar-65-m-por-r-3-651-65-mes-praia-da-costa-vi-1514921148,vila-velha,praia-da-costa,1,65.0,2,2,1,1,0,1,0,0,0,3100.0,0
1514920007,https://es.olx.com.br/norte-do-espirito-santo/imoveis/apartamento-com-2-dormitorios-para-alugar-70-m-por-r-4-097-00-mes-enseada-do-sua-vi-1514920007,vitoria,enseada-do-sua,1,70.0,2,2,1,1,0,1,0,0,0,3200.0,0
1514907647,https://es.olx.com.br/norte-do-espirito-santo/imoveis/casa-com-3-dormitorios-para-alugar-180-m-por-r-5-118-mes-praia-das-gaivotas-vila-ve-1514907647,vila-velha,praia-das-gaivotas,0,180.0,3,2,2,0,0,0,0,0,0,5000.0,0
1514899072,https://es.olx.com.br/norte-do-espirito-santo/imoveis/apartamento-com-1-quarto-para-alugar-44-m-praia-de-itaparica-vila-velha-es-1514899072,vila-velha,praia-de-itaparica,1,44.0,1,1,1,0,0,0,0,0,0,2600.0,0
1514899003,https://es.olx.com.br/norte-do-espirito-santo/imoveis/apartamento-com-2-quartos-para-alugar-58-m-residencial-coqueiral-vila-velha-es-1514899003,vila-velha,residencial-coqueiral,1,58.0,2,2,1,0,1,1,0,0,0,2000.0,0
1514898816,https://es.olx.com.br/norte-do-espirito-santo/imoveis/apartamento-com-2-quartos-para-alugar-57-m-jockey-de-itaparica-vila-velha-es-1514898816,vila-velha,jockey-de-itaparica,1,57.0,2,1,1,1,0,1,0,1,0,3000.0,0
1514898787,https://es.olx.com.br/norte-do-espirito-santo/imoveis/apartamento-com-2-quartos-para-alugar-80-m-praia-da-costa-vila-velha-es-1514898787,vila-velha,praia-da-costa,1,80.0,2,2,1,0,0,1,0,0,0,4000.0,0
1514898647,https://es.olx.com.br/norte-do-espirito-santo/imoveis/apartamento-com-2-quartos-55-m-venda-ou-aluguel-ataide-vila-velha-es-1514898647,vila-velha,ataide,1,55.0,2,1,1,0,1,1,0,0,0,1550.0,0
1514898037,https://es.olx.com.br/norte-do-espirito-santo/imoveis/apartamento-cobertura-duplex-em-mata-da-praia-vitoria-es-1514898037,vitoria,mata-da-praia,1,191.0,3,4,3,1,0,1,0,1,0,11000.0,0
1514897923,https://es.olx.com.br/norte-do-espirito-santo/imoveis/locacao-de-casa-duplex-no-boulevard-lagoa-mobiliada-4-quartos-3-suites-04-vagas-pronta-par-1514897923,serra,boulevard-lagoa,0,400.0,4,5,4,0,1,1,1,0,0,15000.0,0
1514897006,https://es.olx.com.br/norte-do-espirito-santo/imoveis/apartamento-com-3-dormitorios-115-m-venda-por-r-2-600-000-00-ou-aluguel-por-r-10-000-1514897006,vitoria,barro-vermelho,1,115.0,3,3,2,1,0,1,0,1,0,10000.0,0
1514896617,https://es.olx.com.br/norte-do-espirito-santo/imoveis/locacao-de-casa-boulevard-lagoa-serra-es-05-suites-6-banh-4-vagas-lazer-completo-cond-1514896617,serra,boulevard-lagoa,0,352.0,5,5,4,0,1,1,1,0,0,8000.0,0
1514895932,https://es.olx.com.br/norte-do-espirito-santo/imoveis/ed-jandaia-jardim-da-penha-1514895932,vitoria,jardim-da-penha,1,65.0,2,1,1,1,0,0,0,0,0,3100.0,0
1514895210,https://es.olx.com.br/norte-do-espirito-santo/imoveis/amplo-apartamento-na-ilha-do-boi-disponivel-para-locacao-1514895210,vitoria,ilha-do-boi,1,157.0,3,2,1,1,1,1,0,0,0,6900.0,0
1514893376,https://es.olx.com.br/norte-do-espirito-santo/imoveis/apartamento-residencial-em-vitoria-es-jardim-da-penha-1514893376,vitoria,jardim-da-penha,1,70.0,2,2,1,0,0,0,0,0,0,2500.0,0
1514890887,https://es.olx.com.br/norte-do-espirito-santo/imoveis/apartamento-com-1-dormitorio-para-alugar-48-m-por-r-4-121-67-mes-praia-da-costa-vil-1514890887,vila-velha,praia-da-costa,1,48.0,1,1,1,0,0,1,0,1,1,3500.0,0
1514881866,https://es.olx.com.br/norte-do-espirito-santo/imoveis/studio-para-locacao-barro-vermelho-vitoria-es-1514881866,vitoria,praia-do-canto,1,35.0,1,1,1,1,1,0,0,0,0,2500.0,0
1514880654,https://es.olx.com.br/norte-do-espirito-santo/imoveis/casa-6-quartos-ilha-do-boi-1514880654,vitoria,ilha-do-boi,0,350.0,5,4,0,0,0,1,0,0,0,19000.0,1
1514872863,https://es.olx.com.br/norte-do-espirito-santo/imoveis/apartamento-mobiliado-2-quartos-com-elevador-em-colina-de-laranjeiras-1514872863,serra,colina-de-laranjeiras,1,47.0,2,1,1,1,0,1,0,0,1,2700.0,0
1514872424,https://es.olx.com.br/norte-do-espirito-santo/imoveis/apartamento-para-aluguel-2-quartos-1-suite-1-vaga-centro-guarapari-es-1514872424,guarapari,centro,1,79.0,2,2,1,1,1,1,0,1,1,4100.0,0
1514872331,https://es.olx.com.br/norte-do-espirito-santo/imoveis/apartamento-para-aluguel-3-quartos-1-suite-2-vagas-centro-guarapari-es-1514872331,guarapari,centro,1,115.0,3,2,2,1,1,1,0,1,0,5000.0,0
1514868091,https://es.olx.com.br/norte-do-espirito-santo/imoveis/apartamento-em-morada-de-laranjeiras-serra-1514868091,serra,morada-de-laranjeiras,1,25.0,1,1,1,0,0,0,0,0,0,1200.0,0
1514852343,https://es.olx.com.br/norte-do-espirito-santo/imoveis/apartamento-em-morada-de-laranjeiras-serra-1514852343,serra,morada-de-laranjeiras,1,55.0,2,2,1,0,0,0,0,0,0,3000.0,0
1514836169,https://es.olx.com.br/norte-do-espirito-santo/imoveis/casa-com-3-dormitorios-para-alugar-90-m-por-r-3-200-mes-solon-borges-vitoria-es-1514836169,vitoria,solon-borges,0,90.0,3,2,2,0,0,0,0,0,0,3200.0,0
1514832323,https://es.olx.com.br/norte-do-espirito-santo/imoveis/apartamento-com-vista-para-o-sao-pedro-prainha-guarapari-1514832323,guarapari,praia-do-morro,1,98.0,2,3,0,0,0,0,0,0,0,3100.0,1
1514827152,https://es.olx.com.br/norte-do-espirito-santo/imoveis/imovel-para-aluguel-possui-80-metros-quadrados-com-2-quartos-em-praia-do-canto-vitoria-1514827152,vitoria,praia-do-canto,1,80.0,2,2,1,1,1,1,0,0,1,6000.0,0
1511911580,https://es.olx.com.br/norte-do-espirito-santo/imoveis/apartamento-com-uma-vista-maravilhosa-para-o-morro-do-moreno-1511911580,vila-velha,praia-da-costa,1,75.0,2,1,1,0,0,0,0,0,0,2800.0,0
1514821197,https://es.olx.com.br/norte-do-espirito-santo/imoveis/oportunidade-unica-casa-em-terreno-de-1-200-m-espaco-conforto-e-potencial-1514821197,vila-velha,jaburuna,0,1200.0,2,2,1,0,0,0,0,0,0,750.0,0
1514819561,https://es.olx.com.br/norte-do-espirito-santo/imoveis/praia-do-canto-268m-residencial-ou-comercial-1514819561,vitoria,praia-do-canto,1,268.0,1,1,5,0,0,0,0,0,0,2000.0,0
1514818380,https://es.olx.com.br/norte-do-espirito-santo/imoveis/apartamento-2q-para-locacao-em-colina-de-ataide-1514818380,vila-velha,ataide,1,50.0,2,1,0,0,0,0,0,0,0,1800.0,1
1514805910,https://es.olx.com.br/norte-do-espirito-santo/imoveis/2-suites-2-vagas-lazer-clube-elevador-jardim-camburi-1514805910,vitoria,jardim-camburi,1,65.0,2,2,2,1,1,1,1,1,0,3500.0,0
1514804786,https://es.olx.com.br/norte-do-espirito-santo/imoveis/alugado-alugado-alugado-1514804786,vila-velha,terra-vermelha,1,55.0,2,1,1,0,1,1,0,0,0,1500.0,0
1514803622,https://es.olx.com.br/norte-do-espirito-santo/imoveis/apartamento-com-2-dormitorios-para-alugar-75-m-por-r-3-115-83-mes-jardim-da-penha-v-1514803622,vitoria,jardim-da-penha,1,75.0,2,2,1,0,0,0,0,0,0,2600.0,0
1514800637,https://es.olx.com.br/norte-do-espirito-santo/imoveis/apartamento-1-quarto-em-portal-de-jacaraipe-1514800637,serra,portal-de-jacaraipe,1,50.0,1,1,0,0,0,0,0,0,0,1000.0,0
1514800111,https://es.olx.com.br/norte-do-espirito-santo/imoveis/casa-2-quartos-com-amplo-espaco-interno-em-nova-carapina-i-1514800111,serra,nova-carapina-i,0,100.0,2,1,0,0,0,0,0,0,0,2100.0,1
1474583569,https://es.olx.com.br/norte-do-espirito-santo/imoveis/apartamento-luxo-frente-mar-1474583569,vila-velha,praia-de-itaparica,1,277.0,4,4,2,1,1,1,1,1,0,10500.0,0
1514786686,https://es.olx.com.br/norte-do-espirito-santo/imoveis/apartamento-na-orla-de-itaparica-2-quartos-1514786686,vila-velha,jockey-de-itaparica,1,60.0,2,2,1,1,1,1,0,1,0,3300.0,0
1514784259,https://es.olx.com.br/norte-do-espirito-santo/imoveis/3-quartos-1-suite-no-miolo-da-praia-do-canto-1514784259,vitoria,praia-do-canto,1,100.0,3,3,2,1,0,1,0,0,0,4500.0,0
1514780696,https://es.olx.com.br/norte-do-espirito-santo/imoveis/alugo-kitinet-27-99943-4444-whatsapp-1514780696,vila-velha,praia-de-itaparica,1,30.0,1,1,0,0,0,0,0,0,0,850.0,0
1514774636,https://es.olx.com.br/norte-do-espirito-santo/imoveis/imovel-para-aluguel-possui-35-metros-quadrados-com-1-quarto-em-itapua-vila-velha-es-1514774636,vila-velha,itapua,1,35.0,1,1,0,0,0,0,0,0,0,1500.0,0
1514773599,https://es.olx.com.br/norte-do-espirito-santo/imoveis/imovel-para-aluguel-tem-58-metros-quadrados-com-2-quartos-em-jockey-de-itaparica-vila-ve-1514773599,vila-velha,jockey-de-itaparica,1,58.0,2,2,1,0,1,1,1,0,0,2800.0,0
1514771754,https://es.olx.com.br/norte-do-espirito-santo/imoveis/imovel-para-aluguel-com-160-metros-quadrados-com-3-quartos-em-praia-da-costa-vila-velha-1514771754,vila-velha,praia-da-costa,1,160.0,3,2,1,1,1,1,0,0,0,3800.0,0
1514768339,https://es.olx.com.br/norte-do-espirito-santo/imoveis/imovel-para-aluguel-possui-58-metros-quadrados-com-2-quartos-1514768339,vila-velha,jockey-de-itaparica,1,58.0,2,2,1,1,1,1,1,0,0,2900.0,0
1514767452,https://es.olx.com.br/norte-do-espirito-santo/imoveis/imovel-para-aluguel-com-63-metros-quadrados-com-2-quartos-em-itapua-vila-velha-es-1514767452,vila-velha,itapua,1,63.0,2,2,1,1,1,1,1,0,0,3200.0,0
1514756226,https://es.olx.com.br/norte-do-espirito-santo/imoveis/af-alugo-ap-3-quartos-com-suite-montado-lazer-completo-praia-da-baleia-1514756226,serra,praia-da-baleia,1,70.0,3,2,2,1,1,1,1,0,0,3500.0,0
1514745494,https://es.olx.com.br/norte-do-espirito-santo/imoveis/af-alugo-ap-2-quartos-em-morada-de-laranjeiras-1514745494,serra,morada-de-laranjeiras,1,48.0,2,1,1,1,1,1,0,0,0,2000.0,0
1514743009,https://es.olx.com.br/norte-do-espirito-santo/imoveis/casa-duplex-em-laranjeiras-com-300-m-de-area-construida-1514743009,serra,parque-residencial-laranjeiras,0,300.0,4,3,4,0,0,0,0,0,0,5300.0,0
1514742762,https://es.olx.com.br/norte-do-espirito-santo/imoveis/galpao-comercial-com-750m-em-novo-porto-canoa-serra-es-1514742762,serra,novo-porto-canoa,0,750.0,0,2,0,0,0,0,0,0,0,10500.0,1
1514742655,https://es.olx.com.br/norte-do-espirito-santo/imoveis/casa-2-pavimento-com-02-quartos-sendo-01-suite-residencial-jacaraipe-serra-es-1514742655,serra,residencial-jacaraipe,0,100.0,2,2,1,0,0,0,0,0,0,2000.0,0
1514739498,https://es.olx.com.br/norte-do-espirito-santo/imoveis/imovel-para-aluguel-com-36-metros-quadrados-com-1-quarto-em-jardim-camburi-vitoria-es-1514739498,vitoria,jardim-camburi,1,36.0,1,1,1,1,1,1,1,0,0,2450.0,0
1514735771,https://es.olx.com.br/norte-do-espirito-santo/imoveis/vila-de-camburi-morada-de-laranjeiras-1514735771,serra,morada-de-laranjeiras,1,45.0,2,1,1,0,1,1,1,0,0,2000.0,0
1514734250,https://es.olx.com.br/norte-do-espirito-santo/imoveis/casa-comercial-470m-em-cobilandia-5-ambientes-rua-heliopolis-1514734250,vila-velha,cobilandia,0,470.0,5,3,2,0,0,0,0,0,0,5000.0,0
1514732738,https://es.olx.com.br/norte-do-espirito-santo/imoveis/apartamento-para-alugar-em-vila-velha-coqueiral-de-itaparica-com-2-quartos-com-55-m-1514732738,vila-velha,coqueiral-de-itaparica,1,55.0,2,1,1,0,1,0,0,0,0,2300.0,0
1514724962,https://es.olx.com.br/norte-do-espirito-santo/imoveis/studio-novo-alto-padrao-jardim-camburi-vitoria-es-1514724962,vitoria,jardim-camburi,1,40.0,1,1,1,1,1,0,1,1,0,2900.0,0
1514723755,https://es.olx.com.br/norte-do-espirito-santo/imoveis/4200-00-1514723755,vitoria,santa-lucia,1,65.0,2,2,1,1,1,1,1,1,0,4200.0,0
1498584972,https://es.olx.com.br/norte-do-espirito-santo/imoveis/alugo-kitnet-800-leia-com-atencao-nas-informacoes-1498584972,viana,marcilio-de-noronha,1,30.0,1,1,0,0,0,0,0,0,0,800.0,1
1514721420,https://es.olx.com.br/norte-do-espirito-santo/imoveis/studio-mobiliado-novo-alto-padrao-jardim-camburi-vitoria-es-1514721420,vitoria,jardim-camburi,1,40.0,1,1,1,1,1,0,1,0,1,3800.0,0
1514718374,https://es.olx.com.br/norte-do-espirito-santo/imoveis/amplo-apartamento-para-locacao-na-quadra-do-mar-da-praia-da-costa-1514718374,vila-velha,praia-da-costa,1,150.0,3,3,3,0,0,1,0,1,0,4900.0,0
1514714435,https://es.olx.com.br/norte-do-espirito-santo/imoveis/imovel-para-aluguel-possui-50-metros-quadrados-com-2-quartos-1514714435,vila-velha,coqueiral-de-itaparica,1,50.0,2,1,1,0,1,1,0,0,0,2350.0,0
1514710004,https://es.olx.com.br/norte-do-espirito-santo/imoveis/aluguel-apartamento-2-quartos-c-suite-villagio-limoeiro-1514710004,serra,jardim-limoeiro,1,49.0,2,1,0,1,1,1,1,0,0,2500.0,1
1514703302,https://es.olx.com.br/norte-do-espirito-santo/imoveis/aluga-kitnet-recanto-sereia-1514703302,guarapari,recanto-da-sereia,1,30.0,1,1,0,0,0,0,0,0,0,900.0,1
1514698883,https://es.olx.com.br/norte-do-espirito-santo/imoveis/imovel-para-aluguel-tem-40-metros-quadrados-com-1-quarto-em-jardim-da-penha-vitoria-es-1514698883,vitoria,jardim-da-penha,1,40.0,1,1,1,0,0,0,0,0,0,2000.0,0
1514682892,https://es.olx.com.br/norte-do-espirito-santo/imoveis/apartamento-buritis-3-quartos-1514682892,serra,parque-residencial-laranjeiras,1,72.0,3,2,2,1,1,1,1,1,0,3550.0,0
1514682209,https://es.olx.com.br/norte-do-espirito-santo/imoveis/imovel-para-aluguel-tem-100-metros-quadrados-com-3-quartos-em-vila-capixaba-cariacica-1514682209,cariacica,vila-capixaba,0,100.0,3,2,2,0,0,0,0,0,0,2000.0,0
1514680847,https://es.olx.com.br/norte-do-espirito-santo/imoveis/aluguel-de-kitnet-em-vasco-da-gama-cariacica-1514680847,cariacica,vasco-da-gama,1,25.0,1,1,0,0,0,0,0,0,0,700.0,0
1514680266,https://es.olx.com.br/norte-do-espirito-santo/imoveis/apartamento-2-qtos-na-barra-do-jucu-na-rua-lateral-ao-patio-do-detran-na-rodovia-do-sol-1514680266,vila-velha,riviera-da-barra,1,55.0,2,1,1,0,0,0,0,0,0,1250.0,0
1514680098,https://es.olx.com.br/norte-do-espirito-santo/imoveis/apartamento-2-quartos-2-vagas-vista-convento-e-terceira-ponte-praia-da-costa-1514680098,vila-velha,praia-da-costa,1,80.0,2,2,2,0,1,0,0,0,0,4000.0,0
1514674575,https://es.olx.com.br/norte-do-espirito-santo/imoveis/alugo-ap-2-quartos-em-colina-de-laranjeiras-1514674575,serra,colina-de-laranjeiras,1,44.0,2,1,0,1,1,1,0,0,1,2500.0,0
1514661219,https://es.olx.com.br/norte-do-espirito-santo/imoveis/apartamento-2-quartos-1-suite-mobiliado-com-vista-para-o-mar-na-praia-da-costa-ed-prim-1514661219,vila-velha,praia-da-costa,1,80.0,2,2,1,0,1,0,0,0,0,4800.0,0
1514660057,https://es.olx.com.br/norte-do-espirito-santo/imoveis/apartamento-padrao-locacao-praia-do-morro-guarapari-es-1514660057,guarapari,praia-do-morro,1,115.0,3,2,2,1,1,1,0,1,1,8000.0,0
1514657397,https://es.olx.com.br/norte-do-espirito-santo/imoveis/aluga-se-apto-2-quartos-suite-1-andar-com-area-lateral-excelente-localizacao-na-praia-d-1514657397,guarapari,praia-do-morro,1,110.0,2,1,1,0,0,0,0,0,0,2600.0,0
1514650412,https://es.olx.com.br/norte-do-espirito-santo/imoveis/apto-jd-camburi-1514650412,vitoria,jardim-camburi,1,58.0,1,1,0,0,0,0,0,0,0,1800.0,1
1512800474,https://es.olx.com.br/norte-do-espirito-santo/imoveis/casa-duplex-3-quartos-suite-quadra-do-mar-manguinhos-1512800474,serra,manguinhos,0,114.0,3,3,2,0,0,1,0,1,0,4500.0,0
1514646850,https://es.olx.com.br/norte-do-espirito-santo/imoveis/flat-no-hotel-quality-na-orla-da-praia-da-costa-vista-espetacular-do-mar-1514646850,vila-velha,praia-da-costa,1,60.0,1,1,1,0,1,0,0,0,0,3500.0,0
1514640285,https://es.olx.com.br/norte-do-espirito-santo/imoveis/apartamento-em-praia-de-itaparica-vila-velha-1514640285,vila-velha,praia-de-itaparica,1,65.0,2,2,1,1,1,1,1,1,0,2700.0,0
1514639594,https://es.olx.com.br/norte-do-espirito-santo/imoveis/locacao-anual-em-perocao-sua-casa-com-conforto-e-sossego-em-guarapari-1514639594,guarapari,praia-do-morro,0,78.0,2,1,1,0,0,0,0,0,0,2300.0,0
1514634679,https://es.olx.com.br/norte-do-espirito-santo/imoveis/imovel-para-aluguel-tem-38-metros-quadrados-com-2-quartos-em-andre-carloni-serra-es-1514634679,serra,andre-carloni,1,38.0,2,1,0,0,0,0,0,0,0,1100.0,0
1514626620,https://es.olx.com.br/norte-do-espirito-santo/imoveis/alugo-excelente-apt-9-andar-ed-praia-azul-bairro-itapua-vila-velha-es-1514626620,vila-velha,itapua,1,71.0,3,1,1,1,1,1,0,0,0,3500.0,0
1514623674,https://es.olx.com.br/norte-do-espirito-santo/imoveis/alugo-apt-3qts-suite-ilha-de-san-pietro-residence-praia-de-itaparica-vila-velha-1514623674,vila-velha,praia-de-itaparica,1,80.0,3,2,2,1,1,1,1,1,0,3500.0,0
1514609723,https://es.olx.com.br/norte-do-espirito-santo/imoveis/locacao-jockey-de-itaparica-1514609723,vila-velha,jockey-de-itaparica,1,50.0,2,1,1,0,0,1,0,0,1,2500.0,0
1514602223,https://es.olx.com.br/norte-do-espirito-santo/imoveis/ap-mobiliada-2-dormitorios-para-alugar-52-m-por-r-1-900-mes-coqueiral-de-itaparica-1514602223,vila-velha,coqueiral-de-itaparica,1,50.0,2,1,1,0,1,1,0,0,1,1900.0,0
1514595935,https://es.olx.com.br/norte-do-espirito-santo/imoveis/apartamento-para-locacao-na-praia-do-morro-1514595935,guarapari,praia-do-morro,1,250.0,2,2,1,1,0,0,0,0,0,3500.0,0
1514595033,https://es.olx.com.br/norte-do-espirito-santo/imoveis/casa-aluguel-guarapari-1514595033,guarapari,ipiranga,0,140.0,3,2,2,0,0,0,0,1,0,2300.0,0
1514591358,https://es.olx.com.br/norte-do-espirito-santo/imoveis/apartamento-com-2-dormitorios-para-alugar-90-m-por-r-5-350-00-mes-praia-do-canto-vi-1514591358,vitoria,praia-do-canto,1,90.0,2,2,1,1,0,0,0,0,0,4750.0,0
1514583461,https://es.olx.com.br/norte-do-espirito-santo/imoveis/apartamento-com-2-dormitorios-para-alugar-60-m-por-r-3-541-00-mes-praia-das-gaivotas-1514583461,vila-velha,praia-das-gaivotas,1,60.0,2,2,2,1,0,1,0,0,1,2800.0,0
1514581164,https://es.olx.com.br/norte-do-espirito-santo/imoveis/apartamento-com-2-quartos-para-aluguel-69m-1514581164,vila-velha,jockey-de-itaparica,1,69.0,2,1,0,0,1,1,0,0,0,2750.0,1
1514579456,https://es.olx.com.br/norte-do-espirito-santo/imoveis/apartamento-2-quartos-com-suite-e-varanda-em-jardim-da-penha-proximo-ao-carone-1514579456,vitoria,jardim-da-penha,1,65.0,2,2,1,1,0,0,0,1,1,3100.0,0
1514578376,https://es.olx.com.br/norte-do-espirito-santo/imoveis/apartamento-01-quarto-bairro-resistencia-vitoria-es-1514578376,vitoria,resistencia,1,50.0,1,1,0,0,0,0,0,0,0,1000.0,1
1514578348,https://es.olx.com.br/norte-do-espirito-santo/imoveis/casa-com-03-quartos-bairro-resistencia-vitoria-es-1514578348,vitoria,resistencia,0,70.0,3,1,1,0,0,0,0,0,0,1500.0,0
1514577340,https://es.olx.com.br/norte-do-espirito-santo/imoveis/apartamento-com-2-dormitorios-para-alugar-67-m-por-r-5-145-89-mes-jardim-camburi-vi-1514577340,vitoria,jardim-camburi,1,67.0,2,2,1,0,1,0,0,1,0,4500.0,0
1514575264,https://es.olx.com.br/norte-do-espirito-santo/imoveis/apartamento-para-alugar-em-serra-morada-de-laranjeiras-com-2-quartos-com-54-m-ventura-1514575264,serra,morada-de-laranjeiras,1,54.0,2,1,1,0,1,0,1,0,0,2650.0,0
1514573460,https://es.olx.com.br/norte-do-espirito-santo/imoveis/casa-casa-em-condominio-em-manguinhos-serra-1514573460,serra,manguinhos,0,114.0,3,3,2,0,0,0,0,0,0,4250.0,0
1514570309,https://es.olx.com.br/norte-do-espirito-santo/imoveis/apartamento-de-luxo-na-praia-do-morro-2-quartos-area-de-lazer-completa-82m-locacao-a-1514570309,guarapari,praia-do-morro,1,82.0,2,2,1,1,1,1,1,1,1,3700.0,0
1514567851,https://es.olx.com.br/norte-do-espirito-santo/imoveis/apartamento-mobiliado-para-aluguel-em-guarapari-es-1514567851,guarapari,centro,1,150.0,4,4,2,0,0,0,0,0,1,6500.0,0
1514564003,https://es.olx.com.br/norte-do-espirito-santo/imoveis/apartamento-3-quartos-com-suite-lazer-na-cobertura-no-parque-das-castanheiras-vila-vel-1514564003,vila-velha,praia-da-costa,1,100.0,3,3,2,1,0,1,0,0,0,5200.0,0
1514562627,https://es.olx.com.br/norte-do-espirito-santo/imoveis/alugo-apartamento-sao-diogo-1-1514562627,serra,sao-diogo-i,1,80.0,2,1,1,1,0,0,0,1,0,1700.0,0
1514555778,https://es.olx.com.br/norte-do-espirito-santo/imoveis/casa-em-guarapari-1514555778,guarapari,centro,0,152.0,3,3,3,0,0,0,0,0,0,4500.0,0
1514554327,https://es.olx.com.br/norte-do-espirito-santo/imoveis/apartamento-para-locacao-ed-costa-bella-ataide-vila-velha-es-1514554327,vila-velha,ataide,1,45.0,2,1,1,0,0,0,0,0,0,2000.0,0
1514552356,https://es.olx.com.br/norte-do-espirito-santo/imoveis/locacao-apartamento-1-quarto-com-reversivel-jardim-da-penha-vitoria-1514552356,vitoria,jardim-da-penha,1,65.0,1,2,1,1,0,0,0,1,0,2500.0,0
1514545985,https://es.olx.com.br/norte-do-espirito-santo/imoveis/casa-3q-2-suites-em-jacaraipe-com-linda-vista-1514545985,serra,castelandia,0,150.0,3,3,2,0,0,0,0,1,0,4300.0,0
1514530043,https://es.olx.com.br/norte-do-espirito-santo/imoveis/apartamento-para-alugar-em-vitoria-mata-da-praia-com-4-quartos-com-142-m-edificio-rio-1514530043,vitoria,mata-da-praia,1,142.0,4,3,2,1,1,1,0,1,0,8000.0,0
1514503638,https://es.olx.com.br/norte-do-espirito-santo/imoveis/apartamento-com-3-dormitorios-para-alugar-100-m-por-r-3-130-mes-centro-vitoria-es-1514503638,vitoria,centro,1,100.0,3,1,1,1,0,0,0,0,0,2500.0,0
1514496260,https://es.olx.com.br/norte-do-espirito-santo/imoveis/cobertura-disponivel-venda-e-aluguel-4-quartos-no-caiobas-1514496260,serra,parque-residencial-laranjeiras,1,238.0,4,5,0,1,0,1,0,1,1,7500.0,0
1514493413,https://es.olx.com.br/norte-do-espirito-santo/imoveis/oportunidade-apt-1-quarto-pontal-das-garcas-1514493413,vila-velha,pontal-das-garcas,1,30.0,1,1,0,0,0,0,0,0,0,1150.0,1
1514489578,https://es.olx.com.br/norte-do-espirito-santo/imoveis/aluga-se-casa-ampla-em-cobilandia-vila-velha-es-1514489578,vila-velha,cobilandia,0,360.0,5,3,5,0,0,0,0,1,0,3800.0,0
1516716898,https://es.olx.com.br/norte-do-espirito-santo/imoveis/apartamento-com-2-dormitorios-para-alugar-75-m-por-r-5-114-mes-praia-do-canto-vitor-1516716898,vitoria,praia-do-canto,1,75.0,2,1,2,1,0,0,0,1,0,4300.0,0
1516716934,https://es.olx.com.br/norte-do-espirito-santo/imoveis/cobertura-duplex-com-tres-quartos-em-itapua-1516716934,vila-velha,itapua,1,180.0,3,2,1,1,0,1,0,0,0,3700.0,0
1514481870,https://es.olx.com.br/norte-do-espirito-santo/imoveis/casa-em-colina-de-laranjeiras-serra-es-1514481870,serra,colina-de-laranjeiras,0,118.0,3,1,1,0,0,0,0,0,0,5000.0,0
1514478539,https://es.olx.com.br/norte-do-espirito-santo/imoveis/seu-novo-lar-espera-por-voce-no-condominio-reserva-verde-1514478539,serra,santa-luzia,1,96.0,3,2,2,1,0,1,1,0,0,3500.0,0
1514475091,https://es.olx.com.br/norte-do-espirito-santo/imoveis/alugo-casa-3-quartos-em-nova-america-vila-velha-1514475091,vila-velha,praia-de-itaparica,0,80.0,3,2,0,0,0,0,0,1,0,2000.0,0
1514467713,https://es.olx.com.br/norte-do-espirito-santo/imoveis/aluguel-apt-2-dormitorios-1514467713,vitoria,praia-do-canto,1,55.0,2,3,1,0,1,0,0,0,1,2380.0,0
1514433047,https://es.olx.com.br/norte-do-espirito-santo/imoveis/casa-duplex-em-balneario-de-carapebus-1514433047,serra,balneario-de-carapebus,0,68.0,2,1,1,0,0,1,0,0,0,2300.0,0
1514431125,https://es.olx.com.br/norte-do-espirito-santo/imoveis/kitnet-mobiliada-bairro-republica-1514431125,vitoria,republica,1,20.0,1,1,0,0,0,0,0,0,1,1400.0,0
1514417583,https://es.olx.com.br/norte-do-espirito-santo/imoveis/imovel-para-aluguel-possui-54-metros-quadrados-com-2-quartos-1514417583,vila-velha,coqueiral-de-itaparica,1,54.0,2,1,1,0,1,0,0,0,0,2500.0,0
1514415777,https://es.olx.com.br/norte-do-espirito-santo/imoveis/apartamento-02-quartos-58m-morada-da-praia-coqueiral-de-itaparica-vila-velha-es-1514415777,vila-velha,coqueiral-de-itaparica,1,58.0,2,1,1,1,1,1,0,0,0,1750.0,0
1514414580,https://es.olx.com.br/norte-do-espirito-santo/imoveis/apartamento-semi-mobiliado-1-quarto-em-jardim-camburi-vitoria-es-1514414580,vitoria,jardim-camburi,1,38.0,1,1,1,1,0,0,0,0,0,2200.0,0
1516657924,https://es.olx.com.br/norte-do-espirito-santo/imoveis/studio-para-locacao-em-jardim-da-penha-vitoria-es-1516657924,vitoria,jardim-da-penha,1,50.0,1,1,0,0,0,0,0,0,0,2500.0,0
1516657864,https://es.olx.com.br/norte-do-espirito-santo/imoveis/imovel-para-aluguel-possui-45-metros-quadrados-com-1-quarto-em-praia-da-costa-vila-velha-1516657864,vila-velha,praia-da-costa,1,45.0,1,1,1,1,1,1,1,0,1,3900.0,0
1516657234,https://es.olx.com.br/norte-do-espirito-santo/imoveis/dno-alugo-apt-3-quartos-no-vila-itacare-1516657234,serra,praia-da-baleia,1,55.0,3,1,1,0,1,1,0,0,0,1800.0,0
1516655153,https://es.olx.com.br/norte-do-espirito-santo/imoveis/imovel-para-aluguel-possui-43-metros-quadrados-com-1-quarto-em-praia-da-costa-vila-velha-1516655153,vila-velha,praia-da-costa,1,43.0,1,1,1,1,1,1,1,1,1,3500.0,0
1433617257,https://es.olx.com.br/norte-do-espirito-santo/imoveis/vendo-ou-alugo-apt-2-quartos-todo-modulado-e-mobiliado-em-manguinhos-1433617257,serra,castelandia,1,49.0,2,1,1,0,1,1,1,1,1,299000.0,0
1516653347,https://es.olx.com.br/norte-do-espirito-santo/imoveis/imovel-para-aluguel-possui-43-metros-quadrados-com-1-quarto-em-praia-da-costa-vila-velha-1516653347,vila-velha,praia-da-costa,1,43.0,1,1,1,1,1,1,1,0,1,3300.0,0
1516651107,https://es.olx.com.br/norte-do-espirito-santo/imoveis/imovel-para-aluguel-com-43-metros-quadrados-com-1-quarto-em-praia-da-costa-vila-velha-1516651107,vila-velha,praia-da-costa,1,43.0,1,1,1,1,1,1,1,1,1,3500.0,0
1514404780,https://es.olx.com.br/norte-do-espirito-santo/imoveis/apartamento-com-2-quartos-para-alugar-50m-ilha-das-flores-1514404780,vila-velha,ilha-das-flores,1,50.0,2,1,0,0,0,0,0,0,0,1100.0,0
1514403784,https://es.olx.com.br/norte-do-espirito-santo/imoveis/apartamento-02-quartos-58m-morada-da-praia-coq-de-itaparica-v-velha-es-1514403784,vila-velha,boa-vista-ii,1,58.0,2,1,1,1,0,1,0,0,0,1950.0,0
1514400862,https://es.olx.com.br/norte-do-espirito-santo/imoveis/apartamento-com-3-quartos-para-alugar-120m-praia-de-itaparica-1514400862,vila-velha,praia-de-itaparica,1,120.0,3,3,2,1,1,1,1,0,0,5500.0,0
1516648916,https://es.olx.com.br/norte-do-espirito-santo/imoveis/imovel-para-aluguel-com-35-metros-quadrados-com-1-quarto-em-morada-de-santa-fe-cariacica-1516648916,cariacica,morada-de-santa-fe,1,35.0,1,1,1,0,0,0,0,0,0,1100.0,0
1514395697,https://es.olx.com.br/norte-do-espirito-santo/imoveis/viver-bem-e-morar-ao-lado-de-tudo-1514395697,vila-velha,jockey-de-itaparica,1,55.0,2,2,1,1,0,1,1,0,1,3000.0,0
1516647557,https://es.olx.com.br/norte-do-espirito-santo/imoveis/imovel-para-aluguel-possui-110-metros-quadrados-com-3-quartos-em-morada-de-santa-fe-cari-1516647557,cariacica,morada-de-santa-fe,0,110.0,3,1,2,0,0,0,0,0,0,2100.0,0
1514390199,https://es.olx.com.br/norte-do-espirito-santo/imoveis/apartamento-com-3-quartos-para-alugar-100m-praia-da-costa-1514390199,vila-velha,praia-da-costa,1,100.0,3,3,2,0,1,1,0,0,0,5200.0,0
1514384769,https://es.olx.com.br/norte-do-espirito-santo/imoveis/apartamento-com-3-quartos-para-alugar-120m-praia-de-itaparica-1514384769,vila-velha,praia-de-itaparica,1,120.0,3,3,1,1,1,1,0,0,0,4500.0,0
1516645914,https://es.olx.com.br/norte-do-espirito-santo/imoveis/3-quartos-com-vista-para-o-mar-varanda-gourmet-quadra-da-praia-itaparica-1516645914,vila-velha,itapua,1,80.0,3,3,1,1,1,1,0,1,0,4500.0,0
1514396628,https://es.olx.com.br/norte-do-espirito-santo/imoveis/alugo-cobertura-b-industrial-vila-velha-1514396628,vila-velha,industrial,1,75.0,2,2,1,0,0,0,0,1,0,2200.0,0
1514387612,https://es.olx.com.br/norte-do-espirito-santo/imoveis/alugo-apartamento-ibes-1-quarto-1514387612,vila-velha,ibes,1,29.0,1,1,0,0,0,0,0,0,0,1200.0,0
1514363052,https://es.olx.com.br/norte-do-espirito-santo/imoveis/casa-santa-paula-alugo-1514363052,vila-velha,santa-paula-ii,0,100.0,3,1,2,0,0,0,0,1,0,2300.0,0
1514363168,https://es.olx.com.br/norte-do-espirito-santo/imoveis/casa-para-locacao-costa-bela-serra-es-1514363168,serra,costa-bela,0,200.0,5,3,3,0,0,0,0,0,1,4300.0,0
1514361635,https://es.olx.com.br/norte-do-espirito-santo/imoveis/itapoa-3-quartos-suite-80m-morar-com-vista-para-o-mar-e-sol-da-manha-1514361635,vila-velha,itapua,1,80.0,2,2,1,1,0,1,0,0,1,3600.0,0
1514360333,https://es.olx.com.br/norte-do-espirito-santo/imoveis/aluga-apartamento-2-quartos-no-jockey-de-itaparica-1514360333,vila-velha,jockey-de-itaparica,1,57.0,2,2,1,1,1,1,1,1,0,2900.0,0
1514359118,https://es.olx.com.br/norte-do-espirito-santo/imoveis/imovel-para-aluguel-com-63-metros-quadrados-com-2-quartos-em-bento-ferreira-vitoria-es-1514359118,vitoria,bento-ferreira,1,63.0,2,1,1,1,1,1,1,1,0,3500.0,0
1514358731,https://es.olx.com.br/norte-do-espirito-santo/imoveis/casa-para-aluguel-com-420m2-ampla-e-ideal-para-comercio-1514358731,vila-velha,centro-de-vila-velha,0,420.0,5,5,1,0,0,0,0,0,0,16000.0,0
1514356813,https://es.olx.com.br/norte-do-espirito-santo/imoveis/aluguel-apto-condominio-pracas-reserva-1514356813,serra,praia-da-baleia,1,69.0,2,2,2,1,1,1,1,1,1,3800.0,0
1514355426,https://es.olx.com.br/norte-do-espirito-santo/imoveis/imovel-para-aluguel-tem-107-metros-quadrados-com-2-quartos-em-bento-ferreira-vitoria-e-1514355426,vitoria,bento-ferreira,1,107.0,3,2,2,1,1,1,1,1,0,5000.0,0
1514350744,https://es.olx.com.br/norte-do-espirito-santo/imoveis/apartamento-com-2-quartos-para-alugar-70m-itapua-1514350744,vila-velha,itapua,1,70.0,2,2,1,1,1,1,1,0,1,3500.0,0
1514349228,https://es.olx.com.br/norte-do-espirito-santo/imoveis/aluga-se-apartamento-itaparica-1514349228,vila-velha,praia-de-itaparica,1,70.0,2,1,1,1,1,0,0,1,1,2300.0,0
1514341071,https://es.olx.com.br/norte-do-espirito-santo/imoveis/apartamento-3-quartos-proximo-a-praia-itapua-e-perim-1514341071,vila-velha,itapua,1,64.0,3,2,1,1,1,1,0,1,0,2700.0,0
1514339827,https://es.olx.com.br/norte-do-espirito-santo/imoveis/apartamento-em-bicanga-com-dois-quartos-1514339827,serra,bicanga,1,45.0,2,1,1,1,1,1,0,0,1,3200.0,0
1514334143,https://es.olx.com.br/norte-do-espirito-santo/imoveis/2-quartos-gaivotas-2c-1514334143,vila-velha,praia-das-gaivotas,1,55.0,2,1,1,0,1,1,0,0,0,1700.0,0
1516595694,https://es.olx.com.br/norte-do-espirito-santo/imoveis/imovel-para-aluguel-possui-35-metros-quadrados-com-1-quarto-em-itapua-vila-velha-es-1516595694,vila-velha,itapua,1,35.0,1,1,0,0,0,0,0,0,1,2000.0,0
1514330027,https://es.olx.com.br/norte-do-espirito-santo/imoveis/aluga-se-studio-em-barramares-vila-velha-es-1514330027,vila-velha,barramares,1,40.0,1,1,1,0,0,0,0,0,0,1000.0,0
1516591345,https://es.olx.com.br/norte-do-espirito-santo/imoveis/apartamento-mobiliado-1-quarto-com-suite-e-vista-para-lago-village-dos-passaros-guarap-1516591345,guarapari,enseada-azul,1,55.0,1,2,1,0,1,1,0,0,1,2600.0,0
1514328868,https://es.olx.com.br/norte-do-espirito-santo/imoveis/alugo-apto-para-2-pessoas-disponivel-dia-10-07-1514328868,vitoria,maria-ortiz,1,72.0,2,1,0,0,0,0,0,0,0,1900.0,1
1514325742,https://es.olx.com.br/norte-do-espirito-santo/imoveis/aluguel-de-apartamento-no-condominio-h-12-1514325742,vila-velha,coqueiral-de-itaparica,1,110.0,3,2,1,1,1,1,0,0,0,3000.0,0
1514324776,https://es.olx.com.br/norte-do-espirito-santo/imoveis/alugo-apartamento-2-qts-1514324776,serra,planicie-da-serra,1,59.0,2,1,1,0,1,1,0,0,0,1200.0,0
1516581404,https://es.olx.com.br/norte-do-espirito-santo/imoveis/imovel-para-aluguel-tem-110-metros-quadrados-com-3-quartos-em-morada-de-laranjeiras-serr-1516581404,serra,morada-de-laranjeiras,0,110.0,3,1,2,0,0,0,0,1,0,4700.0,0
1514320140,https://es.olx.com.br/norte-do-espirito-santo/imoveis/locacao-anual-no-sao-judas-tadeu-conforto-e-tranquilidade-em-guarapari-1514320140,guarapari,sao-judas-tadeu,1,78.0,2,1,1,0,0,0,0,0,0,2800.0,0
1514318656,https://es.olx.com.br/norte-do-espirito-santo/imoveis/apartamento-2-quartos-em-pontal-das-garcas-1514318656,vila-velha,pontal-das-garcas,1,60.0,2,1,0,0,0,0,0,1,0,1600.0,0
1514318003,https://es.olx.com.br/norte-do-espirito-santo/imoveis/residencial-privilege-3suites-com-lazer-de-clube-1514318003,vitoria,santa-helena,1,108.0,3,5,2,1,1,1,1,1,0,6500.0,0
1514316607,https://es.olx.com.br/norte-do-espirito-santo/imoveis/imovel-para-aluguel-com-100-metros-quadrados-com-3-quartos-em-itapua-vila-velha-es-1514316607,vila-velha,itapua,1,100.0,3,1,0,0,1,0,0,1,0,2750.0,0
1514303750,https://es.olx.com.br/norte-do-espirito-santo/imoveis/imovel-para-aluguel-com-65-metros-quadrados-com-2-quartos-em-centro-guarapari-es-1514303750,guarapari,centro,1,65.0,2,2,1,0,0,0,0,0,0,3000.0,0
1514296382,https://es.olx.com.br/norte-do-espirito-santo/imoveis/apartamento-mobiliado-1514296382,serra,praia-da-baleia,1,53.0,2,1,1,0,1,1,0,0,1,2500.0,0
1514294859,https://es.olx.com.br/norte-do-espirito-santo/imoveis/casa-comercial-com-4-quartos-para-alugar-100m-jaburuna-1514294859,vila-velha,jaburuna,0,80.0,4,2,1,0,0,0,0,0,0,5500.0,0
1516543383,https://es.olx.com.br/norte-do-espirito-santo/imoveis/imovel-para-aluguel-possui-85-metros-quadrados-com-3-quartos-em-jardim-da-penha-vitoria-1516543383,vitoria,jardim-da-penha,1,85.0,3,3,1,0,0,0,0,0,0,3500.0,0
1514284919,https://es.olx.com.br/norte-do-espirito-santo/imoveis/imovel-para-aluguel-possui-70-metros-quadrados-com-3-quartos-em-jardim-camburi-vitoria-1514284919,vitoria,jardim-camburi,1,78.0,3,2,1,0,0,1,0,0,0,3200.0,0
1514284270,https://es.olx.com.br/norte-do-espirito-santo/imoveis/aluguel-de-casa-2-andar-1514284270,vila-velha,barramares,0,40.0,2,1,0,0,0,0,0,0,0,1100.0,0
1514283649,https://es.olx.com.br/norte-do-espirito-santo/imoveis/alugo-kitnet-em-campo-grande-cariacica-1514283649,cariacica,campo-grande,1,30.0,1,1,0,0,0,0,0,0,0,750.0,0
1514270732,https://es.olx.com.br/norte-do-espirito-santo/imoveis/2-quartos-mobiliado-e-climatizado-em-praia-do-sua-vitoria-es-1514270732,vitoria,praia-do-sua,1,58.0,2,1,1,1,1,1,1,1,1,3500.0,0
1514270015,https://es.olx.com.br/norte-do-espirito-santo/imoveis/imovel-para-aluguel-tem-85-metros-quadrados-com-3-quartos-em-santa-lucia-vitoria-es-1514270015,vitoria,santa-lucia,1,85.0,3,1,1,1,1,1,0,0,0,3000.0,0
1514267285,https://es.olx.com.br/norte-do-espirito-santo/imoveis/aluga-se-apartamento-com-02-quartos-na-2-quadra-do-mar-na-praia-da-costa-1514267285,vila-velha,praia-da-costa,1,90.0,2,2,2,0,0,1,0,0,0,3900.0,0
1514267192,https://es.olx.com.br/norte-do-espirito-santo/imoveis/apto-2-qtos-c-suite-lazer-completo-praia-de-itaparica-vila-velha-es-1514267192,vila-velha,praia-de-itaparica,1,70.0,2,2,1,1,1,1,1,1,0,2700.0,0
1514260997,https://es.olx.com.br/norte-do-espirito-santo/imoveis/apartamento-na-praia-de-itaparica-1-suite-2-vagas-sol-da-manha-e-55m-1514260997,vila-velha,itapua,1,55.0,1,2,2,1,0,0,0,1,0,3000.0,0
1514260023,https://es.olx.com.br/norte-do-espirito-santo/imoveis/tome-de-souza-apartamento-para-locacao-1-quarto-50m-jardim-camburi-vitoria-es-1514260023,vitoria,jardim-camburi,1,50.0,1,1,0,0,0,0,0,0,0,1100.0,0
1514249353,https://es.olx.com.br/norte-do-espirito-santo/imoveis/aluga-se-apartamento-em-santa-paula-ii-com-3-quartos-com-suite-1514249353,vila-velha,santa-paula-ii,1,70.0,3,2,0,0,0,0,0,1,0,1800.0,0
1514246737,https://es.olx.com.br/norte-do-espirito-santo/imoveis/casa-de-2-quartos-mobiliada-em-novo-mexico-1514246737,vila-velha,novo-mexico,0,80.0,2,1,1,0,0,0,0,0,1,2900.0,0
1491487178,https://es.olx.com.br/norte-do-espirito-santo/imoveis/apartamento-alto-padrao-mobiliado-em-vila-velha-1491487178,vila-velha,praia-de-itaparica,1,85.0,3,2,0,1,0,1,0,1,1,4600.0,1
1514228913,https://es.olx.com.br/norte-do-espirito-santo/imoveis/aluguel-3-quartos-51m--jardim-limoeiro-r-1-515-00-taxas-ref-r-043-1514228913,serra,jardim-limoeiro,1,51.0,3,1,1,1,0,0,1,0,0,1515.0,0
1514227734,https://es.olx.com.br/norte-do-espirito-santo/imoveis/casa-rustica-de-frente-pra-praia-em-manguinhos-ponta-dos-fachos-1514227734,serra,manguinhos,0,75.0,2,1,0,0,0,0,0,1,1,3800.0,0
1514226584,https://es.olx.com.br/norte-do-espirito-santo/imoveis/alugo-casa-em-novo-porto-canoa-na-serra-1514226584,serra,novo-porto-canoa,0,150.0,3,2,2,0,0,0,0,1,0,2200.0,0
1514225972,https://es.olx.com.br/norte-do-espirito-santo/imoveis/eu-estou-a-procura-de-uma-casa-ou-kitnet-1514225972,cariacica,porto-de-santana,0,0.0,0,0,0,0,0,0,0,0,0,900.0,1
1514220132,https://es.olx.com.br/norte-do-espirito-santo/imoveis/aluguel-casa-dos-fundos-1514220132,vila-velha,santa-monica-popular,0,50.0,2,1,0,0,0,0,0,0,0,1500.0,0
1514216605,https://es.olx.com.br/norte-do-espirito-santo/imoveis/apartamento-para-locacao-praia-da-costa-parque-das-castanheiras-1514216605,vila-velha,praia-da-costa,1,150.0,4,3,2,1,1,1,1,1,0,4500.0,0
1514206678,https://es.olx.com.br/norte-do-espirito-santo/imoveis/apartamento-com-4-dormitorios-para-alugar-160-m-por-r-10-989-63-mes-praia-do-canto-1514206678,vitoria,praia-do-canto,1,160.0,4,3,2,1,0,0,0,1,1,8800.0,0
1514201829,https://es.olx.com.br/norte-do-espirito-santo/imoveis/casa-2-quartos-50-m-reserva-dos-colibris-serra-es-1514201829,serra,balneario-de-carapebus,0,50.0,2,1,1,0,0,0,0,0,0,2000.0,0
1503200206,https://es.olx.com.br/norte-do-espirito-santo/imoveis/apartamento-1-quarto-vale-encantado-vila-velha-1503200206,vila-velha,vale-encantado,1,36.0,1,1,0,0,0,0,0,0,0,1100.0,1
1514196163,https://es.olx.com.br/norte-do-espirito-santo/imoveis/apartamento-com-3-dormitorios-para-alugar-78-m-por-r-2-972-50-mes-praia-das-gaivotas-1514196163,vila-velha,praia-das-gaivotas,1,78.0,3,2,1,1,0,0,0,1,0,2300.0,0
1514189453,https://es.olx.com.br/norte-do-espirito-santo/imoveis/apartamento-jardim-camburi-proximo-faculdade-estacio-de-sa-1514189453,vitoria,jardim-camburi,1,35.0,1,1,0,0,0,0,0,0,0,2600.0,1
1514174269,https://es.olx.com.br/norte-do-espirito-santo/imoveis/dno-alugo-mobiliado-em-manguinhos-1514174269,serra,manguinhos,1,48.0,2,1,1,1,1,1,1,0,0,1500.0,0
1516270691,https://es.olx.com.br/norte-do-espirito-santo/imoveis/dno-quarto-e-sala-na-abdo-saad-1516270691,serra,costa-bela,1,35.0,1,1,1,0,1,0,0,0,0,1600.0,0
1514161993,https://es.olx.com.br/norte-do-espirito-santo/imoveis/apartamento-em-jardim-camburi-2-quartos-semi-mobiliado-1514161993,vitoria,jardim-camburi,1,62.0,2,1,1,1,1,1,0,1,1,2800.0,0
1514158591,https://es.olx.com.br/norte-do-espirito-santo/imoveis/aluguel-de-apartamento-1514158591,vila-velha,centro-de-vila-velha,1,60.0,1,1,0,0,0,0,0,1,0,2000.0,0
1516230204,https://es.olx.com.br/norte-do-espirito-santo/imoveis/praia-das-gaivotas-em-frente-a-pracinha-ed-meaipe-801-apto-03-qtos-com-suite-arms-cozin-1516230204,vila-velha,praia-das-gaivotas,1,80.0,3,2,1,1,0,1,0,0,0,2600.0,0
1514153231,https://es.olx.com.br/norte-do-espirito-santo/imoveis/apartamento-2-quartos-para-alugar-no-nice-tower-litoral-de-itapua-ref-ap1767-1514153231,vila-velha,itapua,1,60.0,2,2,2,1,0,1,0,0,0,3400.0,0
1514152627,https://es.olx.com.br/norte-do-espirito-santo/imoveis/aaa-apartamento-alugar-em-jacaraipe-1514152627,vila-velha,olaria,1,50.0,2,1,1,1,1,1,0,0,0,1700.0,0
1380177646,https://es.olx.com.br/norte-do-espirito-santo/imoveis/1-quarto-e-sala-grande-mobiliado-1380177646,vitoria,jardim-camburi,1,50.0,1,1,0,0,0,0,0,0,1,2100.0,0
1516200929,https://es.olx.com.br/norte-do-espirito-santo/imoveis/dno-alugo-apto-semi-mobiliado-r-1500-condominio-1516200929,serra,manguinhos,1,48.0,2,1,1,1,1,1,1,0,0,1500.0,0
1514118122,https://es.olx.com.br/norte-do-espirito-santo/imoveis/apartamento-3-quartos-em-jardim-camburi-1514118122,vitoria,jardim-camburi,1,70.0,3,1,1,0,0,0,0,0,0,2500.0,0
1514116697,https://es.olx.com.br/norte-do-espirito-santo/imoveis/aluguel-apartamento-2-quartos-suite-itapoa-vv-1514116697,vila-velha,itapua,1,65.0,2,2,1,1,1,1,1,1,0,3000.0,0
1514098184,https://es.olx.com.br/norte-do-espirito-santo/imoveis/hospedagem-familias-e-empresas-1514098184,vila-velha,ataide,0,115.0,3,2,1,0,0,0,0,1,1,570.0,0
1514097183,https://es.olx.com.br/norte-do-espirito-santo/imoveis/imovel-para-aluguel-tem-75-metros-quadrados-com-2-quartos-em-jardim-camburi-vitoria-es-1514097183,vitoria,jardim-camburi,1,75.0,2,2,2,1,0,1,0,0,0,3520.0,0
1514086774,https://es.olx.com.br/norte-do-espirito-santo/imoveis/apartamento-completo-1514086774,vila-velha,cocal,1,32.0,1,1,0,0,0,0,0,0,0,1300.0,0
1514033523,https://es.olx.com.br/norte-do-espirito-santo/imoveis/alugando-lindo-apto-2-qts-em-vila-velha-1514033523,vila-velha,nossa-senhora-da-penha,1,55.0,2,1,0,0,0,0,0,1,0,1800.0,0
1514002174,https://es.olx.com.br/norte-do-espirito-santo/imoveis/apartamento-3-quartos-1-suite-2-vagas-cobertas-no-next-residence-no-alphaville-jacuhy-1514002174,serra,jacuhy,1,98.0,3,2,2,1,1,1,1,0,0,5000.0,0
1516005370,https://es.olx.com.br/norte-do-espirito-santo/imoveis/imovel-para-aluguel-possui-45-metros-quadrados-com-1-quarto-em-praia-das-gaivotas-vila-v-1516005370,vila-velha,praia-das-gaivotas,1,45.0,1,1,0,0,0,0,0,0,0,1300.0,1
1513987794,https://es.olx.com.br/norte-do-espirito-santo/imoveis/aluga-se-1513987794,viana,canaa,0,58.0,1,1,0,0,0,0,0,0,0,1400.0,0
1412530150,https://es.olx.com.br/norte-do-espirito-santo/imoveis/apartamento-tres-quartos-com-suite-1412530150,vitoria,jardim-camburi,1,140.0,3,2,1,0,1,0,0,1,0,3500.0,0
1515972874,https://es.olx.com.br/norte-do-espirito-santo/imoveis/rfva-imovel-para-aluguel-tem-48-metros-quadrados-com-2-quartos-em-manguinhos-serra-es-1515972874,serra,manguinhos,1,48.0,2,1,1,0,0,0,0,0,0,1500.0,0
1513962853,https://es.olx.com.br/norte-do-espirito-santo/imoveis/apartamento-2-quatos-em-jacaraipe-1513962853,serra,sao-patricio,1,52.0,2,1,1,0,0,0,0,0,0,1400.0,0
1513960039,https://es.olx.com.br/norte-do-espirito-santo/imoveis/apartamento-2q-em-morada-de-laranjeiras-1513960039,serra,morada-de-laranjeiras,1,56.0,2,1,1,1,1,1,1,0,1,2700.0,0
1515944924,https://es.olx.com.br/norte-do-espirito-santo/imoveis/apartamento-com-3-quartos-para-alugar-120m-praia-da-costa-1515944924,vila-velha,praia-da-costa,1,120.0,3,3,2,0,1,1,1,0,0,5500.0,0
1390765349,https://es.olx.com.br/norte-do-espirito-santo/imoveis/apartamento-de-dois-quartos-1390765349,serra,morada-de-laranjeiras,0,48.0,2,2,1,0,0,0,0,0,0,1600.0,0
1513934848,https://es.olx.com.br/norte-do-espirito-santo/imoveis/apartamento-1-quarto-1513934848,vila-velha,santa-ines,1,40.0,1,1,0,0,0,0,0,0,0,1200.0,0
1493613210,https://es.olx.com.br/norte-do-espirito-santo/imoveis/alugo-casa-terrea-c-terraco-em-vila-velha-1493613210,vila-velha,vila-garrido,0,100.0,3,2,1,0,0,0,0,1,0,3850.0,0
1515895551,https://es.olx.com.br/norte-do-espirito-santo/imoveis/apto-3-quartos-em-mata-da-praia-vitoria-es-1515895551,vitoria,mata-da-praia,1,115.0,3,3,1,1,1,1,1,0,0,6300.0,0
1513908609,https://es.olx.com.br/norte-do-espirito-santo/imoveis/apartamento-para-aluguel-mobiliado-com-42-m2-com-2-quartos-em-jardim-camburi-vitoria-1513908609,vitoria,jardim-camburi,1,42.0,2,1,0,1,1,1,1,0,0,2750.0,1
1513900262,https://es.olx.com.br/norte-do-espirito-santo/imoveis/alugo-casa-no-segundo-pavimento-3-quartos-suite-2-vagas-de-garagem-1513900262,vila-velha,jaburuna,0,120.0,3,2,2,0,0,0,0,0,0,3200.0,0
1513892886,https://es.olx.com.br/norte-do-espirito-santo/imoveis/apartamento-em-praia-do-canto-vitoria-1513892886,vitoria,praia-do-canto,1,38.0,1,1,0,0,0,0,0,0,0,2370.0,0
1513892881,https://es.olx.com.br/norte-do-espirito-santo/imoveis/apartamento-em-jardim-camburi-vitoria-1513892881,vitoria,jardim-camburi,1,39.0,1,1,1,0,0,0,0,0,0,2990.0,0
1513875871,https://es.olx.com.br/norte-do-espirito-santo/imoveis/apartamento-2-quartos-com-suite-1513875871,serra,parque-residencial-laranjeiras,1,63.0,2,2,1,1,1,1,1,1,0,2000.0,0
1513866595,https://es.olx.com.br/norte-do-espirito-santo/imoveis/apartamento-para-locacao-pria-da-costa-1513866595,vila-velha,praia-da-costa,1,75.0,2,2,1,1,1,1,0,1,0,3700.0,0
1513855234,https://es.olx.com.br/norte-do-espirito-santo/imoveis/locacao-apartamento-3-quartos-jardim-da-penha-vitoria-1513855234,vitoria,jardim-da-penha,1,112.0,3,2,1,0,0,0,0,0,0,3300.0,0
1513834027,https://es.olx.com.br/norte-do-espirito-santo/imoveis/alugo-apartamento-2-quartos-somente-para-casal-sem-filhos-e-pet-1513834027,cariacica,nova-brasilia,1,0.0,2,1,0,0,0,0,0,1,0,1000.0,0
1508198784,https://es.olx.com.br/norte-do-espirito-santo/imoveis/sala-comercial-alugo-golden-business-center-1508198784,vila-velha,divino-espirito-santo,1,23.0,1,1,1,1,1,1,0,0,0,930.0,0
1513825281,https://es.olx.com.br/norte-do-espirito-santo/imoveis/apartamento-para-alugar-na-avenida-estudante-jose-julio-de-souza-praia-de-itaparica-vila-1513825281,vila-velha,praia-de-itaparica,1,115.0,3,2,2,0,0,0,1,0,0,9000.0,0
1513823916,https://es.olx.com.br/norte-do-espirito-santo/imoveis/locacao-apartamento-2-quartos-jardim-limoeiro-serra-1513823916,serra,jardim-limoeiro,1,64.0,2,2,1,1,0,1,1,0,0,1800.0,0
1513823938,https://es.olx.com.br/norte-do-espirito-santo/imoveis/locacao-apartamento-2-quartos-jardim-limoeiro-serra-1513823938,serra,jardim-limoeiro,1,54.0,2,2,1,1,0,1,1,0,0,1800.0,0
1513823942,https://es.olx.com.br/norte-do-espirito-santo/imoveis/locacao-apartamento-2-quartos-porto-canoa-serra-1513823942,serra,porto-canoa,1,54.0,2,1,1,1,0,1,1,0,0,1650.0,0
1513823915,https://es.olx.com.br/norte-do-espirito-santo/imoveis/locacao-casa-laranjeiras-serra-1513823915,serra,parque-residencial-laranjeiras,0,253.0,4,4,4,0,0,0,0,0,0,5000.0,0
1513815857,https://es.olx.com.br/norte-do-espirito-santo/imoveis/alugo-casa-1513815857,serra,porto-canoa,0,40.0,1,1,0,0,0,0,0,0,0,1200.0,0
1510722933,https://es.olx.com.br/norte-do-espirito-santo/imoveis/oapartamento-praia-da-costa-lazer-completo-1510722933,vila-velha,praia-da-costa,1,115.0,3,3,2,1,1,1,0,1,0,5900.0,0
1513806685,https://es.olx.com.br/norte-do-espirito-santo/imoveis/excelente-casa-linear-com-4-quartos-1-suite-3-closets-armarios-e-lazer-em-jacuhy-serr-1513806685,serra,jacuhy,1,244.0,4,2,2,0,1,1,1,0,0,11000.0,0
1453064492,https://es.olx.com.br/norte-do-espirito-santo/imoveis/apto-3-quartos-luxo-em-itapua-1453064492,vila-velha,itapua,1,109.0,3,2,1,0,0,0,0,0,1,4000.0,0
1446625231,https://es.olx.com.br/norte-do-espirito-santo/imoveis/lindo-flat-mobiliado-em-itapua-1446625231,vila-velha,itapua,1,38.0,1,1,0,0,0,0,0,0,1,3000.0,0
1513798212,https://es.olx.com.br/norte-do-espirito-santo/imoveis/casa-em-ataide-1513798212,vila-velha,ataide,0,100.0,2,1,0,0,0,0,0,0,0,1600.0,0
1513787483,https://es.olx.com.br/norte-do-espirito-santo/imoveis/casa-de-2-quartos-sala-cozinha-area-de-servico-e-garagem-1513787483,serra,carapina-grande,0,100.0,2,1,1,0,0,0,0,1,0,1650.0,0
1513770246,https://es.olx.com.br/norte-do-espirito-santo/imoveis/studio-para-aluguel-1-quarto-barcelona-serra-es-1513770246,serra,barcelona,1,47.0,1,1,0,0,0,0,0,0,0,1950.0,0
1513763113,https://es.olx.com.br/norte-do-espirito-santo/imoveis/imovel-para-aluguel-com-25-metros-quadrados-com-1-quarto-em-praia-de-itaparica-vila-velh-1513763113,vila-velha,praia-de-itaparica,1,25.0,1,1,0,1,0,0,0,0,0,2000.0,1
1513761761,https://es.olx.com.br/norte-do-espirito-santo/imoveis/casa-alto-padrao-para-aluguel-no-arquipelago-de-manguinhos-4-suites-piscina-1513761761,serra,manguinhos,0,350.0,4,5,4,0,1,0,0,0,1,12000.0,0
1513757873,https://es.olx.com.br/norte-do-espirito-santo/imoveis/casa-ampla-para-locacao-em-itapua-excelente-localizacao-1513757873,vila-velha,itapua,0,60.0,2,2,1,0,0,0,0,0,0,2600.0,0
757498967,https://es.olx.com.br/norte-do-espirito-santo/imoveis/sao-diogo-dois-quartos-com-varanda-e-elevador-em-sao-diogo-serra-757498967,serra,sao-diogo-ii,1,55.0,2,1,1,1,0,1,0,1,0,1400.0,0
1513727138,https://es.olx.com.br/norte-do-espirito-santo/imoveis/kit-net-mobiliada-em-itaparica-1513727138,vila-velha,praia-de-itaparica,1,30.0,1,1,0,0,0,0,0,0,0,1200.0,1
1513726640,https://es.olx.com.br/norte-do-espirito-santo/imoveis/aluguel-2-quartos-65m--jardim-camburi-r-3-115-00-taxas-ref-r-029-1513726640,vitoria,jardim-camburi,1,65.0,2,2,1,1,0,0,0,0,0,3115.0,0
1513726656,https://es.olx.com.br/norte-do-espirito-santo/imoveis/aluguel-3-quartos-67m--jardim-camburi-r-2-715-00-taxas-ref-r-042-1513726656,vitoria,jardim-camburi,1,67.0,3,1,1,0,0,0,0,0,0,2715.0,0
1513719666,https://es.olx.com.br/norte-do-espirito-santo/imoveis/apartamento-mobiliado-para-alugar-em-vila-velha-1513719666,vila-velha,itapua,1,95.0,3,2,1,0,0,0,0,0,0,2800.0,0
1513719637,https://es.olx.com.br/norte-do-espirito-santo/imoveis/apartamento-para-locacao-anual-na-praia-do-morro-1513719637,guarapari,praia-do-morro,1,95.0,3,2,2,1,0,0,0,0,0,5100.0,0
1513704650,https://es.olx.com.br/norte-do-espirito-santo/imoveis/apartamento-2-q-morada-de-laranjeiras-1513704650,serra,morada-de-laranjeiras,1,48.0,2,1,1,1,1,1,0,1,0,2300.0,0
1513697335,https://es.olx.com.br/norte-do-espirito-santo/imoveis/oportunidade-vista-mar-mobiliado-fechamento-varanda-1513697335,vila-velha,praia-de-itaparica,1,70.0,3,2,2,1,1,1,1,1,1,3500.0,0
1513696750,https://es.olx.com.br/norte-do-espirito-santo/imoveis/oportunidade-proximo-praia-apto-amplo-1513696750,vila-velha,praia-de-itaparica,1,120.0,3,2,0,0,0,0,0,1,0,2700.0,0
1513696143,https://es.olx.com.br/norte-do-espirito-santo/imoveis/casa-em-ilha-das-flores-leia-com-atencao-1513696143,vila-velha,ilha-das-flores,1,60.0,2,1,1,1,1,1,0,0,0,1600.0,0
1506219393,https://es.olx.com.br/norte-do-espirito-santo/imoveis/apartamento-3-quartos-sol-da-manha-2-vagas-lazer-completo-1506219393,vitoria,barro-vermelho,1,110.0,3,3,2,1,1,0,0,1,0,5830.0,0
1513690409,https://es.olx.com.br/norte-do-espirito-santo/imoveis/apartamento-com-02-quartos-para-locacao-em-cariacica-1513690409,cariacica,campo-grande,1,60.0,2,1,0,0,0,0,0,1,0,2500.0,0
1513690302,https://es.olx.com.br/norte-do-espirito-santo/imoveis/apartamento-com-02-quartos-para-locacao-em-cariacica-1513690302,cariacica,campo-grande,1,60.0,2,1,0,0,0,0,0,0,0,2000.0,0
1513686780,https://es.olx.com.br/norte-do-espirito-santo/imoveis/apartamento-para-aluguel-2-quartos-1-suite-1-vaga-jardim-da-penha-vitoria-es-1513686780,vitoria,jardim-da-penha,1,67.0,2,3,1,1,0,0,0,1,0,3100.0,0
1513685801,https://es.olx.com.br/norte-do-espirito-santo/imoveis/codigo-1342-jardim-camburi-1513685801,vitoria,jardim-camburi,1,62.0,2,1,1,0,0,1,0,0,0,2700.0,0
1513677608,https://es.olx.com.br/norte-do-espirito-santo/imoveis/apartamento-vitoria-praia-do-canto-1513677608,vitoria,praia-do-canto,1,65.0,2,3,2,0,0,1,0,0,0,3690.0,0
1511331780,https://es.olx.com.br/norte-do-espirito-santo/imoveis/casa-em-condominio-com-2-dormitorios-para-alugar-90-m-por-r-2-300-mes-sao-judas-tadeu-1511331780,guarapari,sao-judas-tadeu,0,90.0,2,1,2,0,0,0,0,1,0,2300.0,0
1500141838,https://es.olx.com.br/norte-do-espirito-santo/imoveis/2-quartos-barro-vermelho-1500141838,vitoria,santa-luiza,1,80.0,2,2,1,1,1,0,0,1,0,4600.0,0
1513640444,https://es.olx.com.br/norte-do-espirito-santo/imoveis/casa-parar-alugar-em-manguinhos-1513640444,serra,manguinhos,0,110.0,3,3,2,0,0,0,0,0,0,3800.0,0
1513623282,https://es.olx.com.br/norte-do-espirito-santo/imoveis/apartamento-na-praia-da-costa-com-3-quartos-duas-suites-1513623282,vila-velha,praia-da-costa,1,145.0,3,3,2,0,0,0,0,0,0,5200.0,0
1513620423,https://es.olx.com.br/norte-do-espirito-santo/imoveis/casa-para-alugar-em-manguinhos-1513620423,serra,manguinhos,0,280.0,4,3,3,0,1,0,0,1,0,5500.0,0
1513611834,https://es.olx.com.br/norte-do-espirito-santo/imoveis/3-quartos-2-banheiros-1-vaga-jardim-da-penha-prox-ufes-1513611834,vitoria,jardim-da-penha,1,90.0,3,2,1,1,1,1,0,1,0,2800.0,0
1513602651,https://es.olx.com.br/norte-do-espirito-santo/imoveis/apartamento-4-quartos-para-alugar-no-parque-das-castanheiras-1513602651,vila-velha,praia-da-costa,1,160.0,4,4,2,1,1,1,0,1,0,5500.0,0
1513599945,https://es.olx.com.br/norte-do-espirito-santo/imoveis/apto-4-qtos-praia-da-costa-1513599945,vila-velha,praia-da-costa,1,150.0,4,3,0,0,0,0,0,0,0,5200.0,1
1513596527,https://es.olx.com.br/norte-do-espirito-santo/imoveis/aluguel-apartamento-vila-velha-1513596527,vila-velha,olaria,1,150.0,4,2,0,0,0,0,0,0,0,3300.0,0
1513582717,https://es.olx.com.br/norte-do-espirito-santo/imoveis/apartamento-para-alugar-em-viana-vila-bethania-com-2-quartos-com-45-m-vila-safira-1513582717,viana,vila-bethania,1,45.0,2,1,1,1,0,1,0,0,0,1500.0,0
1513577302,https://es.olx.com.br/norte-do-espirito-santo/imoveis/pelegrine-aluga-apto-com-130m-3-qts-suite-varanda-e-vaga-descoberta-gloria-vila-vel-1513577302,vila-velha,gloria,1,130.0,3,2,1,0,0,0,0,1,0,2400.0,0
1513576010,https://es.olx.com.br/norte-do-espirito-santo/imoveis/apartamento-75-m-alugar-jardim-camburi-1513576010,vitoria,jardim-camburi,1,73.0,2,2,1,1,0,0,0,1,0,3500.0,0
1513575753,https://es.olx.com.br/norte-do-espirito-santo/imoveis/alugo-jardim-camburi-leia-a-descricao-abaixo-1513575753,vitoria,jardim-camburi,1,120.0,4,3,1,0,0,0,0,0,0,2720.0,0
1513574334,https://es.olx.com.br/norte-do-espirito-santo/imoveis/apartamento-1-quarto-para-locacao-quadra-do-mar-1513574334,serra,estancia-monazitica,1,50.0,1,1,1,0,0,0,0,0,0,1800.0,0
1513571851,https://es.olx.com.br/norte-do-espirito-santo/imoveis/kitnet-em-santa-monica-guarapari-1513571851,guarapari,santa-monica,1,40.0,1,1,0,0,0,0,0,0,0,650.0,0
1513563642,https://es.olx.com.br/norte-do-espirito-santo/imoveis/aluguel-apartamento-2-quartos-sem-garagem-gloria-vila-velha-es-1513563642,vila-velha,gloria,1,45.0,2,1,0,0,0,0,0,0,0,1400.0,1
1513562991,https://es.olx.com.br/norte-do-espirito-santo/imoveis/apartamento-2-quartos-em-jardim-limoeiro-serra-es-1513562991,serra,jardim-limoeiro,1,50.0,2,2,1,1,1,1,1,1,0,1985.0,0
1513562851,https://es.olx.com.br/norte-do-espirito-santo/imoveis/aluguel-apartamentos-2-dormitorios-lazer-completo-porto-canoa-serra-es-1513562851,serra,porto-canoa,1,48.0,2,1,1,1,0,1,0,0,0,1400.0,0
1513562304,https://es.olx.com.br/norte-do-espirito-santo/imoveis/venda-cobertura-5-dormitorios-3-suites-centro-guarapari-es-1513562304,guarapari,centro,1,290.0,5,5,2,1,0,0,0,0,0,5000.0,0
1513562060,https://es.olx.com.br/norte-do-espirito-santo/imoveis/aluguel-apartamento-2-dormitorios-coqueiral-de-itaparica-vila-velha-es-1513562060,vila-velha,coqueiral-de-itaparica,1,78.0,2,1,0,0,0,1,0,0,0,2000.0,1
1513562008,https://es.olx.com.br/norte-do-espirito-santo/imoveis/aluguel-casas-2-dormitorios-nova-rosa-da-penha-cariacica-es-1513562008,cariacica,nova-rosa-da-penha,0,110.0,2,1,0,0,0,0,0,0,0,800.0,1
1513554672,https://es.olx.com.br/norte-do-espirito-santo/imoveis/dno-alugo-apto-3-quartos-no-vila-itacare-1513554672,serra,praia-da-baleia,1,55.0,3,1,1,0,1,1,0,0,0,1800.0,0
1513548917,https://es.olx.com.br/norte-do-espirito-santo/imoveis/seu-quarto-e-sala-na-orla-da-praia-da-costa-1513548917,vila-velha,praia-da-costa,1,50.0,1,1,1,1,1,1,0,0,1,6000.0,0
1491750443,https://es.olx.com.br/norte-do-espirito-santo/imoveis/locacao-de-apartamento-de-2-quartos-no-condominio-mirante-da-vila-1491750443,vila-velha,ataide,1,60.0,2,1,1,1,1,1,1,1,0,1800.0,0
1513530748,https://es.olx.com.br/norte-do-espirito-santo/imoveis/aluga-se-apartamento-de-1-quarto-conforto-seguranca-e-lazer-completo-1513530748,vitoria,jardim-camburi,1,38.0,1,1,1,1,1,1,1,1,0,2400.0,0
1513527933,https://es.olx.com.br/norte-do-espirito-santo/imoveis/vendo-apto-2qts-com-suite-em-itapua-1513527933,vila-velha,itapua,1,74.0,2,2,1,1,1,1,1,0,1,4800.0,0
1513524077,https://es.olx.com.br/norte-do-espirito-santo/imoveis/apartamento-alto-padrao-em-praia-de-itaparica-para-locacao-vila-velha-es-1513524077,vila-velha,praia-de-itaparica,1,89.0,3,2,2,0,0,0,0,1,0,5500.0,0
1513517789,https://es.olx.com.br/norte-do-espirito-santo/imoveis/02-com-suite-quartos-ao-lado-do-shopping-praia-da-costa-1513517789,vila-velha,praia-da-costa,1,60.0,2,2,1,1,0,1,0,1,1,3150.0,0
1513513888,https://es.olx.com.br/norte-do-espirito-santo/imoveis/alianca-web-aluga-1513513888,vila-velha,praia-da-costa,1,60.0,2,2,1,1,0,1,0,1,0,2800.0,0
1513507701,https://es.olx.com.br/norte-do-espirito-santo/imoveis/imovel-para-venda-tem-90-metros-quadrados-com-2-quartos-em-praia-de-itaparica-vila-velha-1513507701,vila-velha,praia-de-itaparica,1,90.0,3,1,1,0,0,1,0,0,0,2600.0,0
1510249688,https://es.olx.com.br/norte-do-espirito-santo/imoveis/ap-studio-ja-foi-alugado-1510249688,cariacica,jardim-campo-grande,1,35.0,1,1,1,0,0,0,0,0,1,1690.0,0
1513502040,https://es.olx.com.br/norte-do-espirito-santo/imoveis/apartamento-2-quartos-recanto-da-sereia-no-terreo-com-piscina-churrasqueira-1513502040,guarapari,recanto-da-sereia,1,150.0,2,1,1,0,0,1,0,1,0,2500.0,0
1513499588,https://es.olx.com.br/norte-do-espirito-santo/imoveis/apartamento-frente-mar-155m2-com-3-suites-aluguel-anual-2-vg-praia-do-morro-1513499588,guarapari,praia-do-morro,1,155.0,3,4,2,0,0,0,0,1,1,6550.0,0
1513498597,https://es.olx.com.br/norte-do-espirito-santo/imoveis/kit-net-1513498597,vila-velha,alecrim,0,30.0,1,1,0,0,0,0,0,0,0,850.0,1
1513487729,https://es.olx.com.br/norte-do-espirito-santo/imoveis/alugo-apto-2-4-vista-do-bosque-1513487729,serra,residencial-centro-da-serra,1,50.0,2,1,1,1,1,1,1,0,0,1300.0,0
1513479677,https://es.olx.com.br/norte-do-espirito-santo/imoveis/pertinho-da-praia-de-ponta-da-fruta-n-divisa-com-recanto-da-sereia-com-piscina-1513479677,guarapari,recanto-da-sereia,1,110.0,3,1,1,0,0,1,0,1,0,2500.0,0
1513462565,https://es.olx.com.br/norte-do-espirito-santo/imoveis/via-mar-com-vista-livre-locacao-1513462565,serra,morada-de-laranjeiras,1,49.0,2,2,1,1,1,1,1,1,0,2000.0,0
1513452271,https://es.olx.com.br/norte-do-espirito-santo/imoveis/apartamento-com-2-dormitorios-para-alugar-78-m-por-r-4-826-94-mes-enseada-do-sua-vi-1513452271,vitoria,enseada-do-sua,1,78.0,2,2,1,0,0,0,0,0,0,3900.0,0
1513452226,https://es.olx.com.br/norte-do-espirito-santo/imoveis/kitnet-studio-com-1-quarto-s-e-1-banheiro-s-para-alugar-22-m-por-r-866-mes-1513452226,serra,central-carapina,1,22.0,1,1,0,0,0,0,0,0,0,866.0,0
1513450968,https://es.olx.com.br/norte-do-espirito-santo/imoveis/casa-com-3-quartos-sendo-1-suite-para-locacao-em-jardim-camburi-vitoria-es-1513450968,vitoria,jardim-camburi,0,200.0,3,2,4,0,0,0,0,1,0,7500.0,0
1513449377,https://es.olx.com.br/norte-do-espirito-santo/imoveis/apartamento-com-2-dormitorios-para-alugar-58-m-por-r-2-500-praia-de-itaparica-vila-1513449377,vila-velha,praia-de-itaparica,1,58.0,2,2,1,0,1,1,0,1,0,2500.0,0
1513433542,https://es.olx.com.br/norte-do-espirito-santo/imoveis/apartamento-de-3-quartos-com-suite-em-jardim-da-penha-1513433542,vitoria,jardim-da-penha,1,85.0,3,2,2,1,0,0,0,1,0,3930.0,0
1513430461,https://es.olx.com.br/norte-do-espirito-santo/imoveis/apartamento-com-2-dormitorios-para-alugar-58-m-por-r-3-030-mes-jockey-de-itaparica-1513430461,vila-velha,jockey-de-itaparica,1,58.0,2,2,1,0,0,1,0,1,0,2600.0,0
1513429452,https://es.olx.com.br/norte-do-espirito-santo/imoveis/codigo-1509-jardim-da-penha-1513429452,vitoria,jardim-da-penha,1,77.0,3,2,2,0,0,1,1,0,0,4000.0,0
1513429408,https://es.olx.com.br/norte-do-espirito-santo/imoveis/casa-triplex-para-locacao-anual-em-perocao-guarapari-es-3-quartos-2-suites-3-salas-3-1513429408,guarapari,perocao,0,300.0,3,3,2,0,0,1,0,0,0,4500.0,0
1513424390,https://es.olx.com.br/norte-do-espirito-santo/imoveis/casa-para-aluguel-4-quartos-2-suites-1-vaga-sao-judas-tadeu-guarapari-es-1513424390,guarapari,sao-judas-tadeu,0,400.0,4,5,1,0,0,0,0,1,1,5500.0,0
1513411417,https://es.olx.com.br/norte-do-espirito-santo/imoveis/kitnete-1513411417,vila-velha,itapua,1,30.0,1,1,0,0,0,0,0,0,0,1350.0,1
1512559494,https://es.olx.com.br/norte-do-espirito-santo/imoveis/alugo-apartamento-1512559494,vila-velha,jockey-de-itaparica,1,76.0,2,2,1,1,1,0,0,1,0,2350.0,0
1512540866,https://es.olx.com.br/norte-do-espirito-santo/imoveis/casa-ou-kitnet-pra-alugar-1512540866,guarapari,kubitschek,0,30.0,1,1,1,0,0,0,0,0,0,600.0,0
1512462633,https://es.olx.com.br/norte-do-espirito-santo/imoveis/apartamento-completo-pra-alugar-1512462633,vila-velha,cobilandia,1,55.0,2,1,2,0,1,0,0,0,1,2500.0,0
1512052949,https://es.olx.com.br/norte-do-espirito-santo/imoveis/procuro-kitinete-ou-ap-na-gloria-1512052949,vila-velha,gloria,0,30.0,1,1,0,0,0,0,0,0,0,1000.0,0
1511774045,https://es.olx.com.br/norte-do-espirito-santo/imoveis/quitinete-em-porto-canoa-serra-es-1511774045,serra,porto-canoa,1,45.0,1,1,1,0,0,0,0,0,0,1000.0,0
1513371373,https://es.olx.com.br/norte-do-espirito-santo/imoveis/oprtunidade-locacao-casa-boulevard-lagoa-1513371373,serra,boulevard-lagoa,0,320.0,5,5,4,0,0,1,0,0,0,8000.0,0
1512211575,https://es.olx.com.br/norte-do-espirito-santo/imoveis/aluga-apartamento-ilha-santa-maria-1512211575,vitoria,ilha-de-santa-maria,1,60.0,1,1,0,0,0,0,0,0,0,1100.0,1
1512671934,https://es.olx.com.br/norte-do-espirito-santo/imoveis/alugo-casa-em-estado-de-zero-em-nova-ponta-da-fruta-1512671934,guarapari,recanto-da-sereia,0,50.0,2,1,1,0,0,0,0,0,0,1400.0,0
1513359591,https://es.olx.com.br/norte-do-espirito-santo/imoveis/aluga-apartamento-no-morro-do-quadro-1513359591,vitoria,santa-tereza,1,35.0,1,1,0,0,0,0,0,1,0,750.0,0
1513349365,https://es.olx.com.br/norte-do-espirito-santo/imoveis/venda-ou-locacao-apartamento-2-quartos-jardim-camburi-vitoria-1513349365,vitoria,jardim-camburi,1,55.0,2,1,1,1,0,1,0,1,0,2400.0,0
1510688257,https://es.olx.com.br/norte-do-espirito-santo/imoveis/europa-tower-andar-alto-torre-roma-sol-da-manha-1510688257,vila-velha,praia-de-itaparica,1,125.0,3,3,2,1,1,1,1,1,0,5500.0,0
1513338251,https://es.olx.com.br/norte-do-espirito-santo/imoveis/casa-com-5-quartos-para-alugar-270-m-praia-do-morro-guarapari-es-1513338251,guarapari,praia-do-morro,0,270.0,5,5,2,0,0,1,0,1,0,8000.0,0
1513338244,https://es.olx.com.br/norte-do-espirito-santo/imoveis/casa-com-2-dormitorios-para-alugar-200-m-por-r-1-000-02-dia-enseada-azul-guarapari-1513338244,guarapari,enseada-azul,0,200.0,2,2,5,0,0,0,0,0,1,1000.0,0
1513338277,https://es.olx.com.br/norte-do-espirito-santo/imoveis/casa-com-3-dormitorios-para-alugar-450-m-por-r-1-745-07-dia-enseada-azul-guarapari-1513338277,guarapari,enseada-azul,0,450.0,3,3,2,0,0,1,0,1,0,1600.0,0
1513338236,https://es.olx.com.br/norte-do-espirito-santo/imoveis/casa-com-3-quartos-com-suite-para-alugar-250-m-por-r-5-000-mes-muquicaba-guarapari-1513338236,guarapari,muquicaba,0,250.0,3,4,3,0,0,0,0,0,0,5000.0,0
1513338247,https://es.olx.com.br/norte-do-espirito-santo/imoveis/apartamento-com-3-dormitorios-para-alugar-156-m-por-r-3-735-33-dia-enseada-azul-gua-1513338247,guarapari,enseada-azul,1,156.0,3,2,2,0,0,1,0,1,1,2700.0,0
1513338230,https://es.olx.com.br/norte-do-espirito-santo/imoveis/kitnet-com-1-dormitorio-para-alugar-70-m-por-r-1-500-02-mes-praia-do-morro-guarapar-1513338230,guarapari,praia-do-morro,1,70.0,1,1,0,0,0,0,0,0,0,1500.0,0
1513338156,https://es.olx.com.br/norte-do-espirito-santo/imoveis/casa-com-5-quartos-sendo-4-suites-piscina-sauna-e-campinho-a-venda-540-m-por-r-2-400-1513338156,guarapari,ipiranga,0,540.0,5,5,5,0,0,1,0,0,0,9500.0,0
1513333902,https://es.olx.com.br/norte-do-espirito-santo/imoveis/apartamento-4-quartos-edificio-pedra-do-mar-praia-a-costa-mobiliado-na-quadra-do-mar-1513333902,vila-velha,praia-da-costa,1,150.0,4,4,2,1,1,1,0,1,1,7000.0,0
1513321982,https://es.olx.com.br/norte-do-espirito-santo/imoveis/alugo-apartamento-em-porto-canoa-na-serra-1513321982,serra,porto-canoa,1,45.0,2,1,1,1,1,1,1,0,0,2000.0,0
1513321791,https://es.olx.com.br/norte-do-espirito-santo/imoveis/sua-empresa-no-lugar-certo-em-santa-monica-1513321791,vila-velha,santa-monica-popular,0,200.0,3,1,3,0,0,0,0,0,0,3500.0,0
1513320029,https://es.olx.com.br/norte-do-espirito-santo/imoveis/casa-para-alugar-com-180m-na-barra-do-jucu-vila-velha-1513320029,vila-velha,barra-do-jucu,0,180.0,3,2,2,0,0,0,0,0,0,3000.0,0
1513319930,https://es.olx.com.br/norte-do-espirito-santo/imoveis/apartamento-para-alugar-com-80m-na-praia-de-itapua-vila-velha-1513319930,vila-velha,itapua,1,80.0,2,1,0,0,0,0,0,0,0,5500.0,1
1513319926,https://es.olx.com.br/norte-do-espirito-santo/imoveis/casa-para-alugar-com-384m-na-praia-de-itapua-vila-velha-1513319926,vila-velha,praia-da-costa,0,384.0,4,5,4,0,0,0,0,0,0,17000.0,0
1513304617,https://es.olx.com.br/norte-do-espirito-santo/imoveis/apartamento-amplo-em-marcilio-de-noronha-1513304617,viana,marcilio-de-noronha,1,40.0,1,1,1,0,0,0,0,0,0,1100.0,0
1513295415,https://es.olx.com.br/norte-do-espirito-santo/imoveis/imovel-para-aluguel-com-44-metros-quadrados-com-2-quartos-no-condominio-vista-de-manguinho-1513295415,serra,manguinhos,1,44.0,2,1,1,1,1,1,1,0,0,1700.0,0
1513292285,https://es.olx.com.br/norte-do-espirito-santo/imoveis/locacao-apartamento-3-quartos-praia-de-itaparica-vila-velha-1513292285,vila-velha,praia-de-itaparica,1,70.0,3,2,2,1,0,1,1,1,0,3000.0,0
1515329348,https://es.olx.com.br/norte-do-espirito-santo/imoveis/apartamento-3-quartos-em-praia-de-itaparica-1515329348,vila-velha,praia-de-itaparica,1,73.0,3,1,2,0,1,1,1,1,0,3300.0,0
1515329375,https://es.olx.com.br/norte-do-espirito-santo/imoveis/apartamento-2-quartos-em-praia-de-itaparica-1515329375,vila-velha,praia-de-itaparica,1,60.0,2,1,1,0,1,1,1,1,0,3300.0,0
1515320102,https://es.olx.com.br/norte-do-espirito-santo/imoveis/imovel-para-aluguel-com-59-metros-quadrados-com-2-quartos-em-praia-de-itaparica-vila-vel-1515320102,vila-velha,praia-de-itaparica,1,59.0,2,2,1,1,1,1,1,1,0,3000.0,0
1510672241,https://es.olx.com.br/norte-do-espirito-santo/imoveis/alugo-02-quartos-com-suite-e-vista-eterna-para-o-mar-1510672241,vila-velha,praia-de-itaparica,1,60.0,2,2,1,1,1,1,1,1,0,2700.0,0
1513270576,https://es.olx.com.br/norte-do-espirito-santo/imoveis/aluga-se-apto-em-morada-de-laranjeiras-serra-cond-amalfi-no-conj-villagio-manguinho-1513270576,serra,morada-de-laranjeiras,1,55.0,2,2,1,1,1,1,0,1,0,1650.0,0
1512542043,https://es.olx.com.br/norte-do-espirito-santo/imoveis/apartamento-centro-de-guarapari-1512542043,guarapari,centro,1,79.0,2,2,1,1,1,0,0,0,0,3600.0,0
1513266295,https://es.olx.com.br/norte-do-espirito-santo/imoveis/alugo-apartamento-de-2-quartos-em-jardim-camburi-1513266295,vitoria,jardim-camburi,1,91.0,2,1,1,1,1,1,0,1,0,3100.0,0
1512559266,https://es.olx.com.br/norte-do-espirito-santo/imoveis/alugo-quitinete-vila-capixaba-1512559266,cariacica,vila-capixaba,0,70.0,2,1,1,0,0,0,0,0,0,850.0,0
1513258008,https://es.olx.com.br/norte-do-espirito-santo/imoveis/apartamento-mobiliado-para-locacao-1513258008,serra,morada-de-laranjeiras,1,53.0,2,1,1,1,1,1,0,1,1,2300.0,0
1513255742,https://es.olx.com.br/norte-do-espirito-santo/imoveis/apart-mobiliado-1-quarto-em-coqueiral-de-itaparica-1513255742,vila-velha,coqueiral-de-itaparica,1,30.0,1,1,0,0,0,0,0,0,1,2200.0,0
1513243892,https://es.olx.com.br/norte-do-espirito-santo/imoveis/imovel-para-aluguel-tem-60-metros-quadrados-com-2-quartos-em-itapua-vila-velha-es-1513243892,vila-velha,itapua,0,60.0,2,1,1,0,0,0,0,0,0,2600.0,0
1513242295,https://es.olx.com.br/norte-do-espirito-santo/imoveis/imovel-para-aluguel-possui-40-metros-quadrados-com-1-quarto-em-jardim-guadalajara-vila-v-1513242295,vila-velha,jardim-guadalajara,1,40.0,1,1,0,0,0,0,0,0,1,2500.0,1
1513240605,https://es.olx.com.br/norte-do-espirito-santo/imoveis/alguel-casa-duplex-no-condominio-boulevard-lagoa-1513240605,serra,boulevard-lagoa,0,330.0,5,5,4,0,1,0,1,0,0,8000.0,0
1512310857,https://es.olx.com.br/norte-do-espirito-santo/imoveis/apartamento-de-2-quartos-com-suite-e-100-mobiliado-no-enjoy-residence-itapua-vv-1512310857,vila-velha,itapua,1,60.0,2,2,1,1,1,1,1,1,1,4500.0,0
1467051358,https://es.olx.com.br/norte-do-espirito-santo/imoveis/kitnet-mobiliada-1467051358,vila-velha,sao-conrado,1,32.0,1,1,3,0,0,0,0,0,1,1100.0,0
1513230966,https://es.olx.com.br/norte-do-espirito-santo/imoveis/imovel-para-aluguel-casa-alto-padrao-linear-4qts-ste-2-vgs-lazer-alphaville-jacuhy-s-1513230966,serra,jacuhy,0,244.0,4,3,2,0,1,1,1,0,0,11000.0,0
1513230859,https://es.olx.com.br/norte-do-espirito-santo/imoveis/apartamento-2qt-mobiliado-a-poucos-passos-da-orla-da-praia-da-costa-1513230859,vila-velha,praia-da-costa,1,80.0,2,2,1,1,0,0,0,0,1,4200.0,0
1513230470,https://es.olx.com.br/norte-do-espirito-santo/imoveis/aluga-se-apartamento-semi-mobiliado-2-quartos-regiao-das-castanheiras-praia-da-cos-1513230470,vila-velha,praia-da-costa,1,80.0,2,1,1,1,0,1,0,0,0,4000.0,0
1513228905,https://es.olx.com.br/norte-do-espirito-santo/imoveis/alugo-kitinete-na-barra-do-jucu-1513228905,vila-velha,barra-do-jucu,1,18.0,1,1,1,0,0,0,0,1,0,850.0,0
1513203924,https://es.olx.com.br/norte-do-espirito-santo/imoveis/apartamento-para-aluguel-na-praia-do-morro-1513203924,guarapari,praia-do-morro,1,100.0,3,2,2,1,1,0,0,1,1,4000.0,0
1511134561,https://es.olx.com.br/norte-do-espirito-santo/imoveis/apartamento-com-2-quartos-66-m-venda-ou-aluguel-praia-de-itaparica-vila-velha-es-1511134561,vila-velha,praia-de-itaparica,1,67.0,2,2,1,0,1,1,0,1,0,3500.0,0
1508987213,https://es.olx.com.br/norte-do-espirito-santo/imoveis/apartamento-com-2-quartos-para-alugar-54-m-jockey-de-itaparica-vila-velha-es-1508987213,vila-velha,jockey-de-itaparica,1,55.0,2,1,1,1,1,1,1,1,0,2500.0,0
1509857758,https://es.olx.com.br/norte-do-espirito-santo/imoveis/apartamento-com-2-quartos-para-alugar-praia-de-itaparica-vila-velha-es-1509857758,vila-velha,praia-das-gaivotas,1,62.0,2,2,1,1,1,1,0,1,0,2700.0,0
1511426442,https://es.olx.com.br/norte-do-espirito-santo/imoveis/apartamento-com-2-quartos-para-alugar-50-m-ataide-vila-velha-es-1511426442,vila-velha,ataide,1,50.0,2,1,1,1,0,1,0,0,0,1800.0,0
1512764379,https://es.olx.com.br/norte-do-espirito-santo/imoveis/lindo-apto-de-3-quartos-com-vda-e-vaga-alugo-vendo-r-4-800-00-mobiliado-1512764379,vitoria,jardim-da-penha,1,100.0,3,1,1,0,0,0,0,1,1,4800.0,0
1513192891,https://es.olx.com.br/norte-do-espirito-santo/imoveis/3-quartos-nno-miolo-da-praia-do-canto-2-vagas-1513192891,vitoria,praia-do-canto,1,100.0,3,3,2,0,1,1,0,0,0,6900.0,0
1513192889,https://es.olx.com.br/norte-do-espirito-santo/imoveis/apartamento-garden-no-miolo-da-praia-do-canto-3-quartos-2-vagas-1513192889,vitoria,praia-do-canto,1,165.0,3,3,2,0,1,1,0,0,0,9000.0,0
1513185840,https://es.olx.com.br/norte-do-espirito-santo/imoveis/apartamento-com-3-dormitorios-para-alugar-84-m-por-r-3-062-mes-jockey-de-itaparica-1513185840,vila-velha,jockey-de-itaparica,1,84.0,3,2,1,1,0,0,0,1,0,3000.0,0
1515206034,https://es.olx.com.br/norte-do-espirito-santo/imoveis/imovel-para-aluguel-tem-46-metros-quadrados-com-1-quarto-em-praia-de-itaparica-vila-velh-1515206034,vila-velha,praia-de-itaparica,1,46.0,1,1,1,1,1,1,1,1,0,2100.0,0
1513177598,https://es.olx.com.br/norte-do-espirito-santo/imoveis/apartamento-para-aluguel-em-vitoria-es-santa-helena-1-quarto-1-vaga-1513177598,vitoria,santa-helena,1,37.0,1,1,1,1,1,1,1,1,1,3500.0,0
1513164813,https://es.olx.com.br/norte-do-espirito-santo/imoveis/apartamento-para-alugar-em-vila-velha-praia-de-itaparica-com-3-quartos-com-75-m-mar-e-1513164813,vila-velha,praia-de-itaparica,1,75.0,3,2,2,0,1,1,1,0,0,4950.0,0
1513164275,https://es.olx.com.br/norte-do-espirito-santo/imoveis/apartamento-para-alugar-em-vila-velha-praia-de-itaparica-com-3-quartos-com-75-m-mar-e-1513164275,vila-velha,praia-de-itaparica,1,75.0,3,2,2,0,1,1,1,0,0,2900.0,0
1513161476,https://es.olx.com.br/norte-do-espirito-santo/imoveis/apartamento-para-locacao-de-3-quartos-em-itapua-ref-711-1513161476,vila-velha,itapua,1,120.0,3,3,0,1,1,1,1,1,0,4200.0,1
1515181433,https://es.olx.com.br/norte-do-espirito-santo/imoveis/apartamento-4-quartos-com-duas-suites-todo-montado-semi-mobiliado-frente-para-o-mar-1515181433,vila-velha,praia-de-itaparica,1,250.0,4,4,2,1,1,1,0,1,0,11900.0,0
1513127102,https://es.olx.com.br/norte-do-espirito-santo/imoveis/apartamento-com-tres-quartos-mobiliado-1513127102,vila-velha,itapua,1,90.0,3,2,1,0,0,1,0,0,1,3500.0,0
1515143061,https://es.olx.com.br/norte-do-espirito-santo/imoveis/apartamento-2-q-com-suite-itapua-1515143061,vila-velha,itapua,1,105.0,2,2,1,1,1,1,0,1,0,5000.0,0
1513103254,https://es.olx.com.br/norte-do-espirito-santo/imoveis/vista-do-limoeiro-alugo-2-quartos-por-1-990-1513103254,serra,manoel-plaza,1,46.0,2,1,1,1,1,1,1,0,0,1990.0,0
1513098175,https://es.olx.com.br/norte-do-espirito-santo/imoveis/studio-de-1-quarto-a-venda-na-enseada-do-sua-vitoria-es-1513098175,vitoria,enseada-do-sua,1,40.0,1,1,1,0,1,1,1,1,0,4500.0,0
1513097668,https://es.olx.com.br/norte-do-espirito-santo/imoveis/studio-de-1-quarto-a-venda-na-enseada-do-sua-vitoria-es-1513097668,vitoria,enseada-do-sua,1,40.0,1,1,1,0,1,1,1,1,0,4500.0,0
1513091031,https://es.olx.com.br/norte-do-espirito-santo/imoveis/alugo-kitinet-mobiliada-1513091031,vila-velha,jardim-asteca,1,35.0,1,1,1,0,0,0,0,1,1,1480.0,0
1513079656,https://es.olx.com.br/norte-do-espirito-santo/imoveis/aluguel-de-2-quartos-em-gaivotas-1513079656,vila-velha,praia-das-gaivotas,1,60.0,2,1,1,1,0,0,0,1,0,2400.0,0
1513079094,https://es.olx.com.br/norte-do-espirito-santo/imoveis/locacao-apartamento-2-quartos-morada-de-laranjeiras-serra-1513079094,serra,morada-de-laranjeiras,1,47.0,2,1,1,1,0,1,0,0,0,1500.0,0
1513079079,https://es.olx.com.br/norte-do-espirito-santo/imoveis/locacao-apartamento-2-quartos-sao-patricio-serra-1513079079,serra,sao-patricio,1,48.0,2,1,0,0,0,1,0,0,0,1350.0,0
1513075580,https://es.olx.com.br/norte-do-espirito-santo/imoveis/apartamento-03-quartos-com-preparacao-para-area-gourmet-na-varanda-1513075580,vila-velha,praia-da-costa,1,110.0,3,2,2,1,0,1,1,0,1,4900.0,0
1513070832,https://es.olx.com.br/norte-do-espirito-santo/imoveis/flat-em-jardim-da-penha-mobiliado-1513070832,vitoria,jardim-da-penha,1,45.0,1,1,1,0,0,0,0,0,1,3500.0,0
1513061532,https://es.olx.com.br/norte-do-espirito-santo/imoveis/apartamento-03-quartos-mobiliado-com-uma-vista-espetacular-do-mar-na-praia-de-itaparica-vv-1513061532,vila-velha,praia-de-itaparica,1,70.0,3,1,2,1,1,1,1,0,0,4500.0,0
1513057759,https://es.olx.com.br/norte-do-espirito-santo/imoveis/aluguel-no-cond-mar-azul-1-na-praia-da-costa-vila-velha-es-1513057759,vila-velha,praia-da-costa,1,60.0,2,1,1,0,1,1,0,0,0,1800.0,0
1513055383,https://es.olx.com.br/norte-do-espirito-santo/imoveis/maravilhosa-cobertura-duplex-4-quartos-sendo-2-suites-para-aluguel-anual-2-vg-1513055383,guarapari,centro,1,288.0,4,4,2,0,0,0,0,1,0,7250.0,0
1513048973,https://es.olx.com.br/norte-do-espirito-santo/imoveis/ed-london-ville-apartamento-03-qts-c-suite-112m-praia-de-itaparica-vila-velha-es-1513048973,vila-velha,praia-de-itaparica,1,84.0,3,2,2,1,1,1,1,0,0,4500.0,0
1513045050,https://es.olx.com.br/norte-do-espirito-santo/imoveis/imovel-para-aluguel-tem-45-metros-quadrados-com-2-quartos-em-valparaiso-serra-es-1513045050,serra,valparaiso,1,45.0,2,1,1,0,1,0,0,0,0,1350.0,0
1513042873,https://es.olx.com.br/norte-do-espirito-santo/imoveis/apartamento-3-quartos-para-locacao-anual-na-praia-do-morro-em-guarapari-1513042873,guarapari,praia-do-morro,1,100.0,3,3,2,0,0,0,0,0,0,3650.0,0
1513035057,https://es.olx.com.br/norte-do-espirito-santo/imoveis/imovel-para-aluguel-com-320-metros-quadrados-com-5-quartos-em-boulevard-lagoa-serra-es-1513035057,serra,boulevard-lagoa,0,320.0,5,5,4,0,1,1,1,0,0,8000.0,0
1432093448,https://es.olx.com.br/norte-do-espirito-santo/imoveis/apartamento-de-2-quartos-1432093448,serra,praia-da-baleia,1,52.0,2,1,1,1,1,1,1,1,0,2500.0,0
1513012154,https://es.olx.com.br/norte-do-espirito-santo/imoveis/apartamento-para-aluguel-2-quartos-1-vaga-centro-guarapari-es-1513012154,guarapari,centro,1,80.0,2,2,1,1,1,0,0,0,1,3200.0,0
1513012101,https://es.olx.com.br/norte-do-espirito-santo/imoveis/apartamento-para-aluguel-1-quarto-1-vaga-centro-guarapari-es-1513012101,guarapari,centro,1,30.0,1,1,1,1,1,0,0,1,1,2600.0,0
1513012096,https://es.olx.com.br/norte-do-espirito-santo/imoveis/apartamento-para-aluguel-2-quartos-1-suite-centro-guarapari-es-1513012096,guarapari,centro,1,86.0,2,2,0,1,1,0,0,1,1,2500.0,0
1513010324,https://es.olx.com.br/norte-do-espirito-santo/imoveis/alugo-apartamento-mobiliado-em-jardim-limoeiro-1513010324,serra,jardim-limoeiro,1,50.0,2,1,1,0,1,1,0,1,1,2500.0,0
1512993775,https://es.olx.com.br/norte-do-espirito-santo/imoveis/imovel-para-aluguel-com-200-metros-quadrados-com-3-quartos-em-olaria-vila-velha-es-1512993775,vila-velha,olaria,0,200.0,3,2,1,0,0,0,0,0,0,2800.0,0
1512989261,https://es.olx.com.br/norte-do-espirito-santo/imoveis/imovel-para-aluguel-com-600-metros-quadrados-com-3-quartos-em-praia-das-gaivotas-vila-ve-1512989261,vila-velha,praia-das-gaivotas,1,600.0,3,2,0,0,0,1,0,0,0,15000.0,0
1512986933,https://es.olx.com.br/norte-do-espirito-santo/imoveis/imovel-para-aluguel-tem-60-metros-quadrados-com-2-quartos-em-jardim-da-penha-vitoria-e-1512986933,vitoria,jardim-da-penha,1,60.0,2,1,1,1,0,0,0,0,0,2500.0,0
1512985100,https://es.olx.com.br/norte-do-espirito-santo/imoveis/imovel-para-aluguel-possui-47-metros-quadrados-com-2-quartos-em-planicie-da-serra-serra-1512985100,serra,planicie-da-serra,1,47.0,2,1,1,0,1,0,0,0,0,1000.0,0
1512984181,https://es.olx.com.br/norte-do-espirito-santo/imoveis/lindo-3-quartos-no-coiabas-de-laranjeiras-1512984181,serra,santa-luzia,1,133.0,3,4,1,1,1,1,1,1,0,5900.0,0
1512982472,https://es.olx.com.br/norte-do-espirito-santo/imoveis/alugo-casa-reformada-no-centro-de-vitoria-com-80m-2-quartos-e-1-vaga-r-3-400-00-1512982472,vitoria,centro,0,80.0,2,1,1,0,0,0,0,1,0,3400.0,0
1512979243,https://es.olx.com.br/norte-do-espirito-santo/imoveis/alianca-web-aluga-1512979243,vila-velha,praia-de-itaparica,1,65.0,2,2,2,1,1,1,0,1,0,2850.0,0
1512979160,https://es.olx.com.br/norte-do-espirito-santo/imoveis/imovel-para-aluguel-tem-49-metros-quadrados-com-2-quartos-em-jardim-do-vale-vila-velha-1512979160,vila-velha,jardim-do-vale,1,49.0,2,1,1,0,0,0,0,0,0,2000.0,0
1512978229,https://es.olx.com.br/norte-do-espirito-santo/imoveis/alianca-web-aluga-casa-para-aluguel-na-vila-velha-gloria-com-2-quartos-suite-e-vaga-1512978229,vila-velha,gloria,0,98.0,2,2,1,0,0,0,0,0,0,2500.0,0
1512977712,https://es.olx.com.br/norte-do-espirito-santo/imoveis/edificio-bonanza-2-quartos-sendo-1-suite-para-locacao-no-centro-de-guarapari-1512977712,guarapari,centro,1,79.0,2,2,1,1,1,1,0,0,1,3500.0,0
1512976193,https://es.olx.com.br/norte-do-espirito-santo/imoveis/apartamento-2qts-portal-de-jacaraipe-1512976193,serra,portal-de-jacaraipe,1,75.0,2,1,1,0,0,0,0,0,0,1500.0,0
1471015182,https://es.olx.com.br/norte-do-espirito-santo/imoveis/apartamento-dois-quartos-1471015182,serra,morada-de-laranjeiras,1,48.0,2,1,1,0,1,1,0,0,0,2000.0,0
1512971734,https://es.olx.com.br/norte-do-espirito-santo/imoveis/apto-condominio-club-veredas-ao-lado-do-shopping-1512971734,serra,colina-de-laranjeiras,1,78.0,3,2,1,1,1,1,1,1,0,2280.0,0
1512967592,https://es.olx.com.br/norte-do-espirito-santo/imoveis/imovel-para-aluguel-possui-55-metros-quadrados-com-2-quartos-em-colina-de-laranjeiras-se-1512967592,serra,colina-de-laranjeiras,1,55.0,2,1,1,1,1,1,0,0,0,1520.0,0
1512958274,https://es.olx.com.br/norte-do-espirito-santo/imoveis/alugo-apartamento-1512958274,vitoria,jardim-da-penha,1,100.0,3,3,2,1,0,1,0,1,0,4500.0,0
1512955575,https://es.olx.com.br/norte-do-espirito-santo/imoveis/1-quarto-em-praia-do-canto-vitoria-es-1512955575,vitoria,praia-do-canto,1,38.0,1,1,1,1,1,1,0,0,0,4300.0,0
1512951487,https://es.olx.com.br/norte-do-espirito-santo/imoveis/alugo-lindo-apto-2-qtos-morada-de-laranjeiras-1512951487,serra,morada-de-laranjeiras,1,54.0,2,1,1,1,1,1,1,1,0,2500.0,0
1512943849,https://es.olx.com.br/norte-do-espirito-santo/imoveis/apartamento-em-santa-monica-1512943849,vila-velha,santa-monica-popular,1,55.0,2,1,0,0,0,0,0,0,0,1900.0,0
1512937559,https://es.olx.com.br/norte-do-espirito-santo/imoveis/apartamento-para-aluguel-2-quartos-1-suite-1-vaga-praia-de-itaparica-vila-velha-es-1512937559,vila-velha,praia-de-itaparica,1,55.0,2,2,1,1,1,1,0,1,0,2500.0,0
1512935330,https://es.olx.com.br/norte-do-espirito-santo/imoveis/apartamento-montado-e-mobiliado-com-4-dormitorios-para-alugar-160-m-por-r-13-175-mes-1512935330,vitoria,barro-vermelho,1,160.0,4,4,2,1,0,0,0,0,1,11000.0,0
1512935273,https://es.olx.com.br/norte-do-espirito-santo/imoveis/apartamento-mobiliado-com-2-dormitorios-para-alugar-60-m-por-r-3-393-mes-jardim-cambu-1512935273,vitoria,jardim-camburi,1,60.0,2,1,1,1,0,0,0,1,1,2950.0,0
1512935137,https://es.olx.com.br/norte-do-espirito-santo/imoveis/apartamento-70m-praia-do-canto-vitoria-es-1512935137,vitoria,praia-do-canto,1,70.0,2,2,2,1,0,1,0,1,1,6000.0,0
1512930420,https://es.olx.com.br/norte-do-espirito-santo/imoveis/apartamento-com-2-dormitorios-para-alugar-60-m-por-r-3-851-67-mes-praia-da-costa-vi-1512930420,vila-velha,praia-da-costa,1,60.0,2,2,1,1,1,1,0,1,0,3200.0,0
1512930397,https://es.olx.com.br/norte-do-espirito-santo/imoveis/apartamento-com-2-dormitorios-para-alugar-50-m-por-r-2-480-00-mes-santa-ines-vila-v-1512930397,vila-velha,santa-ines,1,50.0,2,1,1,1,1,1,0,0,0,2000.0,0
1504650324,https://es.olx.com.br/norte-do-espirito-santo/imoveis/2-quartos-com-excelente-localizacao-em-jardim-camburi-1504650324,vitoria,jardim-camburi,1,60.0,2,2,1,0,0,1,0,0,0,2500.0,0
1512928122,https://es.olx.com.br/norte-do-espirito-santo/imoveis/kitnet-com-1-dormitorio-para-alugar-35-m-por-r-2-400-00-mes-jardim-da-penha-vitoria-1512928122,vitoria,jardim-da-penha,1,35.0,1,1,1,1,0,0,0,0,0,2000.0,0
1514910668,https://es.olx.com.br/norte-do-espirito-santo/imoveis/imovel-para-aluguel-tem-42-metros-quadrados-com-1-quarto-em-mata-da-praia-vitoria-es-1514910668,vitoria,mata-da-praia,1,42.0,1,1,1,1,1,1,1,1,1,4300.0,0
1512922490,https://es.olx.com.br/norte-do-espirito-santo/imoveis/apartamento-com-4-quartos-para-aluguel-178m-1512922490,vila-velha,praia-de-itaparica,1,178.0,4,2,2,0,1,1,0,0,0,6800.0,0
1514907674,https://es.olx.com.br/norte-do-espirito-santo/imoveis/apartamento-com-2-dormitorios-para-alugar-58-m-por-r-3-190-00-mes-praia-de-itaparica-1514907674,vila-velha,praia-de-itaparica,1,58.0,2,2,1,1,1,1,0,1,0,2700.0,0
1512916482,https://es.olx.com.br/norte-do-espirito-santo/imoveis/ed-via-parque-morada-de-laranjeiras-1512916482,serra,morada-de-laranjeiras,1,48.0,2,1,1,1,1,1,1,1,0,2600.0,0
1512916487,https://es.olx.com.br/norte-do-espirito-santo/imoveis/ed-itaparica-privillege-praia-de-itaparica-1512916487,vila-velha,praia-de-itaparica,1,55.0,2,1,1,1,1,1,1,1,0,3600.0,0
1512913747,https://es.olx.com.br/norte-do-espirito-santo/imoveis/aluga-se-apartamento-03-quartos-sol-manha-na-praia-da-costa-com-lazer-club-residencial-1512913747,vila-velha,praia-da-costa,1,103.0,3,3,2,1,0,1,1,1,0,4900.0,0
1512911552,https://es.olx.com.br/norte-do-espirito-santo/imoveis/aluguel-apartamentos-2-4-2-vagas-de-garagem-mata-da-praia-vitoria-es-1512911552,vitoria,mata-da-praia,1,80.0,2,2,2,1,0,1,0,0,0,4000.0,0
1512911428,https://es.olx.com.br/norte-do-espirito-santo/imoveis/aluguel-apto-mobiliado-3-dormitorios-3-suites-praia-do-morro-guarapari-es-1512911428,guarapari,praia-do-morro,1,130.0,3,4,2,0,0,0,0,0,0,5000.0,0
1512911347,https://es.olx.com.br/norte-do-espirito-santo/imoveis/aluguel-apartamento-frente-mar-2-quartos-mobiliado-praia-de-itaparica-vila-vel-1512911347,vila-velha,praia-de-itaparica,1,72.0,2,1,1,1,0,1,0,0,0,3000.0,0
1512911093,https://es.olx.com.br/norte-do-espirito-santo/imoveis/aluguel-casas-4-quartos-suite-parque-residencial-laranjeiras-serra-es-1512911093,serra,parque-residencial-laranjeiras,0,145.0,4,2,2,0,0,0,0,0,0,5950.0,0
1512907694,https://es.olx.com.br/norte-do-espirito-santo/imoveis/aluguel-de-apartamento-praia-da-costa-vila-velha-es-1512907694,vila-velha,praia-da-costa,1,68.0,2,1,1,0,0,0,0,0,0,2200.0,0
1514878173,https://es.olx.com.br/norte-do-espirito-santo/imoveis/apartamento-completo-em-itapoa-2-quartos-e-totalmente-mobiliado-1514878173,vila-velha,itapua,1,65.0,2,2,2,1,0,1,0,1,1,3500.0,0
1492271950,https://es.olx.com.br/norte-do-espirito-santo/imoveis/casa-de-luxo-para-alugar-sao-judas-tadeu-1492271950,guarapari,praia-do-morro,0,400.0,3,5,0,0,0,0,0,0,0,5000.0,1
1512878466,https://es.olx.com.br/norte-do-espirito-santo/imoveis/alugo-apartamento-2-quartos-cond-parque-sao-pedro-1512878466,serra,colina-de-laranjeiras,1,48.0,2,1,1,0,0,1,0,0,0,1400.0,0
1512873420,https://es.olx.com.br/norte-do-espirito-santo/imoveis/alugo-apartamento-3-quartos-1512873420,serra,eldorado,1,100.0,3,1,0,0,0,0,0,0,0,1450.0,0
1512866860,https://es.olx.com.br/norte-do-espirito-santo/imoveis/apartamento-vista-do-limoeiro-serra-2-quartos-cozinha-planejada-elevador-1512866860,serra,sao-diogo-ii,1,44.0,2,1,1,1,1,1,1,0,0,2000.0,0
1512856093,https://es.olx.com.br/norte-do-espirito-santo/imoveis/aluga-se-apto-3-quartos-proximo-perim-itapua-1512856093,vila-velha,praia-de-itaparica,1,120.0,3,2,1,0,0,0,0,0,0,2750.0,0
1504373354,https://es.olx.com.br/norte-do-espirito-santo/imoveis/condominio-morada-dos-jardim-ao-lado-do-correio-e-ufes-1504373354,vitoria,jardim-da-penha,1,70.0,3,3,1,1,1,1,0,1,0,3300.0,0
1514783944,https://es.olx.com.br/norte-do-espirito-santo/imoveis/aluguel-casa-porteira-fechada-4-quartos-no-condominio-boulevard-lagoa-1514783944,serra,boulevard-lagoa,0,400.0,4,5,4,0,0,1,0,0,1,15000.0,0
1419449521,https://es.olx.com.br/norte-do-espirito-santo/imoveis/apartamento-4-quartos-para-alugar-na-mata-da-praia-vista-mar-1419449521,vitoria,mata-da-praia,1,180.0,4,4,0,1,0,1,1,0,0,12000.0,0
1512830801,https://es.olx.com.br/norte-do-espirito-santo/imoveis/alugo-kitnet-em-manoel-plaza-1512830801,serra,manoel-plaza,0,30.0,1,1,0,0,0,0,0,0,1,1300.0,0
1512829973,https://es.olx.com.br/norte-do-espirito-santo/imoveis/cobertura-duplex-para-aluguel-tem-220-mts-com-3-quartos-em-praia-do-morro-guarapari-e-1512829973,guarapari,praia-do-morro,1,220.0,3,2,3,1,1,0,0,0,1,7000.0,0
1514769564,https://es.olx.com.br/norte-do-espirito-santo/imoveis/af-alugo-ap-2-quartos-no-viver-serra-em-jardim-limoeiro-lazer-completo-1514769564,serra,jardim-limoeiro,1,58.0,2,1,1,1,1,1,1,0,0,2400.0,0
1514767964,https://es.olx.com.br/norte-do-espirito-santo/imoveis/af-alugo-ap-2-quartos-montado-em-castelandia-1514767964,serra,vista-da-serra-ii,1,52.0,2,1,1,0,1,0,0,0,0,1800.0,0
1512818332,https://es.olx.com.br/norte-do-espirito-santo/imoveis/casa-para-aluguel-com-2-quartos-em-planicie-da-serra-serra-es-1512818332,serra,planicie-da-serra,0,70.0,2,1,1,0,0,0,0,0,0,1500.0,0
1512813782,https://es.olx.com.br/norte-do-espirito-santo/imoveis/imovel-para-aluguel-com-57-metros-quadrados-com-2-quartos-em-sao-patricio-serra-es-1512813782,serra,sao-patricio,1,57.0,2,1,1,0,1,0,0,0,0,1100.0,0
1512809104,https://es.olx.com.br/norte-do-espirito-santo/imoveis/apartamento-com-2-quartos-para-alugar-em-jardim-camburi-1512809104,vitoria,jardim-camburi,1,50.0,2,1,1,1,1,1,0,0,0,2400.0,0
1512805069,https://es.olx.com.br/norte-do-espirito-santo/imoveis/casa-2-quartos-para-alugar-em-guarapari-bairro-ipiranga-1512805069,vitoria,jardim-da-penha,0,70.0,2,1,0,0,0,0,0,1,0,1200.0,1
1512797282,https://es.olx.com.br/norte-do-espirito-santo/imoveis/apartamento-para-alugar-em-vila-velha-praia-da-costa-com-3-quartos-com-180-m-residenc-1512797282,vila-velha,centro-de-vila-velha,1,180.0,3,3,2,0,1,1,0,1,1,5100.0,0
1512796789,https://es.olx.com.br/norte-do-espirito-santo/imoveis/casa-duplex-com-4-quartos-quintal-area-gourmet-e-6-vagas-em-manguinhos-serra-es-1512796789,serra,manguinhos,0,290.0,4,3,4,0,0,0,0,0,0,4500.0,0
1512795864,https://es.olx.com.br/norte-do-espirito-santo/imoveis/imovel-para-aluguel-com-50-metros-quadrados-com-2-quartos-em-campo-grande-cariacica-es-1512795864,cariacica,campo-grande,0,50.0,2,1,0,0,0,0,0,0,0,1600.0,1
1512794026,https://es.olx.com.br/norte-do-espirito-santo/imoveis/apartamento-com-2-quartos-para-alugar-58m-praia-de-itaparica-1512794026,vila-velha,praia-de-itaparica,1,58.0,2,2,1,0,1,1,0,0,1,3900.0,0
1512790466,https://es.olx.com.br/norte-do-espirito-santo/imoveis/imovel-para-aluguel-tem-48-metros-quadrados-com-2-quartos-em-campo-grande-cariacica-es-1512790466,cariacica,campo-grande,1,48.0,2,1,0,0,0,0,0,0,0,1300.0,1
1512790244,https://es.olx.com.br/norte-do-espirito-santo/imoveis/locacao-apartamento-2-quartos-rio-branco-cariacica-1512790244,cariacica,rio-branco,1,56.0,2,1,1,1,0,1,1,0,0,2300.0,0
1512790243,https://es.olx.com.br/norte-do-espirito-santo/imoveis/imovel-para-aluguel-com-60-metros-quadrados-com-2-quartos-em-santa-luzia-serra-es-1512790243,serra,santa-luzia,1,60.0,2,1,1,1,1,1,0,1,0,1400.0,0
1512787578,https://es.olx.com.br/norte-do-espirito-santo/imoveis/direto-com-o-proprietario-1512787578,vila-velha,praia-da-costa,1,65.0,2,1,1,1,1,1,0,1,1,4500.0,0
1479209376,https://es.olx.com.br/norte-do-espirito-santo/imoveis/apartamento-3-quatos-mobiliado-em-jardim-da-penha-creci-3284-f-1479209376,vitoria,jardim-da-penha,1,130.0,3,3,1,1,1,1,0,1,1,4500.0,0
1512782203,https://es.olx.com.br/norte-do-espirito-santo/imoveis/alugo-quarto-e-sala-no-bairro-de-lourdes-1512782203,vitoria,de-lourdes,1,47.0,1,1,1,0,0,0,0,1,0,1800.0,0
1512764033,https://es.olx.com.br/norte-do-espirito-santo/imoveis/imovel-para-aluguel-possui-60-metros-quadrados-com-4-quartos-em-soteco-vila-velha-es-1512764033,vila-velha,soteco,1,60.0,4,1,0,0,0,0,0,0,0,1450.0,0
1512764041,https://es.olx.com.br/norte-do-espirito-santo/imoveis/apartamento-com-2-quartos-para-alugar-65m-praia-de-itaparica-es-1512764041,vila-velha,praia-de-itaparica,1,65.0,2,1,1,0,1,1,0,0,1,4200.0,0
1512748339,https://es.olx.com.br/norte-do-espirito-santo/imoveis/imovel-para-aluguel-possui-50-metros-quadrados-com-2-quartos-em-santa-ines-vila-velha-1512748339,vila-velha,santa-ines,1,50.0,2,1,1,0,0,0,0,0,0,2300.0,0
1512744564,https://es.olx.com.br/norte-do-espirito-santo/imoveis/casa-parque-residencial-laranjeiras-1512744564,serra,parque-residencial-laranjeiras,0,140.0,4,2,0,0,0,0,0,0,0,3200.0,1
1512734161,https://es.olx.com.br/norte-do-espirito-santo/imoveis/apartamento-para-locacao-em-vitoria-jardim-camburi-4-dormitorios-3-suites-4-banheiros-1512734161,vitoria,jardim-camburi,1,140.0,4,4,2,0,0,0,0,0,0,7500.0,0
1512733179,https://es.olx.com.br/norte-do-espirito-santo/imoveis/kitnet-premium-ilha-da-conceicao-1512733179,vila-velha,ilha-da-conceicao,1,30.0,1,1,0,0,0,0,0,0,0,750.0,0
1512720986,https://es.olx.com.br/norte-do-espirito-santo/imoveis/imovel-para-aluguel-tem-110-metros-quadrados-com-3-quartos-em-aribiri-vila-velha-es-1512720986,vila-velha,aribiri,0,110.0,3,1,1,0,0,0,0,0,0,2400.0,0
1512718272,https://es.olx.com.br/norte-do-espirito-santo/imoveis/m-alugo-apartamento-2-quartos-no-condominio-parque-sao-pedro-colina-de-laranjeiras-1512718272,serra,colina-de-laranjeiras,1,45.0,2,1,1,0,1,1,1,0,0,1400.0,0
1512716481,https://es.olx.com.br/norte-do-espirito-santo/imoveis/aluguel-de-amplo-apartamento-em-gaivotas-3-quartos-em-otima-localizacao-1512716481,vila-velha,praia-das-gaivotas,1,110.0,3,2,1,0,0,0,0,1,0,3200.0,0
1512699364,https://es.olx.com.br/norte-do-espirito-santo/imoveis/leia-toda-a-descricao-visitas-agendar-pelo-whatsapp-1512699364,vitoria,praia-do-canto,1,110.0,3,2,1,1,0,0,0,0,0,7000.0,0
1512697700,https://es.olx.com.br/norte-do-espirito-santo/imoveis/alianca-web-aluga-1512697700,vila-velha,itapua,1,60.0,2,2,1,1,1,1,0,1,0,3000.0,0
1512692351,https://es.olx.com.br/norte-do-espirito-santo/imoveis/apartamento-studio-em-universal-mobiliado-1512692351,viana,universal,1,17.0,1,1,0,0,0,0,0,1,1,1650.0,0
1512692731,https://es.olx.com.br/norte-do-espirito-santo/imoveis/alianca-web-aluga-1512692731,vila-velha,praia-da-costa,1,58.0,2,2,1,1,1,1,0,1,0,3750.0,0
1512691268,https://es.olx.com.br/norte-do-espirito-santo/imoveis/apartamento-para-locacao-praia-do-canto-vitoria-es-1512691268,vitoria,praia-do-canto,1,120.0,3,3,1,0,0,0,0,0,0,5500.0,0
1512679657,https://es.olx.com.br/norte-do-espirito-santo/imoveis/imovel-para-aluguel-possui-57-metros-quadrados-com-2-quartos-em-bento-ferreira-vitoria-1512679657,vitoria,bento-ferreira,1,57.0,2,2,1,1,0,1,1,1,0,3800.0,0
1512678968,https://es.olx.com.br/norte-do-espirito-santo/imoveis/alugo-apartamento-sala-cozinha-area-de-servico-copa-dois-quartos-e-dois-banheiros-1512678968,vila-velha,itapua,1,68.0,2,2,1,0,0,0,0,0,0,3050.0,0
1512673997,https://es.olx.com.br/norte-do-espirito-santo/imoveis/quarto-e-sala-mobiliado-c-garagem-ar-e-maquina-de-lavar-jardim-camburi-1512673997,vitoria,itarare,1,35.0,1,1,1,1,1,0,0,0,1,2900.0,0
1512674658,https://es.olx.com.br/norte-do-espirito-santo/imoveis/alugo-apto-em-vila-capixaba-primeiro-andar-com-varanda-1512674658,cariacica,vila-capixaba,1,100.0,2,1,2,0,0,0,0,1,0,2000.0,0
1512658540,https://es.olx.com.br/norte-do-espirito-santo/imoveis/apartamento-com-2-dormitorios-para-alugar-80-m-por-r-4-770-00-mes-enseada-do-sua-vi-1512658540,vitoria,enseada-do-sua,1,80.0,2,2,1,0,0,0,0,1,0,4000.0,0
1512653369,https://es.olx.com.br/norte-do-espirito-santo/imoveis/apartamento-para-alugar-no-bairro-praia-de-itaparica-vila-velha-es-1512653369,vila-velha,praia-de-itaparica,1,200.0,4,5,4,1,0,1,1,0,0,12900.0,0
1512644566,https://es.olx.com.br/norte-do-espirito-santo/imoveis/apartamento-para-alugar-no-bairro-jardim-camburi-vitoria-es-1512644566,vitoria,jardim-camburi,1,200.0,4,3,2,1,0,1,0,0,0,7800.0,0
1512641680,https://es.olx.com.br/norte-do-espirito-santo/imoveis/apartamento-com-2-quarto-s-e-1-banheiro-s-para-alugar-46-m-por-r-1760-mes-1512641680,serra,sao-patricio,1,46.0,2,1,1,0,0,1,0,0,0,1760.0,0
1512641648,https://es.olx.com.br/norte-do-espirito-santo/imoveis/kitnet-studio-com-1-quarto-s-e-1-banheiro-s-para-alugar-20-m-por-r-790-mes-1512641648,serra,central-carapina,1,20.0,1,1,0,0,0,0,0,0,0,790.0,1
1512641208,https://es.olx.com.br/norte-do-espirito-santo/imoveis/aluguel-de-apartamento-alto-padrao-mobiliado-na-praia-de-itaparica-02-quartos-e-01-vaga-1512641208,vila-velha,praia-de-itaparica,1,60.0,2,2,1,1,0,1,1,1,1,4500.0,0
1504086376,https://es.olx.com.br/norte-do-espirito-santo/imoveis/livia-machado-imoveis-aluga-flat-28m-frente-mar-lazer-completo-mata-da-praia-1504086376,vitoria,mata-da-praia,1,28.0,1,1,0,1,1,1,0,0,0,4500.0,0
1512638113,https://es.olx.com.br/norte-do-espirito-santo/imoveis/locacao-apartamento-4-quartos-praia-de-itaparica-vila-velha-1512638113,vila-velha,praia-de-itaparica,1,183.0,4,3,3,1,0,1,0,0,0,10000.0,0
1512638002,https://es.olx.com.br/norte-do-espirito-santo/imoveis/locacao-apartamento-3-quartos-praia-da-costa-vila-velha-1512638002,vila-velha,praia-da-costa,1,80.0,3,2,2,1,0,1,1,0,1,4300.0,0
1512636930,https://es.olx.com.br/norte-do-espirito-santo/imoveis/locacao-apartamento-3-quartos-itapua-vila-velha-1512636930,vila-velha,itapua,1,90.0,3,3,2,1,0,1,1,0,0,2000.0,0
1512636789,https://es.olx.com.br/norte-do-espirito-santo/imoveis/apartamento-para-aluguel-2-quartos-1-suite-2-vagas-mata-da-praia-vitoria-es-1512636789,vitoria,mata-da-praia,1,70.0,2,2,2,1,1,1,0,1,0,4500.0,0
1512636638,https://es.olx.com.br/norte-do-espirito-santo/imoveis/apartamento-para-aluguel-2-quartos-1-suite-1-vaga-praia-da-costa-vila-velha-es-1512636638,vila-velha,praia-da-costa,1,55.0,2,2,1,1,0,0,0,1,1,3800.0,0
1512636198,https://es.olx.com.br/norte-do-espirito-santo/imoveis/apartamento-para-aluguel-3-quartos-1-suite-2-vagas-itapua-vila-velha-es-1512636198,vila-velha,itapua,1,110.0,3,2,2,1,1,1,1,1,0,8000.0,0
1512635768,https://es.olx.com.br/norte-do-espirito-santo/imoveis/apartamento-para-aluguel-1-quarto-1-vaga-praia-do-canto-vitoria-es-1512635768,vitoria,praia-do-canto,1,45.0,1,1,1,1,0,0,0,0,0,2500.0,0
1512631195,https://es.olx.com.br/norte-do-espirito-santo/imoveis/quarto-individual-no-parque-moscoso-1512631195,vitoria,parque-moscoso,1,170.0,3,1,0,0,0,0,0,0,0,1300.0,0
1501051537,https://es.olx.com.br/norte-do-espirito-santo/imoveis/apartamento-para-locacao-no-ed-angelo-menini-praia-de-itaparica-1501051537,vila-velha,praia-de-itaparica,1,180.0,3,4,3,0,0,1,1,1,0,9000.0,0
1512588306,https://es.olx.com.br/norte-do-espirito-santo/imoveis/casa-com-3-quartos-para-alugar-em-vitoria-1512588306,vitoria,jardim-camburi,0,290.0,3,3,3,0,0,1,0,0,0,7005.0,0
1512564676,https://es.olx.com.br/norte-do-espirito-santo/imoveis/apto-2-quartos-c-vista-mar-itaparica-2-vagas-cobertas-1512564676,vila-velha,praia-de-itaparica,1,65.0,2,2,2,1,1,1,0,1,1,3100.0,0
1512563326,https://es.olx.com.br/norte-do-espirito-santo/imoveis/casa-3-suites-anexa-ao-arquipelago-de-manguinhos-para-locacao-1512563326,serra,manguinhos,0,150.0,3,1,2,0,0,0,0,0,0,4800.0,0
1512563341,https://es.olx.com.br/norte-do-espirito-santo/imoveis/casa-2-quartos-com-suite-e-area-gourmet-em-planicie-da-serra-sol-da-manha-1512563341,serra,planicie-da-serra,0,80.0,2,2,2,0,0,0,0,0,0,2600.0,0
1512545197,https://es.olx.com.br/norte-do-espirito-santo/imoveis/imovel-para-aluguel-com-115-metros-quadrados-com-3-quartos-em-parque-moscoso-vitoria-e-1512545197,vitoria,parque-moscoso,1,115.0,3,2,0,1,1,0,0,0,0,2700.0,1
1512540919,https://es.olx.com.br/norte-do-espirito-santo/imoveis/locacao-ap-2q-em-colina-de-laranjeiras-1512540919,serra,colina-de-laranjeiras,1,43.0,2,1,1,1,1,1,1,1,0,1800.0,0
1512537344,https://es.olx.com.br/norte-do-espirito-santo/imoveis/imovel-para-aluguel-possui-54-metros-quadrados-com-3-quartos-em-praia-da-baleia-serra-1512537344,serra,praia-da-baleia,1,54.0,3,1,1,0,1,1,0,1,0,1350.0,0
1514456065,https://es.olx.com.br/norte-do-espirito-santo/imoveis/casa-triplex-ampla-em-jardim-camburi-3-quartos-2-suites-lazer-completo-1514456065,vitoria,jardim-camburi,0,116.0,3,2,1,0,0,0,0,0,0,4100.0,0
1512536779,https://es.olx.com.br/norte-do-espirito-santo/imoveis/imovel-para-aluguel-com-71-metros-quadrados-com-2-quartos-em-colina-de-laranjeiras-serra-1512536779,serra,colina-de-laranjeiras,1,71.0,2,2,2,1,1,1,1,1,0,2600.0,0
1512535811,https://es.olx.com.br/norte-do-espirito-santo/imoveis/excelente-apartamento-para-aluguel-com-4-quartos-em-praia-da-costa-vila-velha-es-1512535811,vila-velha,praia-da-costa,1,124.0,4,3,2,1,1,1,1,0,0,6000.0,0
1512523796,https://es.olx.com.br/norte-do-espirito-santo/imoveis/apartamento-no-condominio-viva-laguna-1512523796,serra,praia-da-baleia,1,42.0,2,1,1,0,0,0,0,0,0,2100.0,0
1512513356,https://es.olx.com.br/norte-do-espirito-santo/imoveis/apartamento-com-2-quartos-piscina-e-academia-mirante-da-vila-1512513356,vila-velha,ataide,1,49.0,2,1,1,1,1,1,1,1,0,2000.0,0
1512508145,https://es.olx.com.br/norte-do-espirito-santo/imoveis/jardim-camburi-alugo-2-quartos-1-banheiro-lazer-1512508145,vitoria,jardim-camburi,1,60.0,2,1,1,1,1,1,0,0,0,3100.0,0
1512507795,https://es.olx.com.br/norte-do-espirito-santo/imoveis/apartamento-de-2-quartos-semi-mobiliado-em-jardim-camburi-vitoria-es-1512507795,vitoria,jardim-camburi,1,60.0,2,1,1,1,1,1,1,0,0,3700.0,0
1512503346,https://es.olx.com.br/norte-do-espirito-santo/imoveis/condominio-buritis-imovel-para-aluguel-com-78-metros-quadrados-com-3-quartos-1512503346,serra,parque-residencial-laranjeiras,1,78.0,3,2,1,0,1,1,1,0,0,4000.0,0
1512492249,https://es.olx.com.br/norte-do-espirito-santo/imoveis/apartamento-para-alugar-em-vila-velha-praia-da-costa-com-3-quartos-com-120-m-1512492249,vila-velha,praia-da-costa,1,120.0,3,3,1,1,1,1,1,1,1,4000.0,0
1512492248,https://es.olx.com.br/norte-do-espirito-santo/imoveis/apartamento-para-alugar-em-vila-velha-praia-da-costa-com-4-quartos-com-340-m-monalisa-1512492248,vila-velha,praia-da-costa,1,340.0,4,5,2,0,1,1,0,1,1,15000.0,0
1353930650,https://es.olx.com.br/norte-do-espirito-santo/imoveis/praia-do-canto-ed-saint-paul-4-quartos-2-suites-armarios-2-vagas-1353930650,vitoria,praia-do-canto,1,200.0,4,4,2,1,1,1,0,1,0,8000.0,0
1512482068,https://es.olx.com.br/norte-do-espirito-santo/imoveis/alugo-apartamento-3qtos-3-etapa-1512482068,vila-velha,coqueiral-de-itaparica,1,90.0,3,2,2,0,1,1,1,0,0,3300.0,0
1514382421,https://es.olx.com.br/norte-do-espirito-santo/imoveis/apartamento-com-2-quartos-para-alugar-75m-praia-da-costa-1514382421,vila-velha,praia-da-costa,1,75.0,2,2,0,0,1,1,0,0,1,3700.0,1
1512473802,https://es.olx.com.br/norte-do-espirito-santo/imoveis/apartamento-na-praia-do-canto-em-frente-ao-parque-da-petrobras-3-quartos-1-suite-1512473802,vitoria,praia-do-canto,1,100.0,3,2,2,0,0,0,0,0,0,5400.0,0
1512461198,https://es.olx.com.br/norte-do-espirito-santo/imoveis/morar-a-uma-quadra-do-mar-nunca-foi-tao-facil-1512461198,vila-velha,praia-de-itaparica,1,62.0,2,1,1,1,1,1,0,1,1,6500.0,0
1512459522,https://es.olx.com.br/norte-do-espirito-santo/imoveis/imovel-para-aluguel-com-15-metros-quadrados-com-1-quarto-em-centro-de-vila-velha-vila-ve-1512459522,vila-velha,centro-de-vila-velha,1,15.0,1,1,0,0,0,0,0,0,1,1500.0,1
1439994178,https://es.olx.com.br/norte-do-espirito-santo/imoveis/3-quartos-no-ed-castelo-em-itapua-cod-23954-f-1439994178,vila-velha,itapua,1,110.0,3,2,2,0,0,0,0,0,0,450003.0,0
1512446383,https://es.olx.com.br/norte-do-espirito-santo/imoveis/imovel-para-aluguel-possui-67-metros-quadrados-com-2-quartos-em-praia-de-itaparica-vila-1512446383,vila-velha,praia-de-itaparica,1,67.0,2,2,1,1,1,1,1,1,1,3800.0,0
1512445899,https://es.olx.com.br/norte-do-espirito-santo/imoveis/excelente-oportunidade-de-aluguel-no-centro-de-guarapari-1512445899,guarapari,centro,1,78.0,2,1,1,0,0,0,0,0,0,3500.0,0
1512445781,https://es.olx.com.br/norte-do-espirito-santo/imoveis/apartamento-aluguel-possui-46-metros-quadrados-com-1-quarto-todo-mobiliado-vila-velha-1512445781,vila-velha,centro-de-vila-velha,1,46.0,1,1,0,1,0,0,0,0,1,2300.0,1
1512438766,https://es.olx.com.br/norte-do-espirito-santo/imoveis/aluga-se-3-quartos-a-uma-quadra-do-mar-na-praia-da-costa-1512438766,vila-velha,praia-da-costa,1,125.0,3,2,2,1,1,1,0,0,0,4500.0,0
1512428007,https://es.olx.com.br/norte-do-espirito-santo/imoveis/aluga-se-apartamento-semi-mobiliado-2-quartos-regiao-das-castanheiras-praia-da-cos-1512428007,vila-velha,praia-da-costa,1,85.0,2,2,1,0,1,1,0,0,0,4000.0,0
1512422387,https://es.olx.com.br/norte-do-espirito-santo/imoveis/aluguel-kitnet-1512422387,serra,porto-canoa,1,30.0,1,1,1,0,0,0,0,0,0,1250.0,0
1512408869,https://es.olx.com.br/norte-do-espirito-santo/imoveis/apart-semi-mobiliado-p-aluguel-5-andar-vista-p-o-mar-condominio-incluso-1512408869,serra,jardim-atlantico,1,45.0,2,1,1,1,1,1,0,0,0,1550.0,0
1512392217,https://es.olx.com.br/norte-do-espirito-santo/imoveis/locacao-2q-na-praia-da-costa-1512392217,vila-velha,praia-da-costa,1,75.0,2,2,1,1,0,0,0,1,1,4500.0,0
1512369482,https://es.olx.com.br/norte-do-espirito-santo/imoveis/apartamento-em-jardim-da-penha-1512369482,serra,valparaiso,1,125.0,3,2,2,0,0,0,0,1,0,4000.0,0
1503919381,https://es.olx.com.br/norte-do-espirito-santo/imoveis/livia-machado-imoveis-aluga-apartamento-alto-padrao-mobiliado-2-quartos-vista-para-o-1503919381,vitoria,enseada-do-sua,1,70.0,2,2,1,1,1,1,1,1,1,6530.0,0
1514260948,https://es.olx.com.br/norte-do-espirito-santo/imoveis/apartamento-com-2-dormitorios-para-alugar-75-m-por-r-4-000-00-mes-itapua-vila-velha-1514260948,vila-velha,itapua,1,75.0,2,2,2,0,1,1,0,1,0,3400.0,0
1512336318,https://es.olx.com.br/norte-do-espirito-santo/imoveis/alugo-apartamento-com-2-suites-na-praia-da-costa-1512336318,vila-velha,praia-da-costa,1,65.0,2,2,1,1,1,1,0,1,0,5000.0,0
1512332240,https://es.olx.com.br/norte-do-espirito-santo/imoveis/ap-2-quartos-parque-das-castanheiras-disponivel-a-partir-do-final-de-agosto-1512332240,vila-velha,praia-da-costa,1,95.0,2,2,2,1,1,1,0,1,1,5000.0,0
1512330787,https://es.olx.com.br/norte-do-espirito-santo/imoveis/3-quartos-jardim-camburi-1512330787,vitoria,jardim-camburi,1,77.0,3,2,1,1,0,1,0,0,0,4300.0,0
1507497687,https://es.olx.com.br/norte-do-espirito-santo/imoveis/apartmento-jardim-camburi-com-ou-sem-mobilia-vitoria-aeroporto-serra-1507497687,vitoria,jardim-camburi,1,50.0,2,1,1,0,1,1,0,0,0,2000.0,0
1512269661,https://es.olx.com.br/norte-do-espirito-santo/imoveis/aluguel-de-kitnets-1512269661,serra,cidade-pomar,1,30.0,1,1,0,0,0,0,0,0,0,1200.0,0
1483847559,https://es.olx.com.br/norte-do-espirito-santo/imoveis/aluguel-mobiliada-casa-jockey-de-itaparica-vila-velha-1483847559,vila-velha,jockey-de-itaparica,0,150.0,2,1,1,0,0,0,0,1,1,3200.0,0
1512251576,https://es.olx.com.br/norte-do-espirito-santo/imoveis/aluga-se-apartamento-de-3-quartos-porto-canoa-1512251576,serra,maringa,1,53.0,3,1,1,1,1,1,1,0,0,3000.0,0
1512239211,https://es.olx.com.br/norte-do-espirito-santo/imoveis/viva-de-frente-para-o-mar-neste-2-quartos-na-praia-da-costa-1512239211,vila-velha,praia-da-costa,1,70.0,2,2,2,0,1,1,0,0,1,5500.0,0
1512232967,https://es.olx.com.br/norte-do-espirito-santo/imoveis/kitnet-01-quarto-1512232967,cariacica,vila-capixaba,1,50.0,1,1,0,0,0,0,0,0,0,700.0,0
1512208967,https://es.olx.com.br/norte-do-espirito-santo/imoveis/casa-em-condominio-3-quartos-para-locacao-em-morada-de-laranjeiras-serra-es-1512208967,serra,morada-de-laranjeiras,0,90.0,3,2,2,0,1,1,0,0,0,3800.0,0
1512186997,https://es.olx.com.br/norte-do-espirito-santo/imoveis/edificio-maximus-2-quartos-sendo-1-suite-na-praia-do-morro-guarapari-es-1512186997,guarapari,praia-do-morro,1,69.0,2,2,1,1,0,1,0,0,0,3500.0,0
1512176260,https://es.olx.com.br/norte-do-espirito-santo/imoveis/apartamento-de-tres-quartos-com-suite-1512176260,serra,ourimar,1,71.0,3,2,2,1,1,1,1,1,1,3500.0,0
1512173021,https://es.olx.com.br/norte-do-espirito-santo/imoveis/imovel-para-venda-com-240-metros-quadrados-com-3-quartos-em-gurigica-vitoria-es-1512173021,vitoria,gurigica,0,240.0,3,3,2,0,1,0,0,0,0,8600.0,0
1512137179,https://es.olx.com.br/norte-do-espirito-santo/imoveis/comercial-sala-prox-shop-vitoria-reformada-1512137179,vitoria,praia-do-canto,1,32.0,0,1,0,1,1,0,0,0,0,1550.0,1
1510497166,https://es.olx.com.br/norte-do-espirito-santo/imoveis/alugo-kitinete-e-apartamento-1510497166,serra,alterosas,1,40.0,1,1,0,0,0,0,0,0,0,1250.0,0
1512108854,https://es.olx.com.br/norte-do-espirito-santo/imoveis/casa-avenida-bairro-de-fatima-1512108854,serra,conjunto-carapina-i,0,60.0,2,1,2,0,0,0,0,1,0,3000.0,0
1512070549,https://es.olx.com.br/norte-do-espirito-santo/imoveis/apartamento-4-quartos-3-suites-vista-mar-praia-da-areia-preta-1512070549,guarapari,centro,1,180.0,4,4,2,1,1,0,0,0,1,6000.0,0
1512070025,https://es.olx.com.br/norte-do-espirito-santo/imoveis/l-a-casa-duplex-seguranca-24-horas-1512070025,serra,valparaiso,0,107.0,3,2,2,0,0,1,1,1,0,3500.0,0
1512053300,https://es.olx.com.br/norte-do-espirito-santo/imoveis/apartamento-2-quartos-valparaiso-1512053300,serra,valparaiso,1,60.0,2,1,1,0,0,0,0,0,0,1850.0,0
1512051771,https://es.olx.com.br/norte-do-espirito-santo/imoveis/casa-em-novo-porto-canoa-para-locacao-1512051771,serra,novo-porto-canoa,0,120.0,3,2,0,0,0,0,0,1,0,2300.0,0
1511856135,https://es.olx.com.br/norte-do-espirito-santo/imoveis/apartamento-next-residence-1511856135,serra,jacuhy,1,95.0,3,2,2,0,1,1,0,0,0,5000.0,0
1512000224,https://es.olx.com.br/norte-do-espirito-santo/imoveis/aluguel-apartamento-em-jardim-america-1512000224,cariacica,jardim-america,1,35.0,1,1,0,0,0,0,0,0,0,800.0,0
1511993205,https://es.olx.com.br/norte-do-espirito-santo/imoveis/imovel-para-aluguel-possui-70-metros-quadrados-com-2-quartos-em-praia-do-sua-vitoria-e-1511993205,vitoria,praia-do-sua,1,70.0,2,2,2,1,1,1,1,1,0,4600.0,0
1511984190,https://es.olx.com.br/norte-do-espirito-santo/imoveis/alianca-web-imoveis-excelente-apartamento-com-03-quartos-na-praia-da-costa-vila-velha-1511984190,vila-velha,praia-da-costa,1,95.0,3,2,2,1,1,1,1,1,0,4800.0,0
1511983963,https://es.olx.com.br/norte-do-espirito-santo/imoveis/apartamento-com-3-quartos-mobiliado-praia-de-itapua-vila-velha-1511983963,vila-velha,itapua,1,90.0,3,3,2,1,1,1,0,1,1,4800.0,0
1511972867,https://es.olx.com.br/norte-do-espirito-santo/imoveis/locacao-apartamento-2-quartos-jardim-da-penha-vitoria-1511972867,vitoria,jardim-da-penha,1,55.0,2,1,1,1,0,0,0,1,0,2500.0,0
1511971720,https://es.olx.com.br/norte-do-espirito-santo/imoveis/locacao-em-itapua-perto-de-tudo-1511971720,vila-velha,itapua,1,90.0,3,2,1,0,0,1,0,0,0,3700.0,0
1478561061,https://es.olx.com.br/norte-do-espirito-santo/imoveis/locacao-casa-colina-de-laranjeiras-1478561061,serra,colina-de-laranjeiras,0,135.0,3,2,1,0,0,0,0,1,0,4500.0,0
1511969118,https://es.olx.com.br/norte-do-espirito-santo/imoveis/loft-kitnet-completo-tudo-incluso-frente-mar-1511969118,vila-velha,praia-de-itaparica,1,20.0,1,1,1,0,0,0,0,1,1,2900.0,0
1511963234,https://es.olx.com.br/norte-do-espirito-santo/imoveis/apartamento-com-2-dormitorios-para-alugar-65-m-por-r-5-884-00-mes-praia-de-santa-hele-1511963234,vitoria,santa-helena,1,65.0,2,2,1,1,0,1,0,1,1,4000.0,0
1511954643,https://es.olx.com.br/norte-do-espirito-santo/imoveis/apartamento-com-3-quartos-para-alugar-70-m-praia-de-itaparica-vila-velha-es-1511954643,vila-velha,jardim-guaranhuns,1,70.0,3,2,2,0,0,1,0,1,0,3500.0,0
1511954573,https://es.olx.com.br/norte-do-espirito-santo/imoveis/apartamento-com-2-quaros-para-alugar-64-m-praia-de-itaparica-vila-velha-es-1511954573,vila-velha,coqueiral-de-itaparica,1,64.0,2,1,1,1,0,1,0,0,0,4000.0,0
1511954235,https://es.olx.com.br/norte-do-espirito-santo/imoveis/apartamento-com-2-quartos-para-alugar-65-m-praia-de-itaparica-vila-velha-es-1511954235,vila-velha,jardim-guaranhuns,1,65.0,2,1,1,0,0,1,0,1,0,3000.0,0
1511954317,https://es.olx.com.br/norte-do-espirito-santo/imoveis/apartamento-com-2-quartos-para-alugar-50-m-vale-encantado-vila-velha-es-1511954317,vila-velha,vale-encantado,1,50.0,2,1,1,1,0,0,0,0,0,1800.0,0
1511954267,https://es.olx.com.br/norte-do-espirito-santo/imoveis/apartamento-com-2-quartos-para-alugar-65-m-praia-de-itaparica-vila-velha-es-1511954267,vila-velha,jardim-guaranhuns,1,65.0,2,1,1,0,0,1,0,1,0,3000.0,0
1511954268,https://es.olx.com.br/norte-do-espirito-santo/imoveis/casa-com-3-dormitorios-para-alugar-260-m-centro-vila-velha-es-1511954268,vila-velha,centro-de-vila-velha,0,260.0,3,3,1,0,0,0,0,1,1,7000.0,0
1503919029,https://es.olx.com.br/norte-do-espirito-santo/imoveis/luxuoso-apartamento-com-277m-na-praia-de-itaparica-1503919029,vila-velha,praia-de-itaparica,1,277.0,4,4,2,0,0,1,1,0,0,11900.0,0
1511949591,https://es.olx.com.br/norte-do-espirito-santo/imoveis/aluga-se-apartamento-04-quartos-com-lazer-club-residencial-frente-ao-mar-de-itaparica-1511949591,vila-velha,praia-de-itaparica,1,170.0,4,4,3,1,0,1,1,1,0,6900.0,0
1511947198,https://es.olx.com.br/norte-do-espirito-santo/imoveis/apartamento-3-quartos-quadra-do-mar-em-guarapari-1511947198,guarapari,praia-do-morro,1,100.0,3,2,2,1,0,0,0,0,0,3850.0,0
1511947260,https://es.olx.com.br/norte-do-espirito-santo/imoveis/apartamento-para-aluguel-3-quartos-1-suite-1-vaga-jardim-da-penha-vitoria-es-1511947260,vitoria,jardim-da-penha,1,100.0,3,2,1,1,1,0,0,1,0,5000.0,0
1511946043,https://es.olx.com.br/norte-do-espirito-santo/imoveis/apartamento-para-locacao-na-praia-do-canto-2-quartos-com-suite-1511946043,vitoria,praia-do-canto,1,80.0,2,2,1,0,0,0,0,0,0,3900.0,0
1511944608,https://es.olx.com.br/norte-do-espirito-santo/imoveis/apartamento-mobiliado-de-2-quartos-na-praia-de-itaparica-ref-ap3795-1511944608,vila-velha,praia-de-itaparica,1,55.0,2,2,1,1,0,1,0,0,1,3500.0,0
1511943400,https://es.olx.com.br/norte-do-espirito-santo/imoveis/apartamento-com-2-dormitorios-para-alugar-64-m-por-r-3-088-00-mes-praia-das-gaivotas-1511943400,vila-velha,praia-das-gaivotas,1,64.0,2,1,1,1,1,0,0,0,0,2600.0,0
1511942089,https://es.olx.com.br/norte-do-espirito-santo/imoveis/alugue-2-qts-na-praia-de-itaparica-1511942089,vila-velha,praia-de-itaparica,1,56.0,2,2,1,0,0,0,1,0,0,2600.0,0
1511939902,https://es.olx.com.br/norte-do-espirito-santo/imoveis/apartamento-1-quarto-1511939902,vila-velha,praia-da-costa,1,45.0,1,1,1,1,0,0,0,0,0,2850.0,0
1511936344,https://es.olx.com.br/norte-do-espirito-santo/imoveis/oportunidade-apartamento-mobiliado-e-climatizado-pronto-para-morar-1511936344,vitoria,praia-do-sua,1,35.0,1,1,1,1,1,1,1,0,1,2500.0,0
1482487394,https://es.olx.com.br/norte-do-espirito-santo/imoveis/aluga-se-loft-mobiliado-em-jardim-camburi-1482487394,vitoria,jardim-camburi,1,30.0,1,1,0,0,0,0,0,0,1,3000.0,0
1511879452,https://es.olx.com.br/norte-do-espirito-santo/imoveis/apartamento-3-quartos-com-sol-da-manha-na-praia-da-baleia-condominio-vila-itacare-1511879452,serra,praia-da-baleia,1,68.0,3,1,1,0,0,0,0,0,0,2200.0,0
1511851857,https://es.olx.com.br/norte-do-espirito-santo/imoveis/apartamento-alphaville-jacuhy-serra-es-1511851857,serra,jacuhy,1,95.0,3,3,2,0,0,0,0,0,0,5000.0,0
1511850708,https://es.olx.com.br/norte-do-espirito-santo/imoveis/aluguel-casa-duplex-2-quartos-com-quintal-condominio-reserva-dos-colibris-balneario-de-1511850708,serra,balneario-de-carapebus,0,50.0,2,1,1,0,1,1,0,0,0,2300.0,0
1511847520,https://es.olx.com.br/norte-do-espirito-santo/imoveis/enseada-de-manguinhos-1511847520,serra,ourimar,1,65.0,3,2,2,1,1,1,1,1,0,2900.0,0
1511838178,https://es.olx.com.br/norte-do-espirito-santo/imoveis/alugo-apto-3-qts-c-suite-2-andar-3-etapa-bairro-coqueira-de-itaparica-vv-es-1511838178,vila-velha,coqueiral-de-itaparica,1,83.0,3,2,1,0,1,1,1,0,0,3000.0,0
1364006062,https://es.olx.com.br/norte-do-espirito-santo/imoveis/apartamento-dois-quartos-1364006062,serra,morada-de-laranjeiras,1,48.0,2,1,1,1,1,1,0,0,0,1800.0,0
1511834451,https://es.olx.com.br/norte-do-espirito-santo/imoveis/alugo-apt-2qts-4-andar-3-etapa-coqueira-1511834451,vila-velha,coqueiral-de-itaparica,1,47.0,2,1,1,0,1,1,1,0,0,1600.0,0
1511801310,https://es.olx.com.br/norte-do-espirito-santo/imoveis/imovel-para-aluguel-possui-60-metros-quadrados-com-2-quartos-em-mata-da-praia-vitoria-1511801310,vitoria,mata-da-praia,1,60.0,2,1,1,0,0,1,0,0,0,3000.0,0
1511788286,https://es.olx.com.br/norte-do-espirito-santo/imoveis/itapoa-1a-primeira-locacao-otimo-apto-02-qtos-com-suite-armarios-na-cozinha-e-banheiro-1511788286,vila-velha,itapua,1,70.0,2,2,1,0,1,1,1,0,0,3500.0,0
1511775023,https://es.olx.com.br/norte-do-espirito-santo/imoveis/particular-alugo-apt-2-quartos-jd-limoeiro-1511775023,serra,jardim-limoeiro,1,50.0,2,1,1,0,1,1,0,0,0,1750.0,0
1511757397,https://es.olx.com.br/norte-do-espirito-santo/imoveis/apartamento-praia-de-itaparica-vila-velha-1511757397,cariacica,jardim-america,1,360.0,4,5,4,1,1,1,1,1,0,8300.0,0
1511749722,https://es.olx.com.br/norte-do-espirito-santo/imoveis/cobertura-para-aluguel-4-quartos-1-suite-1-vaga-centro-guarapari-es-1511749722,guarapari,centro,1,140.0,4,3,1,1,0,0,0,1,1,3900.0,0
1511746631,https://es.olx.com.br/norte-do-espirito-santo/imoveis/aluga-se-linda-casa-toda-mobiliada-entre-a-praia-e-a-lagoa-em-ponta-da-fruta-vila-velha-1511746631,vila-velha,ponta-da-fruta,1,50.0,1,1,0,0,0,0,0,0,1,1400.0,0
1511730905,https://es.olx.com.br/norte-do-espirito-santo/imoveis/aluguel-apartamento-com-2-quartos-58-m-por-r-2-800-mes-jockey-de-itaparica-vila-vel-1511730905,vila-velha,jockey-de-itaparica,1,58.0,2,2,1,1,1,1,0,1,0,2800.0,0
1511729410,https://es.olx.com.br/norte-do-espirito-santo/imoveis/cobertura-mobiliada-para-alugar-no-vivenda-tropical-condominio-clube-jardim-tropical-ser-1511729410,serra,jardim-tropical,1,50.0,2,2,1,1,0,1,0,1,0,2700.0,0
1511726401,https://es.olx.com.br/norte-do-espirito-santo/imoveis/apartamento-com-3-dormitorios-para-alugar-110-m-por-r-9-980-00-mes-itapoa-vila-velh-1511726401,vila-velha,itapua,1,110.0,3,2,2,1,0,1,0,1,1,9000.0,0
1511724058,https://es.olx.com.br/norte-do-espirito-santo/imoveis/apartamento-com-2-dormitorios-para-alugar-60-m-por-r-3-751-00-mes-praia-de-itaparica-1511724058,vila-velha,praia-de-itaparica,1,60.0,2,2,1,1,0,1,0,1,0,3300.0,0
1511722805,https://es.olx.com.br/norte-do-espirito-santo/imoveis/apartamento-com-4-dormitorios-340-m-venda-por-r-4-500-000-00-ou-aluguel-por-r-17-600-1511722805,vila-velha,praia-da-costa,1,340.0,4,4,2,1,0,0,0,0,0,15000.0,0
1511722771,https://es.olx.com.br/norte-do-espirito-santo/imoveis/mansao-de-alto-padrao-para-locacao-praia-da-costa-1511722771,vila-velha,praia-da-costa,0,400.0,5,5,5,0,0,0,0,0,0,100000.0,0
1511722689,https://es.olx.com.br/norte-do-espirito-santo/imoveis/apartamento-com-4-dormitorios-277-m-venda-por-r-4-500-000-00-ou-aluguel-por-r-11-850-1511722689,vila-velha,praia-de-itaparica,1,277.0,4,4,2,1,0,0,0,1,1,10500.0,0
1511722637,https://es.olx.com.br/norte-do-espirito-santo/imoveis/apartamento-com-3-dormitorios-para-alugar-159-m-por-r-9-250-00-mes-praia-de-itaparica-1511722637,vila-velha,praia-de-itaparica,1,159.0,3,4,2,1,0,1,0,1,1,7500.0,0
1511722653,https://es.olx.com.br/norte-do-espirito-santo/imoveis/apartamento-com-3-dormitorios-para-alugar-107-m-por-r-5-885-51-mes-praia-da-costa-v-1511722653,vila-velha,praia-da-costa,1,107.0,3,2,2,1,1,1,0,0,0,5000.0,0
1511722433,https://es.olx.com.br/norte-do-espirito-santo/imoveis/casa-2-pavimento-com-02-quartos-amplos-sendo-01-suite-jardim-atlantico-serra-es-1511722433,serra,residencial-jacaraipe,0,100.0,2,2,1,0,0,0,0,1,0,2000.0,0
1509856007,https://es.olx.com.br/norte-do-espirito-santo/imoveis/livia-machado-aluga-apartamento-de-3-quartos-na-praia-da-costa-vila-velha-es-1509856007,vila-velha,praia-da-costa,1,147.0,3,3,2,0,1,1,0,0,0,9030.0,0
1477771013,https://es.olx.com.br/norte-do-espirito-santo/imoveis/casa-mobiliada-alto-padrao-a-3-minutos-da-praia-manguinhos-1477771013,serra,bicanga,0,300.0,4,5,2,0,1,1,1,1,1,8030.0,0
1511698199,https://es.olx.com.br/norte-do-espirito-santo/imoveis/codigo-1718-apto-com-3-quartos-1511698199,vitoria,santa-helena,1,160.0,3,3,1,0,0,0,0,0,0,5900.0,0
1511677843,https://es.olx.com.br/norte-do-espirito-santo/imoveis/alugo-apartamento-maruipe-1511677843,vitoria,maruipe,1,43.0,1,1,0,0,0,0,0,0,0,1800.0,1
1511674832,https://es.olx.com.br/norte-do-espirito-santo/imoveis/apartamento-para-alugar-em-vila-velha-vale-encantado-com-2-quartos-com-48-m-vista-do-1511674832,vila-velha,vale-encantado,1,48.0,2,1,1,0,1,1,1,0,0,1700.0,0
1511673748,https://es.olx.com.br/norte-do-espirito-santo/imoveis/apartamento-com-2-dormitorios-para-alugar-44-m-por-r-2-000-nossa-senhora-da-penha-v-1511673748,vila-velha,nossa-senhora-da-penha,1,44.0,2,1,1,1,0,1,0,0,0,2000.0,0
1511666788,https://es.olx.com.br/norte-do-espirito-santo/imoveis/apartamento-2-quartos-para-locacao-anual-na-prainha-de-muquicaba-em-guarapari-1511666788,guarapari,muquicaba,1,90.0,2,2,3,0,0,0,0,0,0,3300.0,0
1511655445,https://es.olx.com.br/norte-do-espirito-santo/imoveis/apartamento-para-aluguel-residencial-vista-mata-da-serra-porto-canoa-serra-1511655445,serra,porto-canoa,1,44.0,2,1,1,1,1,1,1,0,0,1700.0,0
1511644168,https://es.olx.com.br/norte-do-espirito-santo/imoveis/aluguel-de-kitnet-em-viana-centro-1511644168,viana,centro,1,1111.0,1,1,0,0,0,0,0,1,0,1111.0,0
1511641074,https://es.olx.com.br/norte-do-espirito-santo/imoveis/entre-a-praia-e-shopping-perto-de-tudo-1511641074,vila-velha,itapua,0,45.0,1,1,0,0,0,0,0,1,1,2500.0,0
1511640685,https://es.olx.com.br/norte-do-espirito-santo/imoveis/apartamento-em-prainha-vv-1-andar-1-quarto-1511640685,vila-velha,centro-de-vila-velha,1,36.0,1,1,0,0,0,0,0,0,1,2000.0,0
1511640291,https://es.olx.com.br/norte-do-espirito-santo/imoveis/alugo-apartamento-2-quartos-colina-de-laranjeiras-1511640291,serra,colina-de-laranjeiras,1,45.0,2,1,1,1,1,1,0,0,0,2000.0,0
1511625395,https://es.olx.com.br/norte-do-espirito-santo/imoveis/imovel-para-aluguel-com-70-metros-quadrados-com-3-quartos-em-praia-das-gaivotas-vila-vel-1511625395,vila-velha,praia-das-gaivotas,1,70.0,3,2,1,1,1,1,1,0,0,3100.0,0
1511624681,https://es.olx.com.br/norte-do-espirito-santo/imoveis/apartamento-3-quartos-1-suite-na-praia-de-itaparica-frente-115-m-1511624681,vila-velha,praia-de-itaparica,1,115.0,3,3,1,1,1,1,0,1,0,5500.0,0
1511623032,https://es.olx.com.br/norte-do-espirito-santo/imoveis/aluga-se-kitnet-1511623032,serra,cidade-continental,1,30.0,1,1,0,0,0,0,0,0,0,900.0,0
1511618159,https://es.olx.com.br/norte-do-espirito-santo/imoveis/kitnet-com-varanda-em-santa-monica-popular-1511618159,vila-velha,santa-monica-popular,0,35.0,1,1,0,0,0,0,0,1,0,900.0,1
1511615675,https://es.olx.com.br/norte-do-espirito-santo/imoveis/imovel-para-aluguel-possui-91-metros-quadrados-com-3-quartos-em-jardim-camburi-vitoria-1511615675,vitoria,jardim-camburi,1,91.0,3,3,2,1,1,1,0,0,0,6100.0,0
1511608303,https://es.olx.com.br/norte-do-espirito-santo/imoveis/imovel-para-aluguel-com-58-metros-quadrados-com-2-quartos-em-jockey-de-itaparica-vila-ve-1511608303,vila-velha,jockey-de-itaparica,1,58.0,2,2,1,1,0,1,0,0,0,2700.0,0
1511588978,https://es.olx.com.br/norte-do-espirito-santo/imoveis/imovel-para-aluguel-possui-58-metros-quadrados-com-2-quartos-em-praia-de-itaparica-vila-1511588978,vila-velha,praia-de-itaparica,1,58.0,2,2,2,1,1,1,1,0,0,3500.0,0
1511573411,https://es.olx.com.br/norte-do-espirito-santo/imoveis/apartamento-2-quartos-itapoa-ed-praia-grande-ultimo-andar-1511573411,vila-velha,itapua,1,67.0,2,2,1,1,1,1,1,1,0,2650.0,0
1511572778,https://es.olx.com.br/norte-do-espirito-santo/imoveis/imovel-para-aluguel-tem-58-metros-quadrados-com-2-quartos-em-jockey-de-itaparica-vila-ve-1511572778,vila-velha,jockey-de-itaparica,1,58.0,2,2,1,1,1,1,0,0,0,2700.0,0
1511560688,https://es.olx.com.br/norte-do-espirito-santo/imoveis/imovel-para-aluguel-possui-58-metros-quadrados-com-2-quartos-1511560688,vila-velha,jockey-de-itaparica,1,58.0,2,1,5,1,0,1,1,0,0,2700.0,0
1511552946,https://es.olx.com.br/norte-do-espirito-santo/imoveis/ap-1610-happy-days-manguinhos-2-quartos-com-suite-varanda-vista-livre-01-vaga-1511552946,serra,morada-de-laranjeiras,1,60.0,2,2,1,1,1,1,1,1,0,2300.0,0
1511548757,https://es.olx.com.br/norte-do-espirito-santo/imoveis/apto-novo-lindo-1511548757,vila-velha,jockey-de-itaparica,1,50.0,2,2,1,1,1,1,1,0,0,2850.0,0
1511522473,https://es.olx.com.br/norte-do-espirito-santo/imoveis/apartamento-no-barro-vermelho-1511522473,vitoria,barro-vermelho,1,90.0,3,2,1,1,1,1,1,1,1,4500.0,0
1511521903,https://es.olx.com.br/norte-do-espirito-santo/imoveis/apartamento-2-quartos-com-lazer-clube-1511521903,vila-velha,praia-das-gaivotas,1,65.0,2,2,1,1,0,1,1,0,0,2600.0,0
1511519207,https://es.olx.com.br/norte-do-espirito-santo/imoveis/alugo-casa-em-sao-francisco-1511519207,serra,sao-francisco,0,100.0,2,2,1,0,0,0,0,1,0,2400.0,0
1511500318,https://es.olx.com.br/norte-do-espirito-santo/imoveis/localizacao-privilegiada-e-qualidade-de-vida-em-vitoria-1511500318,vitoria,jardim-da-penha,1,75.0,2,2,1,0,0,0,0,0,0,2700.0,0
1511497998,https://es.olx.com.br/norte-do-espirito-santo/imoveis/imovel-para-aluguel-com-46-metros-quadrados-com-2-quartos-1511497998,vila-velha,nossa-senhora-da-penha,1,46.0,2,1,1,1,1,1,0,0,0,2000.0,0
1511496279,https://es.olx.com.br/norte-do-espirito-santo/imoveis/kitnet-mobiliado-p-solteiro-agua-e-luz-inclu-1511496279,vila-velha,riviera-da-barra,0,35.0,1,1,0,0,0,0,0,0,0,1200.0,0
1511484500,https://es.olx.com.br/norte-do-espirito-santo/imoveis/alugo-apartamento-no-cond-sao-pedro-em-colina-de-laranjeiras-1511484500,serra,colina-de-laranjeiras,1,48.0,2,1,1,0,1,1,1,0,0,1700.0,0
1511477710,https://es.olx.com.br/norte-do-espirito-santo/imoveis/alugo-apto-proximo-da-ufes-de-maruipe-1511477710,vitoria,bonfim,1,52.0,2,1,1,0,0,0,0,1,0,2000.0,0
1511475242,https://es.olx.com.br/norte-do-espirito-santo/imoveis/apartamento-para-aluguel-3-quartos-1-suite-2-vagas-praia-da-costa-vila-velha-es-1511475242,vila-velha,praia-da-costa,1,130.0,3,1,2,0,1,1,0,1,0,3600.0,0
1462167813,https://es.olx.com.br/norte-do-espirito-santo/imoveis/locacao-03-quartos-praia-do-canto-1462167813,vitoria,praia-do-canto,1,115.0,3,3,2,1,1,1,0,1,0,6800.0,0
1511469395,https://es.olx.com.br/norte-do-espirito-santo/imoveis/alugo-quarto-e-sala-mata-da-praia-1511469395,vitoria,mata-da-praia,1,45.0,1,1,1,0,1,0,0,0,0,1790.0,0
1511469029,https://es.olx.com.br/norte-do-espirito-santo/imoveis/3-quartos-mobiliado-no-melhor-predio-do-parque-das-castanheiras-1511469029,vila-velha,praia-da-costa,1,135.0,3,3,2,1,1,1,1,1,1,10000.0,0
1511455604,https://es.olx.com.br/norte-do-espirito-santo/imoveis/alugo-cs-com-3-quartos-1511455604,serra,bicanga,0,100.0,3,1,0,0,0,0,0,0,0,1800.0,0
1372183896,https://es.olx.com.br/norte-do-espirito-santo/imoveis/loja-sala-gloria-atras-da-garoto-1372183896,vila-velha,gloria,0,25.0,0,1,0,0,0,0,0,0,0,1400.0,0
1511447547,https://es.olx.com.br/norte-do-espirito-santo/imoveis/casa-com-3-dormitorios-para-alugar-148-m-por-r-6-108-33-mes-interlagos-vila-velha-e-1511447547,vila-velha,interlagos,0,148.0,3,2,2,0,0,1,0,1,0,6000.0,0
1511442932,https://es.olx.com.br/norte-do-espirito-santo/imoveis/apartamento-para-alugar-no-bairro-chacara-parreiral-serra-es-1511442932,serra,chacara-parreiral,1,48.0,2,1,1,1,0,1,0,1,0,1700.0,0
1511441606,https://es.olx.com.br/norte-do-espirito-santo/imoveis/apartamento-2-quartos-com-suite-para-na-mata-da-praia-vitoria-es-1511441606,vitoria,mata-da-praia,1,70.0,2,2,2,1,0,1,0,1,0,4500.0,0
1511438627,https://es.olx.com.br/norte-do-espirito-santo/imoveis/apartamento-mobiliado-2-quartos-1-suite-com-varandas-santa-helena-vitoria-es-1511438627,vitoria,santa-helena,1,75.0,2,2,1,1,1,1,1,1,1,4400.0,0
1511435487,https://es.olx.com.br/norte-do-espirito-santo/imoveis/apartamento-de-luxo-na-praia-do-morro-2-quartos-2-suites-1-sala-1-banheiro-2-vagas-de-1511435487,guarapari,praia-do-morro,1,95.0,2,1,2,1,0,1,1,1,1,3500.0,0
1511435480,https://es.olx.com.br/norte-do-espirito-santo/imoveis/apartamento-para-locacao-na-praia-do-morro-guarapari-es-2-quartos-1-suite-1-banheiro-1511435480,guarapari,praia-do-morro,1,70.0,2,1,1,1,0,0,0,0,0,3200.0,0
1511434581,https://es.olx.com.br/norte-do-espirito-santo/imoveis/apartamento-de-3-quartos-na-praia-do-morro-guarapari-es-com-suite-e-2-vagas-de-garagem-1511434581,guarapari,praia-do-morro,1,100.0,3,1,2,1,0,1,1,1,1,4000.0,0
1511430130,https://es.olx.com.br/norte-do-espirito-santo/imoveis/casa-para-aluguel-3-quartos-1-suite-3-vagas-novo-serra-es-1511430130,serra,novo,0,150.0,3,1,3,0,0,0,0,0,0,2900.0,0
1511427952,https://es.olx.com.br/norte-do-espirito-santo/imoveis/condominio-spazio-vanguardia-cobertura-duplex-com-suite-e-churrasqueira-3-quartos-se-1511427952,serra,santa-luzia,1,129.0,3,3,2,1,0,1,1,0,0,2500.0,0
1511426197,https://es.olx.com.br/norte-do-espirito-santo/imoveis/apartamento-com-2-quartos-para-alugar-80-m-itapua-vila-velha-es-1511426197,vila-velha,itapua,1,80.0,2,2,2,1,1,1,0,1,0,3000.0,0
1511424407,https://es.olx.com.br/norte-do-espirito-santo/imoveis/flat-em-mata-da-praia-no-slavieiro-1511424407,vitoria,mata-da-praia,1,48.0,2,2,1,0,0,0,1,0,1,3900.0,0
1504097408,https://es.olx.com.br/norte-do-espirito-santo/imoveis/alugo-casa-oportunidade-3-suites-anual-1504097408,guarapari,jardim-boa-vista,0,110.0,3,4,2,0,0,0,0,1,0,4500.0,0
1511422747,https://es.olx.com.br/norte-do-espirito-santo/imoveis/apartamento-2-quartos-1-suite-com-lazer-completo-na-praia-da-costa-1511422747,vila-velha,praia-da-costa,1,70.0,2,2,1,0,0,1,0,0,0,3500.0,0
1511418380,https://es.olx.com.br/norte-do-espirito-santo/imoveis/apartamento-para-aluguel-2-quartos-1-suite-1-vaga-jardim-camburi-vitoria-es-1511418380,vitoria,jardim-camburi,1,50.0,2,1,1,1,1,1,1,1,0,2600.0,0
1511418117,https://es.olx.com.br/norte-do-espirito-santo/imoveis/aluguel-2-quartos-52m--jardim-camburi-r-2-615-00-taxas-ref-r-023-1511418117,vitoria,jardim-camburi,1,52.0,2,1,1,0,0,0,0,0,0,2615.0,0
1511397580,https://es.olx.com.br/norte-do-espirito-santo/imoveis/apartamento-a-venda-e-para-alugar-em-vila-velha-itapua-com-2-quartos-com-67-m-1511397580,vila-velha,itapua,1,67.0,2,2,1,0,0,0,0,0,0,3500.0,0
1511396736,https://es.olx.com.br/norte-do-espirito-santo/imoveis/apartamento-para-alugar-no-bairro-divino-espirito-santo-vila-velha-es-1511396736,vila-velha,divino-espirito-santo,1,55.0,2,1,1,0,0,1,0,0,0,2000.0,0
1511396653,https://es.olx.com.br/norte-do-espirito-santo/imoveis/alugo-kitnet-1511396653,vitoria,goiabeiras,1,30.0,1,1,0,0,0,0,0,0,0,1100.0,1
1511382664,https://es.olx.com.br/norte-do-espirito-santo/imoveis/apartamento-com-2-dormitorios-para-alugar-67-m-por-r-5-500-00-mes-jardim-camburi-vi-1511382664,vitoria,jardim-camburi,1,67.0,2,2,1,0,1,0,0,1,0,5500.0,0
1511382128,https://es.olx.com.br/norte-do-espirito-santo/imoveis/apartamento-com-4-dormitorios-para-alugar-378-m-por-r-14-800-00-mes-itapua-vila-vel-1511382128,vila-velha,praia-da-costa,1,378.0,4,2,2,0,0,1,0,0,0,12000.0,0
1511381233,https://es.olx.com.br/norte-do-espirito-santo/imoveis/imovel-em-excelente-localizacao-e-conservacao-predio-com-elevadores-e-garagem-coberta-1511381233,vitoria,jardim-camburi,1,48.0,2,1,1,1,0,1,0,1,0,2450.0,0
1511367901,https://es.olx.com.br/norte-do-espirito-santo/imoveis/locacao-de-luxo-na-orla-de-camburi-4-qts-suites-225m-sol-da-manha-e-3-vagas-1511367901,vitoria,mata-da-praia,1,225.0,4,5,3,1,1,1,0,1,0,12000.0,0
1511359231,https://es.olx.com.br/norte-do-espirito-santo/imoveis/2-quartos-jardim-camburi-ao-lado-do-shopping-norte-sul-1511359231,vitoria,jardim-camburi,1,60.0,2,1,1,1,1,0,0,1,0,2400.0,0
1511332180,https://es.olx.com.br/norte-do-espirito-santo/imoveis/apartamento-mobiliado-de-1-quarto-1511332180,vila-velha,rio-marinho,0,50.0,1,1,1,0,0,0,0,0,1,1970.0,0
1511304481,https://es.olx.com.br/norte-do-espirito-santo/imoveis/imovel-para-aluguel-tem-59-metros-quadrados-com-2-quartos-em-praia-de-itaparica-vila-vel-1511304481,vila-velha,praia-de-itaparica,1,59.0,2,2,2,1,1,1,1,0,0,3500.0,0
1511300540,https://es.olx.com.br/norte-do-espirito-santo/imoveis/duplex-para-aluguel-com-120m-3-quartos-em-jardim-camburi-vitoria-es-1511300540,vitoria,jardim-camburi,1,120.0,3,3,1,1,0,1,0,0,0,4900.0,0
1511291624,https://es.olx.com.br/norte-do-espirito-santo/imoveis/imovel-para-aluguel-com-60-metros-quadrados-com-2-quartos-em-mata-da-praia-vitoria-es-1511291624,vitoria,mata-da-praia,1,60.0,2,1,1,0,0,1,0,0,0,2800.0,0
1511291310,https://es.olx.com.br/norte-do-espirito-santo/imoveis/imovel-para-aluguel-com-70-metros-quadrados-com-2-quartos-em-praia-de-itaparica-vila-vel-1511291310,vila-velha,praia-de-itaparica,1,70.0,2,2,1,1,0,1,1,0,0,3000.0,0
1489405109,https://es.olx.com.br/norte-do-espirito-santo/imoveis/alugo-anual-apartamento-vista-para-o-mar-na-prainha-localizacao-privilegiada-1489405109,guarapari,praia-do-morro,1,100.0,3,3,1,0,0,0,0,1,1,3000.0,0
1511290231,https://es.olx.com.br/norte-do-espirito-santo/imoveis/imovel-para-aluguel-com-60-metros-quadrados-com-2-quartos-em-itapua-vila-velha-es-1511290231,vila-velha,itapua,1,60.0,2,2,1,1,1,1,0,0,0,3150.0,0
1511288593,https://es.olx.com.br/norte-do-espirito-santo/imoveis/imovel-para-aluguel-tem-60-metros-quadrados-com-2-quartos-em-itapua-vila-velha-es-1511288593,vila-velha,itapua,1,60.0,2,2,1,1,1,1,0,0,0,3150.0,0
1511286875,https://es.olx.com.br/norte-do-espirito-santo/imoveis/duplex-para-aluguel-possui-150-metros-quadrados-com-3-quartos-1511286875,vila-velha,praia-de-itaparica,1,150.0,3,4,2,1,0,1,1,0,0,5500.0,0
1511283019,https://es.olx.com.br/norte-do-espirito-santo/imoveis/apartamento-semi-mobiliado-na-praia-da-costa-1511283019,vila-velha,praia-da-costa,1,55.0,2,1,1,1,1,0,0,1,0,3100.0,0
1511282293,https://es.olx.com.br/norte-do-espirito-santo/imoveis/imovel-para-aluguel-com-70-metros-quadrados-com-2-quartos-em-praia-do-sua-vitoria-es-1511282293,vitoria,praia-do-sua,1,70.0,2,2,2,1,1,1,1,0,0,4500.0,0
1511282035,https://es.olx.com.br/norte-do-espirito-santo/imoveis/casa-para-aluguel-295-m2-com-3-quartos-em-fradinhos-vitoria-es-1511282035,vitoria,fradinhos,0,295.0,3,3,2,0,0,1,0,0,0,13000.0,0
1511281439,https://es.olx.com.br/norte-do-espirito-santo/imoveis/imovel-para-aluguel-com-113-metros-quadrados-com-3-quartos-em-itapua-vila-velha-es-1511281439,vila-velha,itapua,1,113.0,3,2,2,1,0,1,1,0,0,8000.0,0
1511280149,https://es.olx.com.br/norte-do-espirito-santo/imoveis/imovel-para-aluguel-tem-70-metros-quadrados-com-2-quartos-em-praia-do-sua-vitoria-es-1511280149,vitoria,praia-do-sua,1,70.0,2,2,1,1,1,1,1,0,0,4500.0,0
1511279977,https://es.olx.com.br/norte-do-espirito-santo/imoveis/apartamento-mobiliado-colina-de-laranjeiras-1511279977,serra,colina-de-laranjeiras,1,53.0,2,1,1,1,1,1,1,1,1,2500.0,0
1511277387,https://es.olx.com.br/norte-do-espirito-santo/imoveis/apto-3-quartos-em-mata-da-praia-jardim-da-penha-vitoria-es-1511277387,vitoria,jardim-da-penha,1,106.0,3,3,1,0,0,0,0,0,0,5200.0,0
1511266306,https://es.olx.com.br/norte-do-espirito-santo/imoveis/3-quartos-viver-serra-sol-da-manha-1511266306,serra,jardim-limoeiro,1,60.0,3,2,1,1,1,1,1,0,0,2150.0,0
1511259308,https://es.olx.com.br/norte-do-espirito-santo/imoveis/imovel-para-aluguel-possui-43-metros-quadrados-com-1-quarto-em-praia-da-costa-vila-velha-1511259308,vila-velha,praia-da-costa,1,43.0,1,1,1,0,1,1,0,0,1,3500.0,0
1511258621,https://es.olx.com.br/norte-do-espirito-santo/imoveis/imovel-para-aluguel-tem-43-metros-quadrados-com-1-quarto-em-praia-da-costa-vila-velha-1511258621,vila-velha,praia-da-costa,1,43.0,1,1,1,1,1,1,0,0,1,3500.0,0
1511258128,https://es.olx.com.br/norte-do-espirito-santo/imoveis/apartamento-2-quartos-sao-conrado-vila-velha-1511258128,vila-velha,sao-conrado,1,50.0,2,1,1,0,0,1,0,0,0,1600.0,0
1511254479,https://es.olx.com.br/norte-do-espirito-santo/imoveis/apartamento-com-2-quartos-para-aluguel-70m-1511254479,vila-velha,itapua,1,70.0,2,1,1,0,0,0,0,0,0,2600.0,0
1511251764,https://es.olx.com.br/norte-do-espirito-santo/imoveis/imovel-para-aluguel-tem-43-metros-quadrados-com-1-quarto-em-praia-da-costa-vila-velha-1511251764,vila-velha,praia-da-costa,1,43.0,1,1,1,1,1,1,0,0,1,3500.0,0
1396985463,https://es.olx.com.br/norte-do-espirito-santo/imoveis/apartamento-dois-quartos-com-quintal-1396985463,serra,praia-da-baleia,1,66.0,2,1,1,1,1,1,1,0,0,2300.0,0
1511235185,https://es.olx.com.br/norte-do-espirito-santo/imoveis/imovel-para-aluguel-com-64-metros-quadrados-com-2-quartos-em-itapua-vila-velha-es-1511235185,vila-velha,itapua,1,64.0,2,1,1,1,1,1,0,0,0,3200.0,0
1511233531,https://es.olx.com.br/norte-do-espirito-santo/imoveis/alugo-apartamento-de-3-quartos-em-morada-de-laranjeiras-1511233531,serra,morada-de-laranjeiras,1,70.0,2,1,1,1,1,1,1,1,0,2500.0,0
1511230976,https://es.olx.com.br/norte-do-espirito-santo/imoveis/apartamento-para-alugar-na-praia-de-itaparica-vila-velha-1511230976,vila-velha,praia-de-itaparica,1,60.0,2,2,1,1,1,1,1,1,1,4500.0,0
1511227339,https://es.olx.com.br/norte-do-espirito-santo/imoveis/imovel-para-aluguel-possui-58-metros-quadrados-com-2-quartos-em-praia-da-costa-vila-velh-1511227339,vila-velha,praia-da-costa,1,58.0,2,1,1,1,0,0,0,0,1,4500.0,0
1511226837,https://es.olx.com.br/norte-do-espirito-santo/imoveis/solar-das-margaridas-3-quartos-sendo-1-suite-com-100m-centro-guarapari-es-1511226837,guarapari,ipiranga,1,100.0,3,2,2,1,1,1,0,1,0,4500.0,0
1511225305,https://es.olx.com.br/norte-do-espirito-santo/imoveis/imovel-para-aluguel-com-65-metros-quadrados-com-2-quartos-em-jardim-da-penha-vitoria-e-1511225305,vitoria,jardim-da-penha,1,65.0,2,1,1,1,0,0,0,0,0,2700.0,0
1511220316,https://es.olx.com.br/norte-do-espirito-santo/imoveis/alianca-web-aluga-1511220316,vila-velha,praia-de-itaparica,1,60.0,2,2,1,1,0,0,0,1,0,2900.0,0
1511220321,https://es.olx.com.br/norte-do-espirito-santo/imoveis/alianca-web-aluga-1511220321,vila-velha,praia-da-costa,1,90.0,3,2,1,1,1,1,0,1,0,4300.0,0
1511220051,https://es.olx.com.br/norte-do-espirito-santo/imoveis/alianca-web-aluga-1511220051,vila-velha,residencial-coqueiral,1,50.0,2,2,0,0,0,0,0,1,0,2000.0,0
1511226426,https://es.olx.com.br/norte-do-espirito-santo/imoveis/busco-quarto-ou-kitnet-mobiliada-1511226426,vitoria,mata-da-praia,1,30.0,1,1,0,0,0,0,0,0,0,900.0,1
1511211960,https://es.olx.com.br/norte-do-espirito-santo/imoveis/apto-de-1-quarto-quarto-e-sala-em-jardim-da-penha-1511211960,vitoria,jardim-da-penha,1,40.0,1,1,1,1,0,1,1,0,0,3590.0,0
1508986769,https://es.olx.com.br/norte-do-espirito-santo/imoveis/apartamento-com-3-quartos-para-alugar-75-m-itapua-vila-velha-es-1508986769,vila-velha,itapua,1,75.0,3,2,1,1,1,1,0,1,0,3000.0,0
1509306010,https://es.olx.com.br/norte-do-espirito-santo/imoveis/apartamento-com-2-quartos-para-alugar-55-m-ataide-vila-velha-es-1509306010,vila-velha,ataide,1,50.0,2,1,1,0,0,1,0,0,1,2200.0,0
1508986904,https://es.olx.com.br/norte-do-espirito-santo/imoveis/apartamento-com-2-quartos-para-alugar-60-m-praia-de-itaparica-vila-velha-es-1508986904,vila-velha,praia-de-itaparica,1,60.0,2,2,1,1,1,1,0,1,0,2600.0,0
1511196645,https://es.olx.com.br/norte-do-espirito-santo/imoveis/casa-de-140-mts-em-residencial-coqueiral-1511196645,vila-velha,residencial-coqueiral,0,140.0,3,3,1,0,0,0,0,0,0,3000.0,0
1511186212,https://es.olx.com.br/norte-do-espirito-santo/imoveis/ss-casa-a-venda-em-novo-porto-canoa-1511186212,serra,novo-porto-canoa,0,180.0,2,1,1,0,0,0,0,0,0,175000.0,0
1511177781,https://es.olx.com.br/norte-do-espirito-santo/imoveis/apartamento-na-praia-do-morro-em-guarapari-1511177781,guarapari,praia-do-morro,1,87.0,2,1,1,0,0,0,0,0,0,2500.0,0
1511185030,https://es.olx.com.br/norte-do-espirito-santo/imoveis/alugo-casa-condominio-aldeia-parque-igarape-colina-laranjeiras-serra-es-1511185030,serra,colina-de-laranjeiras,0,150.0,3,3,2,0,0,1,1,1,0,5800.0,0
1436999352,https://es.olx.com.br/norte-do-espirito-santo/imoveis/apartamento-dois-quartos-com-quintal-1436999352,serra,praia-da-baleia,1,90.0,2,1,1,1,1,1,1,0,0,2500.0,0
1511145773,https://es.olx.com.br/norte-do-espirito-santo/imoveis/oportunidade-imovel-mobiliado-no-centro-da-serra-1511145773,serra,residencial-centro-da-serra,1,50.0,2,1,1,1,0,1,1,0,0,1700.0,0
1511134068,https://es.olx.com.br/norte-do-espirito-santo/imoveis/apartamento-para-locacao-na-praia-da-costa-vila-velha-es-2-quartos-2-suites-1-sala-1-1511134068,vila-velha,praia-da-costa,1,85.0,2,2,1,0,1,1,0,0,0,4000.0,0
1511132795,https://es.olx.com.br/norte-do-espirito-santo/imoveis/lindo-apartamento-de-1-quarto-totalmente-mobiliado-com-internet-ja-instalada-1511132795,vitoria,barro-vermelho,1,45.0,1,1,1,1,1,1,1,1,1,3300.0,0
1511131437,https://es.olx.com.br/norte-do-espirito-santo/imoveis/aluga-se-casa-quarto-no-bairro-soteco-1511131437,vila-velha,soteco,0,35.0,1,1,1,0,0,0,0,0,0,1600.0,0
1511127403,https://es.olx.com.br/norte-do-espirito-santo/imoveis/locacao-apartamento-3-quartos-jardim-camburi-vitoria-1511127403,vitoria,jardim-camburi,1,90.0,3,2,2,1,0,1,0,1,0,3500.0,0
1511124415,https://es.olx.com.br/norte-do-espirito-santo/imoveis/codigo-347-praia-do-canto-1511124415,vitoria,praia-do-canto,1,80.0,2,2,2,0,0,1,0,0,0,3600.0,0
1511084369,https://es.olx.com.br/norte-do-espirito-santo/imoveis/casa-segundo-andar-1511084369,serra,cidade-continental,1,70.0,2,1,0,0,0,0,0,0,0,1550.0,0
1511064336,https://es.olx.com.br/norte-do-espirito-santo/imoveis/casa-para-alugar-em-serra-sao-francisco-com-2-quartos-com-80-m-1511064336,serra,sao-francisco,0,80.0,2,1,1,0,0,0,0,0,0,2800.0,0
1511064324,https://es.olx.com.br/norte-do-espirito-santo/imoveis/apartamento-para-alugar-em-serra-colina-de-laranjeiras-com-2-quartos-com-46-m-1511064324,serra,colina-de-laranjeiras,1,46.0,2,1,0,0,1,1,0,0,0,2100.0,1
1511055031,https://es.olx.com.br/norte-do-espirito-santo/imoveis/apartamento-com-1-dormitorio-para-alugar-50-m-por-r-2-980-00-mes-centro-guarapari-e-1511055031,guarapari,centro,1,50.0,1,1,1,0,0,0,0,1,1,2500.0,0
1511054149,https://es.olx.com.br/norte-do-espirito-santo/imoveis/apartamento-com-4-dormitorios-para-alugar-150-m-por-r-12-450-00-mes-enseada-azul-gu-1511054149,guarapari,enseada-azul,1,150.0,4,5,3,0,0,1,0,1,1,11000.0,0
1511020892,https://es.olx.com.br/norte-do-espirito-santo/imoveis/imovel-para-aluguel-tem-60-metros-quadrados-com-2-quartos-em-jardim-colorado-vila-velha-1511020892,vila-velha,jardim-colorado,1,60.0,2,2,0,0,0,0,0,0,0,2000.0,1
1511020845,https://es.olx.com.br/norte-do-espirito-santo/imoveis/imovel-para-aluguel-possui-39-metros-quadrados-com-1-quarto-em-jardim-camburi-vitoria-1511020845,vitoria,jardim-camburi,1,39.0,1,1,0,1,1,0,0,0,0,3500.0,1
1511016927,https://es.olx.com.br/norte-do-espirito-santo/imoveis/apartamento-com-3-quartos-para-alugar-em-vitoria-1511016927,vitoria,jardim-camburi,1,80.0,3,2,1,1,0,0,0,1,0,3155.0,0
1511016840,https://es.olx.com.br/norte-do-espirito-santo/imoveis/apartamento-com-2-quartos-para-alugar-em-vitoria-1511016840,vitoria,jardim-camburi,1,70.0,2,2,1,1,0,1,0,1,0,3205.0,0
1511010335,https://es.olx.com.br/norte-do-espirito-santo/imoveis/apartamento-mobiliado-na-enseada-azul-2-quartos-piscina-elevador-1511010335,guarapari,enseada-azul,1,70.0,2,2,1,1,0,1,0,0,1,2500.0,0
1511020391,https://es.olx.com.br/norte-do-espirito-santo/imoveis/2-quartos-com-lazer-1511020391,vila-velha,praia-das-gaivotas,1,60.0,2,2,1,1,1,1,1,1,0,2400.0,0
1509485212,https://es.olx.com.br/norte-do-espirito-santo/imoveis/apartamento-aconchegante-a-100m-da-praia-das-castanheiras-centro-de-guarapari-1509485212,guarapari,centro,1,80.0,2,2,1,1,1,0,0,1,1,3500.0,0
1511011265,https://es.olx.com.br/norte-do-espirito-santo/imoveis/1-quarto-e-sala-mobiliado-1511011265,vitoria,jardim-camburi,1,48.0,1,1,0,0,0,0,0,0,1,2899.0,0
1511009443,https://es.olx.com.br/norte-do-espirito-santo/imoveis/alugo-apartamento-mobiliado-1511009443,serra,colina-de-laranjeiras,1,48.0,2,1,1,1,0,1,0,0,1,2600.0,0
1507100374,https://es.olx.com.br/norte-do-espirito-santo/imoveis/oportunidade-apartamento-3-quartos-lazer-completo-perto-de-tudo-em-itapua-1507100374,vila-velha,itapua,1,130.0,3,3,2,1,0,1,0,1,0,4200.0,0
1510992838,https://es.olx.com.br/norte-do-espirito-santo/imoveis/locacao-de-apartamento-garden-3-quartos-quintal-no-vista-de-pitanga-novo-imperdivel-1510992838,serra,porto-canoa,1,95.0,3,1,1,1,1,1,1,0,0,3200.0,0
1510984136,https://es.olx.com.br/norte-do-espirito-santo/imoveis/aluga-se-casa-2-andar-proximo-parque-cravo-e-a-rosa-e-mercado-bh-1510984136,cariacica,tucum,0,80.0,2,1,2,0,0,0,0,1,0,1200.0,0
1510963810,https://es.olx.com.br/norte-do-espirito-santo/imoveis/kitnet-ler-anuncio-1510963810,vitoria,republica,1,15.0,1,1,0,0,0,0,0,0,0,1300.0,0
1510960649,https://es.olx.com.br/norte-do-espirito-santo/imoveis/alugo-apartamento-2-quartos-morada-de-laranjeiras-serra-es-1510960649,serra,morada-de-laranjeiras,1,52.0,2,1,1,0,1,1,0,0,0,1600.0,0
1510955809,https://es.olx.com.br/norte-do-espirito-santo/imoveis/locacao-1q-em-barro-vermelho-vitoria-es-1510955809,vitoria,barro-vermelho,1,42.0,1,1,0,1,1,1,1,0,1,3500.0,1
1510955481,https://es.olx.com.br/norte-do-espirito-santo/imoveis/apartamento-2-quartos-na-praia-da-costa-1510955481,vila-velha,praia-da-costa,1,84.0,2,2,2,0,0,1,0,0,0,4400.0,0
1510955365,https://es.olx.com.br/norte-do-espirito-santo/imoveis/belissimo-apart-com-3-quartos-para-aluguel-1510955365,vila-velha,itapua,1,113.0,3,2,1,1,0,1,0,1,0,3200.0,0
1510943829,https://es.olx.com.br/norte-do-espirito-santo/imoveis/apto-02-quartos-cristovao-colombo-1510943829,vila-velha,cristovao-colombo,1,70.0,2,1,0,0,0,0,0,0,0,1680.0,1
1510930701,https://es.olx.com.br/norte-do-espirito-santo/imoveis/apt-de-3-quartos-vista-mar-lazer-140-metros-1510930701,vila-velha,praia-de-itaparica,1,140.0,3,2,2,0,1,1,1,0,0,5500.0,0
1510913243,https://es.olx.com.br/norte-do-espirito-santo/imoveis/alugo-apartamento-grande-1510913243,serra,de-fatima,1,60.0,2,1,0,0,0,0,0,0,0,2070.0,0
1474778576,https://es.olx.com.br/norte-do-espirito-santo/imoveis/apartamento-mobiliado-praia-da-costa-1474778576,vila-velha,praia-da-costa,1,200.0,3,3,2,1,1,1,0,1,1,8500.0,0
1510879696,https://es.olx.com.br/norte-do-espirito-santo/imoveis/kitinete-para-1-pessoa-pertinho-do-shopping-praia-da-costa-1510879696,vila-velha,itapua,0,30.0,1,1,0,0,0,0,0,0,0,1200.0,0
1510875245,https://es.olx.com.br/norte-do-espirito-santo/imoveis/alugo-apartamento-em-soteco-1510875245,vila-velha,soteco,1,120.0,2,2,0,0,0,0,0,0,1,2500.0,0
1507848495,https://es.olx.com.br/norte-do-espirito-santo/imoveis/apto-3-quartos-suite-miolo-praia-do-canto-1507848495,vitoria,praia-do-canto,1,116.0,3,3,0,0,0,0,0,0,0,6000.0,1
1510867669,https://es.olx.com.br/norte-do-espirito-santo/imoveis/apartamento-2-quartos-com-varanda-e-vaga-de-garagem-excelente-localizacao-1510867669,vitoria,consolacao,1,75.0,2,2,1,0,0,0,0,0,0,2550.0,0
1510849780,https://es.olx.com.br/norte-do-espirito-santo/imoveis/locacao-anual-apartamento-frente-mar-na-praia-das-virtudes-guarapari-es-1510849780,guarapari,centro,1,80.0,3,3,1,1,1,0,0,1,1,4800.0,0
1510842913,https://es.olx.com.br/norte-do-espirito-santo/imoveis/alugo-apartamento-vila-florata-serra-es-1510842913,serra,jardim-limoeiro,1,53.0,2,2,1,0,1,1,1,0,0,1550.0,0
1510839501,https://es.olx.com.br/norte-do-espirito-santo/imoveis/apartamento-3-quartos-com-lazer-completo-na-praia-da-baleia-sol-da-manha-1510839501,serra,praia-da-baleia,1,60.0,3,1,1,0,0,0,0,0,0,2100.0,0
1510836357,https://es.olx.com.br/norte-do-espirito-santo/imoveis/apartamento-2-quartos-varanda-e-lazer-completo-em-jardim-camburi-vitoria-es-1510836357,vitoria,jardim-camburi,1,65.0,2,2,1,1,0,1,1,1,1,3300.0,0
1510834214,https://es.olx.com.br/norte-do-espirito-santo/imoveis/apartamento-para-locacao-anual-na-praia-do-morro-1510834214,guarapari,praia-do-morro,1,126.0,2,3,1,1,0,0,0,0,0,4200.0,0
1510833342,https://es.olx.com.br/norte-do-espirito-santo/imoveis/apartamento-de-2-quartos-mobiliado-1-banheiro-sem-vaga-de-garagem-para-locacao-em-jardi-1510833342,vitoria,jardim-da-penha,1,55.0,2,1,0,0,0,0,0,0,1,2600.0,1
1510832506,https://es.olx.com.br/norte-do-espirito-santo/imoveis/2-quartos-mobiliado-com-vista-para-o-mar-e-lazer-na-praia-de-manguinhos-1510832506,serra,ourimar,1,55.0,2,1,1,1,0,1,0,0,0,1750.0,0
1510828246,https://es.olx.com.br/norte-do-espirito-santo/imoveis/venda-ou-locacao-casa-em-condominio-praia-da-baleia-serra-1510828246,serra,sao-geraldo,0,107.0,3,3,2,0,0,1,0,0,0,2500.0,0
1510821061,https://es.olx.com.br/norte-do-espirito-santo/imoveis/amplo-apartamento-mobiliado-para-locacao-com-vista-para-o-mar-em-itapua-praia-de-beverly-1510821061,vila-velha,itapua,1,85.0,3,2,1,1,0,1,0,0,0,5200.0,0
1510807766,https://es.olx.com.br/norte-do-espirito-santo/imoveis/aluga-se-um-ponto-1-600-00-1510807766,vila-velha,ilha-das-flores,1,90.0,0,1,0,0,0,0,0,0,0,1600.0,1
1510802090,https://es.olx.com.br/norte-do-espirito-santo/imoveis/aluga-se-apartamento-de-02-quartos-com-suite-em-jardim-camburi-1510802090,vitoria,jardim-camburi,1,55.0,2,2,1,1,0,1,0,1,0,2700.0,0
1510773305,https://es.olx.com.br/norte-do-espirito-santo/imoveis/casa-disponivel-para-locacao-anual-2-suites-e-vaga-na-praia-do-morro-em-guarapari-1510773305,guarapari,aeroporto,0,55.0,2,3,1,0,0,0,0,1,0,2500.0,0
1483397762,https://es.olx.com.br/norte-do-espirito-santo/imoveis/alugo-apartamento-em-manguinhos-1483397762,serra,ourimar,1,50.0,2,1,1,1,1,1,1,0,0,2800.0,0
1510750210,https://es.olx.com.br/norte-do-espirito-santo/imoveis/apartamento-com-2-dormitorios-para-alugar-65-m-por-r-3-683-33-mes-itapua-vila-velha-1510750210,vila-velha,itapua,1,65.0,2,2,1,1,1,1,0,1,0,2900.0,0
1510742347,https://es.olx.com.br/norte-do-espirito-santo/imoveis/apartamento-3-dormitorios-para-locacao-em-vila-velha-es-1510742347,vila-velha,itapua,1,104.0,3,3,2,1,0,1,1,0,0,5000.0,0
1510732893,https://es.olx.com.br/norte-do-espirito-santo/imoveis/imovel-para-aluguel-e-venda-com-49-metros-quadrados-com-2-quartos-em-aribiri-vila-velha-1510732893,vila-velha,aribiri,1,49.0,2,1,1,1,1,1,0,0,0,1900.0,0
1510725526,https://es.olx.com.br/norte-do-espirito-santo/imoveis/aluguel-de-kitnet-cocal-vila-velha-1510725526,vila-velha,cocal,1,30.0,1,1,0,0,0,0,0,0,0,850.0,0
1510723365,https://es.olx.com.br/norte-do-espirito-santo/imoveis/imovel-para-venda-possui-49-metros-quadrados-com-2-quartos-em-aribiri-vila-velha-es-1510723365,vila-velha,aribiri,1,49.0,2,1,1,1,0,1,0,0,0,1900.0,0
1510723256,https://es.olx.com.br/norte-do-espirito-santo/imoveis/alugo-apartamento-em-02-quartos-em-laranjeiras-1510723256,serra,parque-residencial-laranjeiras,1,65.0,2,1,0,0,0,0,0,0,0,1750.0,0
1510713916,https://es.olx.com.br/norte-do-espirito-santo/imoveis/casa-01-quarto-sao-diogo-1510713916,serra,sao-diogo-i,0,75.0,1,1,0,0,0,0,0,1,0,1500.0,1
1510707031,https://es.olx.com.br/norte-do-espirito-santo/imoveis/aluga-se-apartamento-1510707031,serra,vista-da-serra-i,1,0.0,2,1,1,0,0,0,0,1,0,1300.0,0
1510702149,https://es.olx.com.br/norte-do-espirito-santo/imoveis/aluguel-anual-com-area-de-lazer-1510702149,guarapari,praia-do-morro,1,72.0,2,2,1,1,1,1,0,0,1,2800.0,0
1510698171,https://es.olx.com.br/norte-do-espirito-santo/imoveis/aluga-se-apartamento-na-praia-da-costa-1510698171,vila-velha,praia-da-costa,1,120.0,2,3,0,0,0,0,0,0,0,2800.0,0
1510696273,https://es.olx.com.br/norte-do-espirito-santo/imoveis/studio-na-praia-da-sereia-a-200m-da-praia-1510696273,vila-velha,praia-da-costa,1,40.0,1,1,0,1,1,0,0,1,1,3000.0,0
1510691332,https://es.olx.com.br/norte-do-espirito-santo/imoveis/kitnet-mobiliada-ja-inclui-agua-energia-e-ar-condicionado-1510691332,serra,manoel-plaza,1,20.0,1,1,0,0,0,0,0,0,0,1600.0,0
1510688536,https://es.olx.com.br/norte-do-espirito-santo/imoveis/kitinet-mobiliada-com-agua-energia-wifi-ja-incluido-1510688536,serra,manoel-plaza,1,20.0,1,1,0,0,0,0,0,0,1,1300.0,0
1510686312,https://es.olx.com.br/norte-do-espirito-santo/imoveis/kitinet-mobiliada-1510686312,vitoria,republica,0,50.0,1,1,0,0,0,0,0,0,1,2000.0,1
1396808713,https://es.olx.com.br/norte-do-espirito-santo/imoveis/apartamento-de-tres-quartos-com-suite-mobiliado-1396808713,serra,ourimar,1,70.0,3,2,1,1,1,1,1,1,1,3500.0,0
1510677471,https://es.olx.com.br/norte-do-espirito-santo/imoveis/apartamento-de-tres-quartos-com-suite-1510677471,vila-velha,praia-de-itaparica,1,130.0,3,3,2,1,1,1,1,1,0,3900.0,0
1510677298,https://es.olx.com.br/norte-do-espirito-santo/imoveis/jhu-apartamento-para-locacao-condominio-ilha-de-trindade-em-colina-1510677298,serra,colina-de-laranjeiras,1,51.0,2,1,1,1,1,1,1,0,0,2000.0,0
1510677013,https://es.olx.com.br/norte-do-espirito-santo/imoveis/jhu-apartamento-para-locacao-no-condominio-vista-de-laranjeiras-serra-es-1510677013,serra,residencial-vista-do-mestre,1,51.0,2,1,1,1,1,1,1,0,0,2300.0,0
1510676455,https://es.olx.com.br/norte-do-espirito-santo/imoveis/apt-2-quartos-frentasso-mar-praia-da-costa-1510676455,vila-velha,praia-da-costa,1,65.0,2,1,1,0,1,1,0,0,0,3800.0,0
1510676164,https://es.olx.com.br/norte-do-espirito-santo/imoveis/aluguel-1510676164,vila-velha,coqueiral-de-itaparica,1,92.0,3,2,5,0,1,1,1,0,1,3000.0,0
1510666294,https://es.olx.com.br/norte-do-espirito-santo/imoveis/aluguel-apartamento-2-quartos-cariacica-sede-1300-00-1510666294,cariacica,sao-joao-batista,1,45.0,2,1,0,0,1,0,0,0,0,1300.0,0
1510663584,https://es.olx.com.br/norte-do-espirito-santo/imoveis/lindissimo-02-quartos-lazer-no-miolo-da-praia-do-canto-1510663584,vitoria,praia-do-canto,1,70.0,2,2,1,1,1,1,0,1,0,3500.0,0
1510659246,https://es.olx.com.br/norte-do-espirito-santo/imoveis/aluguel-casa-reformada-e-espacosa-em-bento-ferreira-conforto-e-praticidade-120m-1510659246,vitoria,bento-ferreira,0,120.0,3,2,2,0,0,0,0,0,0,3800.0,0
1510650251,https://es.olx.com.br/norte-do-espirito-santo/imoveis/imovel-para-aluguel-possui-65-metros-quadrados-com-2-quartos-em-praia-de-itaparica-vila-1510650251,vila-velha,praia-de-itaparica,1,65.0,2,2,1,1,1,1,1,0,0,2900.0,0
1510637254,https://es.olx.com.br/norte-do-espirito-santo/imoveis/apartamento-vila-velha-praia-da-costa-2-quartos-1510637254,vila-velha,praia-da-costa,1,100.0,2,2,0,0,0,0,0,0,1,3000.0,0
1510628624,https://es.olx.com.br/norte-do-espirito-santo/imoveis/apartamento-aluguel-na-vila-palestina-jerusalem-1510628624,cariacica,vila-palestina,1,65.0,1,1,0,0,0,0,0,0,0,1000.0,0
1512722438,https://es.olx.com.br/norte-do-espirito-santo/imoveis/m-alugo-excelente-apartamento-2qts-em-colina-de-laranjeiras-cond-parque-sao-pedro-1512722438,serra,colina-de-laranjeiras,1,45.0,2,1,1,0,1,1,1,0,0,1400.0,0
1510624969,https://es.olx.com.br/norte-do-espirito-santo/imoveis/loja-de-frente-a-rua-antonio-regis-dos-santos-itapua-vila-velha-1510624969,vila-velha,itapua,1,49.0,0,0,0,0,0,0,0,1,0,2800.0,0
1510624277,https://es.olx.com.br/norte-do-espirito-santo/imoveis/apartamento-2-quartos-praia-de-itaparica-r-3-000-00-1510624277,vila-velha,praia-de-itaparica,1,76.0,2,2,1,1,1,1,1,1,0,3000.0,0
1510623921,https://es.olx.com.br/norte-do-espirito-santo/imoveis/imovel-para-aluguel-tem-46-metros-quadrados-com-2-quartos-1510623921,vila-velha,nossa-senhora-da-penha,1,46.0,2,1,1,1,1,1,0,0,0,2000.0,0
1510623704,https://es.olx.com.br/norte-do-espirito-santo/imoveis/apartamento-2qt-mobiliado-a-poucos-passos-da-orla-da-praia-da-costa-1510623704,vila-velha,praia-da-costa,1,80.0,2,2,1,0,0,0,0,0,0,4300.0,0
1494169944,https://es.olx.com.br/norte-do-espirito-santo/imoveis/aluga-se-apartamento-com-localizacao-privilegiada-1494169944,serra,morada-de-laranjeiras,1,50.0,2,2,1,1,1,1,1,1,0,2650.0,0
1510620507,https://es.olx.com.br/norte-do-espirito-santo/imoveis/imovel-para-aluguel-com-58-metros-quadrados-com-2-quartos-em-praia-da-costa-vila-velha-1510620507,vila-velha,praia-da-costa,1,58.0,2,1,1,1,1,0,0,0,1,4500.0,0
1510617942,https://es.olx.com.br/norte-do-espirito-santo/imoveis/apartamento-para-aluguel-tem-70-metros-quadrados-com-2-quartos-em-praia-do-sua-vitoria-1510617942,vitoria,praia-do-sua,1,70.0,2,2,1,1,1,1,1,0,0,4500.0,0
1510617631,https://es.olx.com.br/norte-do-espirito-santo/imoveis/imovel-para-aluguel-tem-70-metros-quadrados-com-2-quartos-em-praia-do-sua-vitoria-es-1510617631,vitoria,praia-do-sua,1,70.0,2,2,1,1,1,1,1,0,0,4500.0,0
1510613722,https://es.olx.com.br/norte-do-espirito-santo/imoveis/alugo-uma-casa-1510613722,vitoria,tabuazeiro,0,50.0,2,1,0,0,0,0,0,0,0,950.0,0
1510614640,https://es.olx.com.br/norte-do-espirito-santo/imoveis/ap-viver-serra-2-quartos-mobiliado-incluso-condominio-no-valor-1510614640,serra,chacara-parreiral,1,55.0,2,1,1,1,1,1,1,1,1,2200.0,0
1510611203,https://es.olx.com.br/norte-do-espirito-santo/imoveis/3-quartos-para-voce-que-procura-conforto-cod-30844-f-1510611203,vila-velha,praia-da-costa,1,135.0,3,3,2,0,0,0,0,0,0,1100222.0,0
1510608504,https://es.olx.com.br/norte-do-espirito-santo/imoveis/imovel-para-aluguel-tem-85-metros-quadrados-com-2-quartos-em-praia-da-costa-vila-velha-1510608504,vila-velha,praia-da-costa,1,85.0,2,2,1,0,0,0,0,0,0,4000.0,0
1500941867,https://es.olx.com.br/norte-do-espirito-santo/imoveis/apartamento-em-praia-das-gaivotas-2-quartos-com-garagem-1500941867,vila-velha,praia-das-gaivotas,1,60.0,2,1,1,0,0,0,0,0,0,2300.0,0
1510566818,https://es.olx.com.br/norte-do-espirito-santo/imoveis/imovel-para-alugar-com-55-metros-quadrados-com-2-quartos-em-nova-itaparica-vila-velha-1510566818,vila-velha,nova-itaparica,1,55.0,2,1,0,0,0,0,0,0,0,2100.0,0
1510554269,https://es.olx.com.br/norte-do-espirito-santo/imoveis/apartamento-para-locacao-em-praia-de-itaparica-vila-velha-1510554269,vila-velha,praia-de-itaparica,1,59.0,2,2,1,1,1,1,0,1,0,3200.0,0
1508895352,https://es.olx.com.br/norte-do-espirito-santo/imoveis/apartamento-3q-com-vista-eterna-mar-130-metros-1508895352,vila-velha,praia-de-itaparica,1,130.0,3,2,2,0,1,1,0,0,0,4200.0,0
1510532870,https://es.olx.com.br/norte-do-espirito-santo/imoveis/aluga-se-apartamento-novo-morada-de-laranjeiras-serra-es-1510532870,serra,morada-de-laranjeiras,1,45.0,2,1,1,0,1,0,0,0,0,2070.0,0
1510499009,https://es.olx.com.br/norte-do-espirito-santo/imoveis/apartamento-mobiliado-com-lazer-completo-aluguel-luz-somente-1510499009,guarapari,centro,1,50.0,1,1,2,0,1,1,1,1,1,3000.0,0
1510488665,https://es.olx.com.br/norte-do-espirito-santo/imoveis/top-life-mallorca-sao-diogo-serra-1510488665,serra,sao-diogo-ii,1,60.0,2,1,1,0,1,1,0,0,0,1700.0,0
1510478477,https://es.olx.com.br/norte-do-espirito-santo/imoveis/casa-para-aluguel-3-quartos-prox-pca-eucalipto-e-medicina-ufes-1510478477,vitoria,maruipe,0,96.0,3,1,0,0,0,0,0,1,0,1900.0,0
1510471086,https://es.olx.com.br/norte-do-espirito-santo/imoveis/apartamento-para-alugar-em-jardim-da-penha-1510471086,vitoria,jardim-da-penha,1,60.0,2,2,1,1,1,1,0,1,0,3600.0,0
1510469241,https://es.olx.com.br/norte-do-espirito-santo/imoveis/apartamento-para-locacao-barcelona-serra-es-1510469241,serra,barcelona,0,76.0,2,1,0,0,0,0,0,0,0,2300.0,0
1510460926,https://es.olx.com.br/norte-do-espirito-santo/imoveis/alugo-casa-2-quartos-com-suite-em-maruipe-1510460926,vitoria,maruipe,0,200.0,2,2,0,0,0,0,0,1,0,2200.0,0
1508811110,https://es.olx.com.br/norte-do-espirito-santo/imoveis/apartamento-frente-ao-mar-jacaraipe-1508811110,serra,estancia-monazitica,1,80.0,2,2,1,1,0,0,0,1,1,3000.0,0
1492730980,https://es.olx.com.br/norte-do-espirito-santo/imoveis/apartamento-tres-quartos-predio-novo-praia-do-morro-guarapari-1492730980,guarapari,praia-do-morro,1,60.0,3,2,2,1,1,1,0,1,0,3800.0,0
1510427084,https://es.olx.com.br/norte-do-espirito-santo/imoveis/porto-canoa-apto-3-quartos-em-condominio-clube-com-vista-para-o-mestre-alvaro-1510427084,serra,maringa,1,55.0,3,1,1,1,1,1,1,0,0,1900.0,0
1510422888,https://es.olx.com.br/norte-do-espirito-santo/imoveis/aluga-se-apt-3-quartos-condominio-incluso-condominio-clube-vista-de-porto-canoa-1510422888,serra,maringa,1,55.0,3,1,1,1,1,1,1,0,0,2300.0,0
1510412852,https://es.olx.com.br/norte-do-espirito-santo/imoveis/aluguel-de-kitnet-1510412852,vitoria,bela-vista,0,9.0,1,1,0,0,0,0,0,1,0,500.0,0
1510400452,https://es.olx.com.br/norte-do-espirito-santo/imoveis/apartamento-2-quartos-para-locacao-em-vitoria-1510400452,vitoria,praia-do-sua,1,90.0,2,2,1,0,0,0,0,0,0,2500.0,0
1504089159,https://es.olx.com.br/norte-do-espirito-santo/imoveis/apartamento-com-2-quartos-para-alugar-80-m-praia-da-costa-vila-velha-es-1504089159,vila-velha,praia-da-costa,1,80.0,2,2,1,0,0,1,0,1,0,3300.0,0
1508261954,https://es.olx.com.br/norte-do-espirito-santo/imoveis/apartamento-com-2-quarto-para-alugar-70-m-itapua-vila-velha-es-1508261954,vila-velha,itapua,1,70.0,2,2,1,0,0,1,0,1,0,3000.0,0
1502814192,https://es.olx.com.br/norte-do-espirito-santo/imoveis/aluga-se-casa-duplex-interlagos-1502814192,vila-velha,interlagos,0,210.0,5,4,4,0,0,0,0,0,0,4500.0,0
1510243442,https://es.olx.com.br/norte-do-espirito-santo/imoveis/alugou-apartamento-condominio-parque-ventura-1510243442,serra,balneario-de-carapebus,1,47.0,2,1,1,0,1,1,0,0,0,1350.0,0
1510231213,https://es.olx.com.br/norte-do-espirito-santo/imoveis/apartamento-em-jardim-camburi-vitoria-1510231213,vitoria,jardim-camburi,1,60.0,2,1,1,0,0,0,0,0,0,2100.0,0
1510217719,https://es.olx.com.br/norte-do-espirito-santo/imoveis/imovel-para-aluguel-tem-65-metros-quadrados-com-2-quartos-em-praia-da-costa-vila-velha-1510217719,vila-velha,praia-da-costa,1,65.0,2,2,1,1,0,1,0,0,1,5000.0,0
1510214034,https://es.olx.com.br/norte-do-espirito-santo/imoveis/imovel-para-aluguel-possui-46-metros-quadrados-com-2-quartos-1510214034,vila-velha,nossa-senhora-da-penha,1,46.0,2,1,1,1,1,1,1,0,0,2100.0,0
1393814652,https://es.olx.com.br/norte-do-espirito-santo/imoveis/aluga-casa-em-bento-ferreira-com-500m-de-terreno-e-280m-construidos-r-18-000-00-1393814652,vitoria,bento-ferreira,0,280.0,5,4,5,0,0,0,0,0,0,18000.0,0
1510189712,https://es.olx.com.br/norte-do-espirito-santo/imoveis/aluguel-3-quartos-75m--jardim-camburi-r-3-915-00-taxas-ref-r-022-1510189712,vitoria,jardim-camburi,1,75.0,3,3,1,1,0,0,1,0,0,3915.0,0
1510183275,https://es.olx.com.br/norte-do-espirito-santo/imoveis/apartamento-totalmente-mobiliado-em-itapua-vila-velha-es-1510183275,vila-velha,itapua,1,85.0,3,2,1,0,0,1,0,1,1,5000.0,0
1510149923,https://es.olx.com.br/norte-do-espirito-santo/imoveis/apartamento-residencial-em-vitoria-es-jardim-da-penha-1510149923,vitoria,jardim-da-penha,1,65.0,2,2,1,0,0,0,0,0,0,2500.0,0
1510144650,https://es.olx.com.br/norte-do-espirito-santo/imoveis/locacao-apartamento-2-quartos-sao-joao-batista-cariacica-1510144650,cariacica,sao-joao-batista,1,44.0,2,1,1,0,0,0,0,0,0,1200.0,0
1510136191,https://es.olx.com.br/norte-do-espirito-santo/imoveis/apartamento-de-105-m-praia-da-costa-vila-velha-para-locacao-por-r-6-500-00-1510136191,vila-velha,praia-da-costa,1,105.0,3,2,0,0,0,1,0,0,0,6500.0,0
1468236713,https://es.olx.com.br/norte-do-espirito-santo/imoveis/alugo-2-qts-no-jockey-de-itaparica-1468236713,vila-velha,jockey-de-itaparica,1,70.0,2,2,1,0,0,0,0,0,0,2300.0,0
1510120273,https://es.olx.com.br/norte-do-espirito-santo/imoveis/apartamento-para-alugar-60-m-por-r-20-454-03-mes-horto-vitoria-es-1510120273,vitoria,horto,1,60.0,2,1,1,0,0,0,0,0,0,2300.0,0
1510118252,https://es.olx.com.br/norte-do-espirito-santo/imoveis/apartamento-a-poucas-quadras-do-mar-42-m-por-r-3-998-mes-praia-da-costa-vila-velha-1510118252,vila-velha,praia-da-costa,1,42.0,1,1,1,0,0,0,0,0,1,3500.0,0
1510117625,https://es.olx.com.br/norte-do-espirito-santo/imoveis/apartamento-para-alugar-no-bairro-praia-do-sua-vitoria-es-1510117625,vitoria,praia-do-sua,1,80.0,2,2,2,1,1,1,1,0,1,4000.0,0
1510109744,https://es.olx.com.br/norte-do-espirito-santo/imoveis/apartamento-com-3-quartos-para-alugar-130-m-praia-de-itaparica-vila-velha-es-1510109744,vila-velha,praia-de-itaparica,1,130.0,3,2,2,1,0,1,0,1,0,3200.0,0
1510109042,https://es.olx.com.br/norte-do-espirito-santo/imoveis/apartamento-96-m-venda-por-r-1-050-000-00-ou-aluguel-por-r-6-212-50-dia-enseada-az-1510109042,guarapari,enseada-azul,1,96.0,2,2,3,1,0,1,0,1,1,5400.0,0
1510108976,https://es.olx.com.br/norte-do-espirito-santo/imoveis/apartamento-para-alugar-71-m-por-r-3-400-02-mes-centro-guarapari-es-1510108976,guarapari,centro,1,71.0,2,1,1,0,0,0,0,1,0,3400.0,0
1510108992,https://es.olx.com.br/norte-do-espirito-santo/imoveis/apartamento-com-3-quartos-para-alugar-na-praia-do-morro-em-guarapari-es-1510108992,guarapari,praia-do-morro,1,107.0,3,2,2,1,1,1,1,1,0,6500.0,0
1510108919,https://es.olx.com.br/norte-do-espirito-santo/imoveis/apartamento-com-3-quartos-para-alugar-na-praia-do-morro-em-guarapari-es-1510108919,guarapari,praia-do-morro,1,182.0,3,3,2,1,1,1,1,1,0,5500.0,0
1510108903,https://es.olx.com.br/norte-do-espirito-santo/imoveis/casa-com-3-quartos-para-alugar-no-itapebussu-guarapari-es-1510108903,guarapari,itapebussu,0,150.0,3,3,3,0,0,1,0,1,0,5000.0,0
1510108893,https://es.olx.com.br/norte-do-espirito-santo/imoveis/apartamento-para-alugar-80-m-por-r-3-000-01-mes-centro-guarapari-es-1510108893,guarapari,centro,1,80.0,2,2,0,0,1,0,0,0,0,3000.0,0
1510108902,https://es.olx.com.br/norte-do-espirito-santo/imoveis/apartamento-com-2-quartos-para-alugar-na-praia-do-morro-em-guarapari-es-1510108902,guarapari,praia-do-morro,1,72.0,2,2,1,0,0,0,0,0,0,1850.0,0
1510108899,https://es.olx.com.br/norte-do-espirito-santo/imoveis/apartamento-para-locacao-anual-parque-areia-preta-1510108899,guarapari,sao-judas-tadeu,0,110.0,3,1,1,0,0,0,0,1,0,2800.0,0
1510108877,https://es.olx.com.br/norte-do-espirito-santo/imoveis/apartamento-em-nova-guarapari-com-lazer-completo-e-vista-lagoa-1510108877,guarapari,lameirao,1,118.0,3,2,2,1,0,1,0,1,1,700.0,0
1510108875,https://es.olx.com.br/norte-do-espirito-santo/imoveis/apartamento-com-1-quarto-para-alugar-em-muquicaba-guarapari-es-1510108875,guarapari,muquicaba,1,35.0,1,1,0,0,0,0,0,0,0,1300.0,0
1510106050,https://es.olx.com.br/norte-do-espirito-santo/imoveis/ed-praia-dourada-1-quarto-e-sala-de-luxo-frente-mar-na-praia-de-itaparica-1510106050,vila-velha,praia-de-itaparica,1,55.0,1,1,1,1,0,1,0,1,0,5500.0,0
1510105008,https://es.olx.com.br/norte-do-espirito-santo/imoveis/apartamento-2-quartos-1-suite-para-locacao-em-itaparica-com-moveis-fixos-1510105008,vila-velha,praia-de-itaparica,1,68.0,2,2,2,1,0,0,0,0,0,3000.0,0
1491814527,https://es.olx.com.br/norte-do-espirito-santo/imoveis/jardim-camburi-1491814527,vitoria,jardim-camburi,1,55.0,2,1,1,0,0,0,0,0,0,2050.0,0
1510070685,https://es.olx.com.br/norte-do-espirito-santo/imoveis/parque-cabral-colina-de-laranjeiras-1510070685,serra,colina-de-laranjeiras,1,48.0,2,1,1,0,1,1,0,0,0,1700.0,0
1510064570,https://es.olx.com.br/norte-do-espirito-santo/imoveis/kitnet-varanda-cozinha-area-de-servico-sala-quarto-banheiro-quintal-agu-nao-paga-so-1510064570,vila-velha,ataide,1,30.0,1,1,0,0,0,0,0,0,0,900.0,1
1510046459,https://es.olx.com.br/norte-do-espirito-santo/imoveis/apartamento-2-quartos-itaparica-1510046459,vila-velha,residencial-coqueiral,1,60.0,2,1,1,1,0,1,0,1,0,2000.0,0
1510043856,https://es.olx.com.br/norte-do-espirito-santo/imoveis/aluguel-apartamento-2-quartos-com-varanda-quattro-residencial-planalto-de-carapina-1510043856,serra,planalto-de-carapina,1,50.0,2,1,1,1,1,1,1,0,0,2000.0,0
1510042793,https://es.olx.com.br/norte-do-espirito-santo/imoveis/casa-vila-nova-vila-velha-aluguel-1500-00-1510042793,vila-velha,vila-nova,0,90.0,2,2,0,0,0,0,0,1,0,1500.0,0
1510026027,https://es.olx.com.br/norte-do-espirito-santo/imoveis/3-quartos-no-ed-yvone-cunha-cod-21805-f-1510026027,vila-velha,itapua,1,126.0,3,2,1,0,0,0,0,0,0,1500003.0,0
1510025986,https://es.olx.com.br/norte-do-espirito-santo/imoveis/imovel-para-aluguel-tem-46-metros-quadrados-com-2-quartos-1510025986,vila-velha,nossa-senhora-da-penha,1,46.0,2,1,1,1,0,1,0,0,1,2100.0,0
757512529,https://es.olx.com.br/norte-do-espirito-santo/imoveis/lindos-dois-quartos-em-taquara-ii-serra-757512529,serra,taquara-ii,1,48.0,2,1,1,0,1,1,0,0,0,1300.0,0
1510021987,https://es.olx.com.br/norte-do-espirito-santo/imoveis/imovel-para-aluguel-possui-55-metros-quadrados-com-2-quartos-em-praia-da-costa-vila-velh-1510021987,vila-velha,praia-da-costa,1,55.0,2,1,1,1,0,1,0,0,1,4500.0,0
1510021491,https://es.olx.com.br/norte-do-espirito-santo/imoveis/imovel-para-aluguel-possui-100-metros-quadrados-com-3-quartos-em-itapua-vila-velha-es-1510021491,vila-velha,itapua,1,100.0,3,2,1,0,1,0,0,0,0,3200.0,0
1510017408,https://es.olx.com.br/norte-do-espirito-santo/imoveis/oportunidade-de-apto-na-praia-do-morro-1510017408,guarapari,praia-do-morro,1,75.0,2,2,1,0,0,0,0,0,0,2500.0,0
1510015397,https://es.olx.com.br/norte-do-espirito-santo/imoveis/imovel-para-aluguel-tem-45-metros-quadrados-com-2-quartos-1510015397,vila-velha,nossa-senhora-da-penha,1,45.0,2,1,1,1,1,1,0,0,0,2000.0,0
1510007945,https://es.olx.com.br/norte-do-espirito-santo/imoveis/casa-no-terreo-com-garagem-1510007945,vila-velha,guaranhuns,0,45.0,1,1,1,0,0,0,0,0,0,1000.0,0
1509998956,https://es.olx.com.br/norte-do-espirito-santo/imoveis/studio-mobiliado-para-locacao-em-jardim-camburi-vitoria-es-1509998956,vitoria,jardim-camburi,1,25.0,1,1,0,0,0,0,0,0,1,2400.0,0
1509997644,https://es.olx.com.br/norte-do-espirito-santo/imoveis/casa-duplex-em-condominio-fechado-na-praia-de-manguinhos-serra-es-1509997644,serra,bicanga,0,400.0,5,5,5,0,1,1,1,0,0,9000.0,0
1509988231,https://es.olx.com.br/norte-do-espirito-santo/imoveis/apartamento-quarto-e-sala-no-centro-de-guarapari-perto-de-tudo-1509988231,guarapari,centro,1,35.0,1,1,0,0,0,0,0,0,0,1621.0,0
1509978192,https://es.olx.com.br/norte-do-espirito-santo/imoveis/apartamento-3-quartos-com-sol-da-manha-em-porto-canoa-condominio-vista-de-pitanga-1509978192,serra,porto-canoa,1,65.0,3,1,1,0,0,0,0,0,0,3500.0,0
1508349939,https://es.olx.com.br/norte-do-espirito-santo/imoveis/apto-2-andar-1508349939,vila-velha,praia-de-itaparica,1,78.0,2,2,1,1,1,1,1,1,1,3000.0,0
1509955761,https://es.olx.com.br/norte-do-espirito-santo/imoveis/vista-para-o-mar-orla-de-itapoa-mobiliado-de-2-qtos-1-suite-1509955761,vila-velha,itapua,1,60.0,2,2,1,1,1,1,0,1,1,5500.0,0
1509953356,https://es.olx.com.br/norte-do-espirito-santo/imoveis/excelente-apartamentopara-aluguel-com-4-quartos-em-praia-da-costa-vila-velha-es-1509953356,vila-velha,praia-da-costa,1,124.0,4,3,2,1,1,1,0,0,0,6000.0,0
1509942343,https://es.olx.com.br/norte-do-espirito-santo/imoveis/casa-grande-em-vitoria-3quartos-3banheiros-4vagas-100m-de-quintal-gramado-churrasq-1509942343,vitoria,jabour,0,227.0,3,3,4,0,0,0,0,1,0,4600.0,0
1509940034,https://es.olx.com.br/norte-do-espirito-santo/imoveis/apartamento-com-2-dormitorios-para-alugar-70-m-praia-da-costa-vila-velha-es-ref-ap1-1509940034,vila-velha,praia-da-costa,1,70.0,2,2,1,1,0,1,0,0,1,3400.0,0
1509933491,https://es.olx.com.br/norte-do-espirito-santo/imoveis/apartamento-de-105-m-praia-da-costa-vila-velha-para-locacao-por-r-6-500-00-1509933491,vila-velha,praia-da-costa,1,105.0,3,2,2,1,0,1,0,1,0,6500.0,0
1509928097,https://es.olx.com.br/norte-do-espirito-santo/imoveis/apartamento-para-locacao-3-quartos-1-suite-2-vagas-95m-jardim-camburi-vitoria-es-1509928097,vitoria,jardim-camburi,1,95.0,3,1,2,0,0,0,0,0,0,3500.0,0
1509924435,https://es.olx.com.br/norte-do-espirito-santo/imoveis/3-quartos-na-praia-da-costa-cod-30269-f-1509924435,vila-velha,praia-da-costa,1,170.0,3,2,2,0,0,0,0,0,0,1575033.0,0
1509922720,https://es.olx.com.br/norte-do-espirito-santo/imoveis/aluga-se-lancamento-2-quartos-a-poucos-metros-da-praia-de-itaparica-1509922720,vila-velha,praia-de-itaparica,1,55.0,2,2,1,1,1,1,1,0,0,3000.0,0
1509775887,https://es.olx.com.br/norte-do-espirito-santo/imoveis/apto-mobiliado-2-quartos-sol-da-manha-jardim-camburi-regiao-com-infraestrutura-1509775887,vitoria,jardim-camburi,1,50.0,2,2,1,1,0,1,0,0,1,3900.0,0
1509921108,https://es.olx.com.br/norte-do-espirito-santo/imoveis/aluguel-2-quartos-c-suite-vista-mar-e-lazer-na-cobertura-praia-de-itaparica-1509921108,vila-velha,praia-de-itaparica,1,60.0,2,2,1,1,1,1,1,0,0,2650.0,0
1509896793,https://es.olx.com.br/norte-do-espirito-santo/imoveis/casa-para-alugar-no-bairro-jacuhy-serra-es-1509896793,serra,jacuhy,0,330.0,4,5,2,0,0,1,1,0,0,15000.0,0
1509893142,https://es.olx.com.br/norte-do-espirito-santo/imoveis/alugo-apartamento-3-quartos-centro-a-50-metros-da-praia-1509893142,guarapari,centro,1,95.0,3,3,1,1,1,0,0,1,1,3500.0,0
1509891367,https://es.olx.com.br/norte-do-espirito-santo/imoveis/apartamento-para-aluguel-4-quartos-2-suites-2-vagas-praia-da-costa-vila-velha-es-1509891367,vila-velha,praia-da-costa,1,240.0,4,4,2,0,1,1,1,1,0,7800.0,0
1509888290,https://es.olx.com.br/norte-do-espirito-santo/imoveis/apartamento-com-3-dormitorios-para-alugar-70-m-por-r-2-600-00-mes-praia-das-gaivotas-1509888290,vila-velha,praia-das-gaivotas,1,70.0,3,2,1,1,1,1,0,1,0,2600.0,0
1509882753,https://es.olx.com.br/norte-do-espirito-santo/imoveis/alugo-apartamento-de-2-quartos-no-condominio-terra-nova-em-colinas-de-laranjeiras-1509882753,serra,colina-de-laranjeiras,1,48.0,2,1,1,1,1,1,1,0,1,2100.0,0
1509880092,https://es.olx.com.br/norte-do-espirito-santo/imoveis/alugo-casa-com-excelente-localizacao-proxima-ao-terminal-de-laranjeiras-caixa-economica-1509880092,serra,colina-de-laranjeiras,0,150.0,4,3,2,0,0,0,0,0,1,3600.0,0
1509871454,https://es.olx.com.br/norte-do-espirito-santo/imoveis/locacao-apartamento-1-quarto-enseada-do-sua-vitoria-1509871454,vitoria,enseada-do-sua,1,39.0,1,1,1,1,0,1,1,1,0,4500.0,0
1509871197,https://es.olx.com.br/norte-do-espirito-santo/imoveis/kitnet-para-locacao-jardim-da-penha-1509871197,vitoria,pontal-de-camburi,1,23.0,1,1,0,0,0,0,0,0,0,2250.0,0
1509871143,https://es.olx.com.br/norte-do-espirito-santo/imoveis/locacao-apartamento-2-quartos-mata-da-praia-vitoria-1509871143,vitoria,mata-da-praia,1,61.0,2,1,1,0,0,0,0,1,0,3000.0,0
1509867090,https://es.olx.com.br/norte-do-espirito-santo/imoveis/apartamento-com-vista-pro-mar-na-praia-do-morro-1509867090,guarapari,praia-do-morro,1,110.0,3,3,2,1,0,0,0,0,0,4000.0,0
1509865896,https://es.olx.com.br/norte-do-espirito-santo/imoveis/apartamento-com-3-dormitorios-para-alugar-98-m-por-r-5-735-mes-jardim-camburi-vitor-1509865896,vitoria,jardim-camburi,1,98.0,3,2,2,1,0,1,0,0,0,4900.0,0
1509863316,https://es.olx.com.br/norte-do-espirito-santo/imoveis/apartamento-para-alugar-56-m-por-2500-00-itaparica-vila-velha-es-1509863316,vila-velha,praia-de-itaparica,1,56.0,2,1,1,1,0,0,0,0,0,2500.0,0
1509861251,https://es.olx.com.br/norte-do-espirito-santo/imoveis/casa-com-area-verde-em-costa-bela-1509861251,serra,costa-bela,0,120.0,2,1,1,0,0,0,0,0,1,1850.0,0
1509860184,https://es.olx.com.br/norte-do-espirito-santo/imoveis/locacao-apartamento-2-quartos-jardim-camburi-vitoria-1509860184,vitoria,jardim-camburi,1,45.0,2,1,1,1,0,0,0,1,1,2800.0,0
1509857812,https://es.olx.com.br/norte-do-espirito-santo/imoveis/apartamento-com-2-quartos-para-alugar-55-m-nossa-senhora-da-penha-vila-velha-es-1509857812,vila-velha,nossa-senhora-da-penha,1,55.0,2,1,1,0,0,0,0,0,0,2000.0,0
1375979914,https://es.olx.com.br/norte-do-espirito-santo/imoveis/apartamento-dois-quartos-com-quintal-1375979914,serra,colina-de-laranjeiras,1,45.0,2,1,1,1,1,1,1,1,0,2300.0,0
1509831955,https://es.olx.com.br/norte-do-espirito-santo/imoveis/alugo-casa-1509831955,cariacica,vera-cruz,0,85.0,3,2,1,0,0,0,0,1,1,1500.0,0
1509821374,https://es.olx.com.br/norte-do-espirito-santo/imoveis/seu-novo-lar-com-vista-para-o-mar-em-vila-velha-1509821374,vila-velha,jockey-de-itaparica,1,54.0,2,2,1,1,0,1,1,0,0,2700.0,0
1509813413,https://es.olx.com.br/norte-do-espirito-santo/imoveis/apartamento-3-dormitorios-praia-do-morro-guarapari-1509813413,guarapari,praia-do-morro,1,95.0,3,2,2,1,0,0,0,0,0,3869.0,0
1509783439,https://es.olx.com.br/norte-do-espirito-santo/imoveis/imovel-para-aluguel-com-550-metros-quadrados-com-5-quartos-em-interlagos-vila-velha-es-1509783439,vila-velha,interlagos,1,550.0,5,5,4,0,0,1,1,1,1,25000.0,0
1509778884,https://es.olx.com.br/norte-do-espirito-santo/imoveis/aaa-alugo-apartamento-em-jacaraipe-1509778884,serra,conjunto-jacaraipe,1,51.0,2,1,1,1,1,1,0,1,0,1700.0,0
1511864671,https://es.olx.com.br/norte-do-espirito-santo/imoveis/imovel-para-aluguel-com-50-metros-quadrados-com-2-quartos-em-jockey-de-itaparica-vila-ve-1511864671,vila-velha,jockey-de-itaparica,1,50.0,2,1,1,0,0,0,0,0,0,2200.0,0
1509772770,https://es.olx.com.br/norte-do-espirito-santo/imoveis/imovel-para-venda-possui-51-metros-quadrados-com-2-quartos-em-jardim-limoeiro-serra-es-1509772770,serra,jardim-limoeiro,1,51.0,2,1,1,0,0,1,0,0,0,1500.0,0
1509767310,https://es.olx.com.br/norte-do-espirito-santo/imoveis/aluguel-de-apartamento-gigante-em-laranjeiras-130-m-3-suites-2-vagas-lazer-completo-1509767310,serra,santa-luzia,1,130.0,3,4,2,1,1,1,1,0,0,4500.0,0
1437579575,https://es.olx.com.br/norte-do-espirito-santo/imoveis/apartamento-de-tres-quartos-com-suite-1437579575,serra,morada-de-laranjeiras,1,70.0,3,2,1,1,1,1,1,1,1,2500.0,0
1509746824,https://es.olx.com.br/norte-do-espirito-santo/imoveis/apartamento-mobiliado-para-alugar-1-quarto-com-suite-em-jardim-da-penha-vitoria-es-1509746824,vitoria,jardim-da-penha,1,55.0,1,2,0,1,0,0,0,0,1,4200.0,1
1428724048,https://es.olx.com.br/norte-do-espirito-santo/imoveis/apartamento-de-dois-quartos-1428724048,serra,morada-de-laranjeiras,1,4.0,2,1,1,1,1,1,1,1,0,2000.0,0
1509739856,https://es.olx.com.br/norte-do-espirito-santo/imoveis/imovel-para-aluguel-com-350-metros-quadrados-com-7-quartos-em-praia-da-costa-vila-velha-1509739856,vila-velha,praia-da-costa,0,350.0,5,2,0,0,0,0,0,0,0,6800.0,1
1509728611,https://es.olx.com.br/norte-do-espirito-santo/imoveis/imovel-para-aluguel-possui-350-metros-quadrados-com-7-quartos-em-praia-da-costa-vila-vel-1509728611,vila-velha,praia-da-costa,0,350.0,5,1,1,0,0,0,0,0,0,6800.0,0
1509726123,https://es.olx.com.br/norte-do-espirito-santo/imoveis/apartamento-em-jardim-camburi-vitoria-verdes-mares-apto-401-bl-k-1509726123,vitoria,jardim-camburi,1,65.0,2,1,1,0,0,0,0,0,0,2100.0,0
1509726067,https://es.olx.com.br/norte-do-espirito-santo/imoveis/imovel-para-aluguel-possui-55-metros-quadrados-com-2-quartos-1509726067,vila-velha,nossa-senhora-da-penha,1,55.0,2,1,1,1,1,1,0,0,0,1900.0,0
1509714174,https://es.olx.com.br/norte-do-espirito-santo/imoveis/locacao-apartamento-3-quartos-com-3-suites-em-laranjeiras-1509714174,serra,parque-residencial-laranjeiras,1,130.0,3,4,2,1,1,1,1,1,0,4500.0,0
1509710174,https://es.olx.com.br/norte-do-espirito-santo/imoveis/apartamento-de-1-quarto-1-banheiro-1-vaga-de-garagem-para-locacao-em-barro-vermelho-alt-1509710174,vitoria,barro-vermelho,1,44.0,1,1,0,1,0,1,1,0,0,3300.0,1
1509704525,https://es.olx.com.br/norte-do-espirito-santo/imoveis/casa-alto-padrao-440m-alphaville-jacuhy-1509704525,serra,jacuhy,0,440.0,4,5,4,0,0,1,1,1,0,15000.0,0
1509678544,https://es.olx.com.br/norte-do-espirito-santo/imoveis/imovel-para-aluguel-tem-59-metros-quadrados-com-2-quartos-em-praia-de-itaparica-vila-vel-1509678544,vila-velha,praia-de-itaparica,1,59.0,2,2,1,1,1,1,0,0,0,3200.0,0
1509660720,https://es.olx.com.br/norte-do-espirito-santo/imoveis/apartamento-02-qtd-edificio-corais-residencial-costa-bella-1509660720,vila-velha,ataide,1,48.0,2,1,1,1,1,1,1,1,0,1700.0,0
1509660454,https://es.olx.com.br/norte-do-espirito-santo/imoveis/imovel-para-aluguel-com-55-metros-quadrados-com-2-quartos-1509660454,vila-velha,nossa-senhora-da-penha,1,55.0,2,1,1,1,0,1,0,0,0,1900.0,0
1498439023,https://es.olx.com.br/norte-do-espirito-santo/imoveis/kitnet-em-jockey-de-itaparica-1498439023,vila-velha,jockey-de-itaparica,1,32.0,1,1,1,0,0,0,0,0,0,1400.0,0
1509627802,https://es.olx.com.br/norte-do-espirito-santo/imoveis/casa-para-alugar-no-bairro-jardim-camburi-vitoria-es-1509627802,vitoria,jardim-camburi,0,65.0,3,2,2,0,0,0,0,0,0,3300.0,0
1509627508,https://es.olx.com.br/norte-do-espirito-santo/imoveis/apartamento-para-alugar-no-bairro-barcelona-serra-es-1509627508,serra,barcelona,1,65.0,2,1,0,0,0,0,0,0,0,1900.0,1
1509627258,https://es.olx.com.br/norte-do-espirito-santo/imoveis/casa-para-alugar-no-bairro-maria-ortiz-vitoria-es-1509627258,vitoria,maria-ortiz,0,200.0,4,2,1,0,0,0,0,0,0,8500.0,0
1509627072,https://es.olx.com.br/norte-do-espirito-santo/imoveis/apartamento-para-alugar-no-bairro-jardim-camburi-vitoria-es-1509627072,vitoria,jardim-camburi,1,115.0,3,3,2,1,0,1,0,0,0,6300.0,0
1509620699,https://es.olx.com.br/norte-do-espirito-santo/imoveis/apartamento-para-aluguel-2-quartos-1-vaga-itapua-vila-velha-es-1509620699,vila-velha,itapua,1,64.0,2,2,1,0,0,0,0,0,0,2500.0,0
1509616778,https://es.olx.com.br/norte-do-espirito-santo/imoveis/apartamento-com-2-dormitorios-para-alugar-63-m-por-r-2-500-jockey-de-itaparica-vila-1509616778,vila-velha,jockey-de-itaparica,1,63.0,2,2,1,0,1,1,0,1,0,2500.0,0
1414628530,https://es.olx.com.br/norte-do-espirito-santo/imoveis/apartamento-de-tres-quartos-1414628530,serra,morada-de-laranjeiras,1,48.0,2,1,1,1,1,1,1,1,0,1600.0,0
1421728070,https://es.olx.com.br/norte-do-espirito-santo/imoveis/apartamento-de-tres-quartos-com-suite-1421728070,serra,ourimar,1,70.0,3,2,2,1,1,1,1,1,0,3300.0,0
1509606172,https://es.olx.com.br/norte-do-espirito-santo/imoveis/venda-apartamento-2-dorms-54m-em-parque-laranjeiras-serra-1509606172,serra,parque-residencial-laranjeiras,1,54.0,2,2,1,0,0,1,1,1,0,2200.0,0
1509604005,https://es.olx.com.br/norte-do-espirito-santo/imoveis/aluguel-apartamento-com-3-quartos-128m-por-r-5-500-mes-praia-de-itaparica-vila-velh-1509604005,vila-velha,praia-de-itaparica,1,128.0,3,2,2,0,0,1,0,1,0,5500.0,0
1509602801,https://es.olx.com.br/norte-do-espirito-santo/imoveis/casa-residencial-para-locacao-em-jardim-da-penha-vitoria-es-1509602801,vitoria,jardim-da-penha,0,97.0,3,2,0,0,0,0,0,0,0,3500.0,1
1509597145,https://es.olx.com.br/norte-do-espirito-santo/imoveis/apartamento-em-coqueiral-de-itaparica-primeira-etapa-1509597145,vila-velha,planalto,1,45.0,2,1,1,0,1,0,0,0,0,400000.0,0
1509593295,https://es.olx.com.br/norte-do-espirito-santo/imoveis/apartamento-para-locacao-anual-na-praia-do-morro-1509593295,guarapari,praia-do-morro,1,80.0,2,2,1,1,0,0,0,0,0,3300.0,0
1509593201,https://es.olx.com.br/norte-do-espirito-santo/imoveis/apartamento-para-locacao-anual-na-praia-do-morro-1509593201,guarapari,praia-do-morro,1,90.0,3,2,1,1,0,0,0,0,0,3800.0,0
1509593074,https://es.olx.com.br/norte-do-espirito-santo/imoveis/apartamento-para-locacao-anual-na-praia-do-morro-1509593074,guarapari,praia-do-morro,1,67.0,2,2,1,1,0,0,0,0,0,3000.0,0
1509585831,https://es.olx.com.br/norte-do-espirito-santo/imoveis/aluguel-ed-plaza-27-3-quartos-01-suite-2-vagas-de-garagem-cobertas-1509585831,vila-velha,praia-de-itaparica,1,71.0,3,1,2,1,0,1,1,1,0,4000.0,0
1509581594,https://es.olx.com.br/norte-do-espirito-santo/imoveis/apartamento-3-quartos-em-jardim-camburi-melhor-localizacao-do-bairro-1509581594,vitoria,jardim-camburi,1,90.0,3,2,1,0,0,0,0,0,0,2700.0,0
1509580409,https://es.olx.com.br/norte-do-espirito-santo/imoveis/livia-machado-imoveis-aluga-conforto-seguranca-e-lazer-completo-para-sua-familia-em-joc-1509580409,vila-velha,jockey-de-itaparica,1,68.0,2,2,1,1,1,1,1,0,0,3630.0,0
1509575924,https://es.olx.com.br/norte-do-espirito-santo/imoveis/alphaville-jacuhy-1509575924,serra,jacuhy,0,330.0,1,1,0,0,1,0,1,0,0,15000.0,0
1509574827,https://es.olx.com.br/norte-do-espirito-santo/imoveis/aluguel-2-quartos-55m--jardim-camburi-r-2-715-00-taxas-ref-r-003-1509574827,vitoria,jardim-camburi,1,55.0,2,1,1,1,0,0,0,0,0,2715.0,0
1509560332,https://es.olx.com.br/norte-do-espirito-santo/imoveis/aluga-se-jazz-residence-03-quartos-com-lazer-club-na-praia-de-itapoa-1509560332,vila-velha,itapua,1,109.0,3,3,2,1,0,1,1,0,0,6500.0,0
1509538730,https://es.olx.com.br/norte-do-espirito-santo/imoveis/alugo-casa-nova-sol-da-manha-quarto-sala-cozinha-e-banheiro-em-stos-dumont-vitoria-1509538730,fundao,praia-grande,0,40.0,1,1,0,0,0,0,0,0,0,800.0,0
1509519385,https://es.olx.com.br/norte-do-espirito-santo/imoveis/alugo-2-qtos-frente-ao-mar-mobiliado-1509519385,vila-velha,praia-da-costa,1,105.0,2,2,1,1,1,0,0,0,1,3900.0,0
1509502456,https://es.olx.com.br/norte-do-espirito-santo/imoveis/locacao-2-quartos-jockey-de-itaparica-vila-velha-es-1509502456,vila-velha,jockey-de-itaparica,1,60.0,2,1,1,1,0,0,0,0,0,2500.0,0
1509498728,https://es.olx.com.br/norte-do-espirito-santo/imoveis/luxo-4-suites-com-vista-mar-1509498728,vila-velha,darly-santos,1,188.0,4,5,4,1,1,1,1,1,1,9000.0,0
1509477807,https://es.olx.com.br/norte-do-espirito-santo/imoveis/kitnet-ampla-bairro-republica-1509477807,vitoria,jardim-da-penha,1,30.0,1,1,0,0,0,0,0,1,0,1950.0,0
1509476240,https://es.olx.com.br/norte-do-espirito-santo/imoveis/aluguel-1509476240,vila-velha,itapua,1,104.0,3,2,1,0,1,0,0,0,1,3650.0,0
1509464377,https://es.olx.com.br/norte-do-espirito-santo/imoveis/imovel-para-aluguel-possui-156-metros-quadrados-com-4-quartos-em-praia-da-costa-vila-vel-1509464377,vila-velha,praia-da-costa,1,156.0,4,3,2,1,1,1,0,0,0,5500.0,0
1509461614,https://es.olx.com.br/norte-do-espirito-santo/imoveis/imovel-para-aluguel-tem-59-metros-quadrados-com-2-quartos-em-jockey-de-itaparica-vila-ve-1509461614,vila-velha,jockey-de-itaparica,1,59.0,2,2,1,1,1,1,1,0,0,2850.0,0
1509456441,https://es.olx.com.br/norte-do-espirito-santo/imoveis/alugo-apartamento-2-quartos-no-villagio-limoeiro-1509456441,serra,porto-canoa,1,54.0,2,2,1,1,1,1,1,1,1,2500.0,0
1509449906,https://es.olx.com.br/norte-do-espirito-santo/imoveis/imovel-para-aluguel-com-62-metros-quadrados-com-2-quartos-em-praia-de-itaparica-vila-vel-1509449906,vila-velha,praia-de-itaparica,1,62.0,2,2,1,1,1,1,1,0,0,2800.0,0
1509440309,https://es.olx.com.br/norte-do-espirito-santo/imoveis/alugo-apartamentode-terreo-2-q-colina-de-laranjeiras-2-mil-1509440309,serra,colina-de-laranjeiras,1,46.0,2,1,1,0,1,1,0,0,0,2000.0,0
1509431572,https://es.olx.com.br/norte-do-espirito-santo/imoveis/apartamento-2-quartos-55m2-em-morada-de-laranjeiras-cond-naturale-lazer-completo-1509431572,serra,morada-de-laranjeiras,1,55.0,2,1,1,1,1,1,1,0,0,2700.0,0
1509425491,https://es.olx.com.br/norte-do-espirito-santo/imoveis/apartamento-semi-mobiliado-no-condominio-recando-dos-camaras-em-morada-de-laranjeiras-se-1509425491,serra,morada-de-laranjeiras,1,80.0,3,2,1,1,1,1,0,0,0,4000.0,0
1509380084,https://es.olx.com.br/norte-do-espirito-santo/imoveis/casa-comercial-675m2-itaparica-1509380084,vila-velha,praia-de-itaparica,0,590.0,1,1,0,0,0,0,0,0,0,32000.0,0
1509377555,https://es.olx.com.br/norte-do-espirito-santo/imoveis/04-casas-em-setiba-guarapari-capacidade-para-08-11-13-e-16-pessoas-1509377555,guarapari,setiba,0,360.0,5,5,5,0,0,1,0,1,1,850.0,0
1509373187,https://es.olx.com.br/norte-do-espirito-santo/imoveis/imovel-para-aluguel-tem-35-metros-quadrados-em-mata-da-praia-vitoria-es-1509373187,vitoria,mata-da-praia,1,40.0,1,1,1,1,1,1,0,1,1,3600.0,0
1509358638,https://es.olx.com.br/norte-do-espirito-santo/imoveis/imovel-para-aluguel-possui-60-metros-quadrados-com-2-quartos-em-santa-paula-i-vila-velha-1509358638,vila-velha,santa-paula-i,1,60.0,2,1,1,0,1,1,0,0,0,2000.0,0
1509353947,https://es.olx.com.br/norte-do-espirito-santo/imoveis/imovel-para-aluguel-tem-65-metros-quadrados-com-2-quartos-em-jardim-da-penha-vitoria-e-1509353947,vitoria,jardim-da-penha,1,65.0,2,1,1,0,0,1,0,0,0,2500.0,0
1509344566,https://es.olx.com.br/norte-do-espirito-santo/imoveis/apartamento-para-aluguel-2-quartos-1-vaga-praia-da-costa-vila-velha-es-1509344566,vila-velha,praia-da-costa,1,79.0,2,1,1,1,1,0,0,1,0,2700.0,0
1509341221,https://es.olx.com.br/norte-do-espirito-santo/imoveis/apartamento-em-praia-de-itaparica-vila-velha-1509341221,vila-velha,praia-de-itaparica,1,70.0,2,2,1,0,0,0,0,0,0,4500.0,0
1509336562,https://es.olx.com.br/norte-do-espirito-santo/imoveis/alugo-quarto-para-estudantes-1509336562,vitoria,joana-d'arc,0,65.0,4,2,0,0,0,0,0,1,1,950.0,0
1509335951,https://es.olx.com.br/norte-do-espirito-santo/imoveis/apartamento-com-2-dormitorios-para-alugar-65-m-por-r-2-990-00-mes-praia-de-itaparica-1509335951,vila-velha,praia-de-itaparica,1,65.0,2,2,1,1,1,1,0,1,0,2400.0,0
1509335574,https://es.olx.com.br/norte-do-espirito-santo/imoveis/aluga-se-la-plage-residencial-clube-praia-da-costa-1509335574,vila-velha,praia-da-costa,1,147.0,3,4,2,1,0,1,0,1,0,10000.0,0
1509335575,https://es.olx.com.br/norte-do-espirito-santo/imoveis/apartamento-3-quartos-com-suite-mobiliado-na-quadra-do-mar-em-itapua-1509335575,vila-velha,itapua,1,85.0,3,2,1,1,0,1,0,1,1,6000.0,0
1509324786,https://es.olx.com.br/norte-do-espirito-santo/imoveis/apartamento-alto-padrao-para-alugar-na-praia-do-canto-totalmente-mobiliado-4-quartos-1509324786,vitoria,praia-do-canto,1,140.0,4,3,1,1,0,1,0,1,0,9500.0,0
1509324489,https://es.olx.com.br/norte-do-espirito-santo/imoveis/aluguel-apartamento-garden-com-3-quartos-125m-por-r-8-500-mes-itaparica-vila-velha-1509324489,vila-velha,interlagos,1,125.0,3,2,3,0,0,1,1,0,0,8500.0,0
1509324443,https://es.olx.com.br/norte-do-espirito-santo/imoveis/aluguel-apartamento-com-3-quartos-71-m-por-r-3-800-mes-praia-de-itaparica-vila-velh-1509324443,vila-velha,praia-de-itaparica,1,72.0,3,2,2,1,1,1,0,1,0,3800.0,0
1509322757,https://es.olx.com.br/norte-do-espirito-santo/imoveis/apartamento-para-locacao-jardim-da-penha-vitoria-es-1509322757,vitoria,jardim-da-penha,1,130.0,3,3,1,1,0,1,0,1,0,4500.0,0
1509312360,https://es.olx.com.br/norte-do-espirito-santo/imoveis/lindo-apartamento-quatro-quartos-e-tres-suites-1509312360,vitoria,jardim-camburi,1,133.0,4,4,2,0,1,1,1,0,0,7000.0,0
1509312219,https://es.olx.com.br/norte-do-espirito-santo/imoveis/excelente-cobertura-frente-para-o-mar-em-jardim-camburi-1509312219,vitoria,jardim-camburi,1,219.0,4,5,3,1,1,1,1,1,0,9000.0,0
1509312084,https://es.olx.com.br/norte-do-espirito-santo/imoveis/excelente-paratmento-frente-ao-mar-de-jardim-camburi-1509312084,vitoria,jardim-camburi,1,130.0,4,4,2,1,1,1,1,1,0,7000.0,0
1509300198,https://es.olx.com.br/norte-do-espirito-santo/imoveis/apartamento-2-quartos-proximo-a-uvv-e-a-3-quadras-do-mar-1509300198,vila-velha,praia-de-itaparica,1,60.0,2,1,1,0,0,0,0,1,0,2000.0,0
1509292377,https://es.olx.com.br/norte-do-espirito-santo/imoveis/alugo-linda-kitnet-mobiliada-1509292377,serra,helio-ferraz,1,30.0,1,1,0,0,0,0,0,1,1,1400.0,0
1509285337,https://es.olx.com.br/norte-do-espirito-santo/imoveis/aluguel-apto-cond-incluso-mirante-de-jacaraipe-1509285337,serra,conjunto-jacaraipe,1,59.0,2,1,1,1,1,1,0,1,1,1900.0,0
1509222726,https://es.olx.com.br/norte-do-espirito-santo/imoveis/casa-para-locacao-em-serra-de-fatima-3-dormitorios-1-suite-2-banheiros-1-vaga-1509222726,serra,de-fatima,0,150.0,3,2,1,0,0,0,0,0,0,4500.0,0
1509235223,https://es.olx.com.br/norte-do-espirito-santo/imoveis/aluga-se-apartamento-2-quartos-1509235223,serra,barcelona,1,48.0,2,2,1,1,1,1,1,1,0,2100.0,0
1509201861,https://es.olx.com.br/norte-do-espirito-santo/imoveis/imovel-para-aluguel-com-40-metros-quadrados-com-1-quarto-em-colina-de-laranjeiras-serra-1509201861,serra,colina-de-laranjeiras,1,40.0,1,1,0,0,0,0,0,0,0,3500.0,1
1509199202,https://es.olx.com.br/norte-do-espirito-santo/imoveis/imovel-para-aluguel-tem-43-metros-quadrados-com-1-quarto-em-praia-da-costa-vila-velha-1509199202,vila-velha,praia-da-costa,1,43.0,1,1,1,1,0,1,0,0,1,3500.0,0
1509196643,https://es.olx.com.br/norte-do-espirito-santo/imoveis/casa-duplex-para-alugar-ou-vender-boulevard-lagoa-serra-es-1509196643,serra,boulevard-lagoa,0,350.0,4,5,4,0,1,1,1,0,0,8000.0,0
1509220349,https://es.olx.com.br/norte-do-espirito-santo/imoveis/apartamento-alugado-1509220349,vila-velha,cobilandia,1,30.0,1,1,0,0,0,0,0,0,0,1500.0,0
1509220282,https://es.olx.com.br/norte-do-espirito-santo/imoveis/alugo-linda-kitnet-mobiliada-em-helio-ferraz-1509220282,serra,helio-ferraz,1,30.0,1,1,0,0,0,0,0,0,0,1400.0,1
1509214222,https://es.olx.com.br/norte-do-espirito-santo/imoveis/alugo-casa-terreo-p-unica-pessoa--o-1509214222,vila-velha,residencial-coqueiral,0,55.0,1,1,0,0,0,0,0,0,1,1500.0,0
1494523707,https://es.olx.com.br/norte-do-espirito-santo/imoveis/alugo-apto-2-quartos-elevador-condominio-com-lazer-completo-1494523707,serra,bicanga,1,50.0,2,1,1,1,1,1,1,0,0,2000.0,0
1509188990,https://es.olx.com.br/norte-do-espirito-santo/imoveis/apartamento-2-quartos-jardim-camburi-1509188990,vitoria,jardim-camburi,1,64.0,2,2,2,1,1,1,0,1,1,3800.0,0
1509186895,https://es.olx.com.br/norte-do-espirito-santo/imoveis/kitnet-mobiliada-em-jucutuquara-vitoria-1509186895,vitoria,jucutuquara,1,25.0,1,1,0,0,0,0,0,0,1,1950.0,0
1509118484,https://es.olx.com.br/norte-do-espirito-santo/imoveis/casa-para-locacao-em-serra-es-no-bairro-jacaraipe-1509118484,serra,praia-da-baleia,0,84.0,3,1,2,0,0,0,0,0,1,2600.0,0
1509111513,https://es.olx.com.br/norte-do-espirito-santo/imoveis/aluguel-apartamentos-2-quartos-com-varanda-mobiliado-condominio-via-mar-morada-de-lar-1509111513,serra,morada-de-laranjeiras,1,48.0,2,1,1,1,1,1,1,1,1,2500.0,0
1500669840,https://es.olx.com.br/norte-do-espirito-santo/imoveis/alugo-2-quartos-1500669840,vila-velha,praia-de-itaparica,1,69.0,3,2,2,1,1,1,0,0,0,3200.0,0
1509094216,https://es.olx.com.br/norte-do-espirito-santo/imoveis/apartamento-para-aluguel-2-quartos-1-suite-1-vaga-itapua-vila-velha-es-1509094216,vila-velha,itapua,1,60.0,2,2,1,1,0,1,0,1,0,2900.0,0
1509089678,https://es.olx.com.br/norte-do-espirito-santo/imoveis/imovel-para-aluguel-tem-35-metros-quadrados-com-1-quarto-em-itapua-vila-velha-es-1509089678,vila-velha,itapua,1,35.0,1,1,0,0,0,0,0,0,1,1300.0,0
1509164462,https://es.olx.com.br/norte-do-espirito-santo/imoveis/loja-centro-campo-grande-1509164462,cariacica,campo-grande,1,30.0,0,1,0,0,0,0,0,1,0,1400.0,0
1509154737,https://es.olx.com.br/norte-do-espirito-santo/imoveis/aluguel-de-apartamento-de-02-quartos-em-sao-diogo-1509154737,serra,sao-diogo-i,1,50.0,2,1,1,0,1,1,0,0,0,1500.0,0
1509076791,https://es.olx.com.br/norte-do-espirito-santo/imoveis/aluguel-2-quartos-75m--jardim-camburi-r-2-515-00-taxas-ref-r-017-1509076791,vitoria,jardim-camburi,1,75.0,2,2,1,0,0,0,0,0,0,2515.0,0
1509153577,https://es.olx.com.br/norte-do-espirito-santo/imoveis/aluguel-preferencia-para-fins-comerciais-1509153577,vila-velha,ilha-dos-bentos,0,460.0,5,5,2,0,0,1,0,1,0,16000.0,0
1507659018,https://es.olx.com.br/norte-do-espirito-santo/imoveis/aluga-se-apartamento-e-kitnet-1507659018,vitoria,nova-palestina,1,50.0,3,1,0,0,0,0,0,0,0,1000.0,0
1509151161,https://es.olx.com.br/norte-do-espirito-santo/imoveis/locacao-ed-praia-boulevard-jockey-de-itaparica-1509151161,vila-velha,jockey-de-itaparica,1,55.0,2,2,1,1,1,1,1,1,0,2900.0,0
1509144004,https://es.olx.com.br/norte-do-espirito-santo/imoveis/aluga-se-apartamento-proximo-a-ufes-jardim-da-penha-vitoria-1509144004,serra,serra-centro,1,50.0,1,1,1,0,0,0,0,0,0,2000.0,0
1509128079,https://es.olx.com.br/norte-do-espirito-santo/imoveis/apartamento-de-2-quartos-primeira-locacao-1509128079,vila-velha,jockey-de-itaparica,1,70.0,2,2,1,1,1,1,1,1,0,2600.0,0
1492752513,https://es.olx.com.br/norte-do-espirito-santo/imoveis/residencial-bento-ferreira-alugo-em-setembro-agua-e-condominio-inclusos-1492752513,vitoria,monte-belo,1,57.0,2,1,1,1,1,1,1,1,1,3500.0,0
1490671044,https://es.olx.com.br/norte-do-espirito-santo/imoveis/aluga-se-2-quartos-mobiliado-em-itaparica-1490671044,vila-velha,praia-de-itaparica,1,60.0,2,2,1,1,0,1,0,1,1,4000.0,0
1509028046,https://es.olx.com.br/norte-do-espirito-santo/imoveis/apartamento-com-2-dormitorios-para-alugar-69-m-por-r-3-420-00-mes-jockey-de-itaparica-1509028046,vila-velha,jockey-de-itaparica,1,69.0,2,2,1,0,1,1,0,0,0,2800.0,0
1509002252,https://es.olx.com.br/norte-do-espirito-santo/imoveis/cobertura-duplex-para-alugar-mata-da-praia-vista-para-o-parque-pedra-da-cebola-1509002252,vitoria,mata-da-praia,1,190.0,3,3,3,1,0,0,0,1,0,11000.0,0
1509028437,https://es.olx.com.br/norte-do-espirito-santo/imoveis/alugo-kitnet-proximo-ifes-salesiano-faesa-1509028437,vitoria,romao,1,30.0,1,1,0,0,0,0,0,0,0,700.0,1
1509024266,https://es.olx.com.br/norte-do-espirito-santo/imoveis/alugo-apartamento-terreo-todo-reformado-balneario-de-carapebus-condominio-parque-valence-1509024266,serra,balneario-de-carapebus,1,64.0,2,1,1,0,1,1,0,0,0,1500.0,0
1508997466,https://es.olx.com.br/norte-do-espirito-santo/imoveis/apartamento-com-2-dormitorios-para-alugar-69-m-por-r-4-240-00-mes-santa-helena-vito-1508997466,vitoria,praia-do-canto,1,69.0,2,2,1,1,0,1,0,1,1,3500.0,0
1508995865,https://es.olx.com.br/norte-do-espirito-santo/imoveis/apartamento-para-alugar-em-jardim-camburi-1508995865,vitoria,jardim-camburi,1,68.0,2,1,0,0,0,0,0,0,0,2000.0,1
1508983157,https://es.olx.com.br/norte-do-espirito-santo/imoveis/codigo-828-praia-do-canto-1508983157,vitoria,praia-do-canto,1,70.0,2,2,2,0,0,1,1,0,0,4000.0,0
1508983193,https://es.olx.com.br/norte-do-espirito-santo/imoveis/alugo-apartamento-cannes-residence-mobiliado-2-quartos-sendo-1-suite-1508983193,vila-velha,praia-das-gaivotas,1,60.0,2,2,1,0,0,0,0,0,1,3200.0,0
1508980648,https://es.olx.com.br/norte-do-espirito-santo/imoveis/oportunidade-exclusiva-de-locacao-em-itapoa-1508980648,vila-velha,itapua,1,90.0,2,2,1,0,0,1,0,0,0,5500.0,0
1508973818,https://es.olx.com.br/norte-do-espirito-santo/imoveis/imperdivel-apartamento-a-venda-em-vitoria-es-enseada-do-sua-3-quartos-1-suite-2-vagas-1508973818,vitoria,enseada-do-sua,1,100.0,3,3,2,1,0,1,1,1,0,7500.0,0
1508969491,https://es.olx.com.br/norte-do-espirito-santo/imoveis/aluga-se-apartamento-03-quartos-com-01-suite-e-lazer-na-praia-de-itapua-1508969491,vila-velha,itapua,1,125.0,3,3,2,1,0,1,0,1,0,4100.0,0
1508988319,https://es.olx.com.br/norte-do-espirito-santo/imoveis/apartamento-novo-vila-velha-proximo-ao-hospital-evangelico-1508988319,vila-velha,vila-garrido,1,44.0,1,1,1,0,0,0,0,0,0,1790.0,0
1494316604,https://es.olx.com.br/norte-do-espirito-santo/imoveis/veredas-buritis-3q-c-suite-e-sol-da-manha-1494316604,serra,colina-de-laranjeiras,1,74.0,3,2,1,1,1,1,1,0,0,3500.0,0
1508910374,https://es.olx.com.br/norte-do-espirito-santo/imoveis/apartamento-com-2-dormitorios-para-alugar-52-m-por-r-2-890-00-mes-jardim-camburi-vi-1508910374,vitoria,jardim-camburi,1,52.0,2,1,1,1,0,0,0,1,0,2500.0,0
1508908714,https://es.olx.com.br/norte-do-espirito-santo/imoveis/apartamento-com-3-dormitorios-para-alugar-85-m-por-r-3-553-mes-jardim-camburi-vitor-1508908714,vitoria,jardim-camburi,1,85.0,3,2,1,1,0,0,0,1,0,3500.0,0
1508915016,https://es.olx.com.br/norte-do-espirito-santo/imoveis/aluga-se-para-empresa-casa-em-fundao-1508915016,fundao,centro,0,200.0,2,2,5,0,0,0,0,1,0,5000.0,0
1508854209,https://es.olx.com.br/norte-do-espirito-santo/imoveis/imovel-para-aluguel-possui-42-metros-quadrados-com-1-quarto-em-santa-helena-vitoria-es-1508854209,vitoria,santa-helena,1,42.0,1,1,1,1,1,1,1,1,1,3100.0,0
1498655704,https://es.olx.com.br/norte-do-espirito-santo/imoveis/aluguo-casa-em-nova-guarapari-es-1498655704,guarapari,nova-guarapari,0,60.0,1,1,3,0,0,0,0,1,0,2000.0,0
1425180516,https://es.olx.com.br/norte-do-espirito-santo/imoveis/casa-com-3-dormitorios-para-alugar-140-m-colina-de-laranjeiras-serra-es-1425180516,serra,colina-de-laranjeiras,0,140.0,3,2,1,0,0,0,0,1,0,4350.0,0
1508814797,https://es.olx.com.br/norte-do-espirito-santo/imoveis/casa-duplex-3-quartos-com-suite-energia-solar-e-area-gourmet-colina-de-laranjeiras-1508814797,serra,colina-de-laranjeiras,0,120.0,3,3,2,0,0,0,0,0,0,6000.0,0
1508812943,https://es.olx.com.br/norte-do-espirito-santo/imoveis/apartamento-mobiliado-para-locacao-condominio-melia-itaparica-1508812943,vila-velha,praia-de-itaparica,1,71.0,3,2,2,1,1,1,0,1,1,5000.0,0
1508785863,https://es.olx.com.br/norte-do-espirito-santo/imoveis/kitnet-1508785863,vitoria,jardim-da-penha,1,20.0,1,1,0,0,0,0,0,0,0,1500.0,0
1508785134,https://es.olx.com.br/norte-do-espirito-santo/imoveis/imovel-para-aluguel-com-90-metros-quadrados-com-3-quartos-em-ibes-vila-velha-es-1508785134,vila-velha,ibes,0,90.0,3,2,3,0,0,0,0,0,0,2900.0,0
1508782109,https://es.olx.com.br/norte-do-espirito-santo/imoveis/imovel-para-aluguel-com-60-metros-quadrados-com-2-quartos-em-jardim-da-penha-vitoria-e-1508782109,vitoria,jardim-da-penha,1,60.0,2,2,1,1,0,0,0,0,0,3100.0,0
1508781107,https://es.olx.com.br/norte-do-espirito-santo/imoveis/kitnet-1-quarto-agua-inclusa-1508781107,cariacica,rio-marinho,1,30.0,1,1,0,0,0,0,0,0,0,750.0,1
1458350251,https://es.olx.com.br/norte-do-espirito-santo/imoveis/alugo-apto-na-praia-do-canto-com-80m-2-quartos-e-1-vaga-r-3-700-00-1458350251,vitoria,praia-do-canto,1,80.0,2,2,1,0,0,0,0,0,0,3700.0,0
1508780654,https://es.olx.com.br/norte-do-espirito-santo/imoveis/imovel-para-aluguel-possui-65-metros-quadrados-com-2-quartos-em-praia-de-itaparica-vila-1508780654,vila-velha,praia-de-itaparica,1,65.0,2,2,1,1,1,1,1,0,0,2900.0,0
1394195617,https://es.olx.com.br/norte-do-espirito-santo/imoveis/apartamento-de-tres-quartos-com-suite-1394195617,serra,morada-de-laranjeiras,1,70.0,3,2,1,1,1,1,0,1,0,520000.0,0
1508757573,https://es.olx.com.br/norte-do-espirito-santo/imoveis/ap-bairro-divino-espirito-santo-1508757573,vila-velha,divino-espirito-santo,1,40.0,1,1,0,0,0,0,0,0,0,1180.0,0
1508752911,https://es.olx.com.br/norte-do-espirito-santo/imoveis/alugo-otima-oportunidade-leia-a-descricao-do-anuncio-com-atencao-1508752911,vila-velha,cidade-da-barra,1,25.0,1,1,0,0,0,0,0,0,0,800.0,0
1508751468,https://es.olx.com.br/norte-do-espirito-santo/imoveis/imovel-para-aluguel-tem-55-metros-quadrados-com-2-quartos-em-praia-de-itaparica-vila-vel-1508751468,vila-velha,praia-de-itaparica,1,55.0,2,1,1,1,0,1,1,0,0,3700.0,0
1508745944,https://es.olx.com.br/norte-do-espirito-santo/imoveis/oportunidade-duplex-de-260m-no-thermas-4-quartos-3-banheiros-e-apenas-r-2-500-mes-1508745944,guarapari,recanto-da-sereia,0,260.0,4,3,2,0,0,0,0,1,0,2500.0,0
1508736441,https://es.olx.com.br/norte-do-espirito-santo/imoveis/otimo-custo-beneficio-no-coracao-de-itapua-5min-da-praia-1508736441,vila-velha,itapua,1,45.0,1,1,0,1,0,0,0,1,1,2500.0,0
1508729179,https://es.olx.com.br/norte-do-espirito-santo/imoveis/imovel-para-aluguel-possui-48-metros-quadrados-com-2-quartos-em-vale-encantado-vila-velh-1508729179,vila-velha,vale-encantado,1,48.0,2,1,1,0,1,1,1,0,0,1700.0,0
1508722337,https://es.olx.com.br/norte-do-espirito-santo/imoveis/casa-de-piscina-e-mesa-de-sinuca-ha-10min-da-praia-do-morro-1508722337,guarapari,itapebussu,0,168.0,3,3,4,0,0,1,0,1,1,795.0,0
1508706874,https://es.olx.com.br/norte-do-espirito-santo/imoveis/imovel-para-aluguel-com-64-metros-quadrados-em-centro-de-vila-velha-vila-velha-es-1508706874,vila-velha,centro-de-vila-velha,1,64.0,0,1,1,0,0,0,0,0,0,6900.0,0
1508704819,https://es.olx.com.br/norte-do-espirito-santo/imoveis/kitnets-em-sao-cristovao-1508704819,vitoria,sao-cristovao,1,35.0,1,1,0,0,0,0,0,0,0,1000.0,0
1508702636,https://es.olx.com.br/norte-do-espirito-santo/imoveis/alugo-apart-2-qts-em-rio-marinho-v-velha-1508702636,vila-velha,rio-marinho,1,63.0,2,1,0,0,0,0,0,0,0,1100.0,0
1508698218,https://es.olx.com.br/norte-do-espirito-santo/imoveis/apartamento-novo-no-viva-la-serra-2-quartos-e-lazer-completo-1508698218,serra,sao-patricio,1,46.0,2,1,1,0,1,1,0,0,0,1300.0,0
1508685107,https://es.olx.com.br/norte-do-espirito-santo/imoveis/imovel-para-aluguel-com-136-metros-quadrados-com-3-quartos-em-praia-de-itaparica-vila-ve-1508685107,vila-velha,praia-de-itaparica,1,136.0,3,1,2,0,0,1,0,0,0,6500.0,0
1508674720,https://es.olx.com.br/norte-do-espirito-santo/imoveis/imovel-para-aluguel-com-60-metros-quadrados-com-2-quartos-em-praia-de-itaparica-vila-vel-1508674720,vila-velha,praia-de-itaparica,1,60.0,2,1,1,0,0,1,0,0,0,2600.0,0
1459560650,https://es.olx.com.br/norte-do-espirito-santo/imoveis/aluguel-apartamento-praia-do-canto-ed-abrahan-lincoln-2-quartos-com-80-mts2-1459560650,vitoria,praia-do-canto,1,80.0,2,2,1,0,0,0,0,0,0,3700.0,0
1400342266,https://es.olx.com.br/norte-do-espirito-santo/imoveis/kitnet-na-praia-da-costa-excelente-oportunidade-1400342266,vila-velha,praia-da-costa,1,23.0,1,1,0,0,0,0,0,0,0,1200.0,1
1508660848,https://es.olx.com.br/norte-do-espirito-santo/imoveis/alugo-sem-fiador-sem-condominio-vista-barcelona-cond-clube-1508660848,serra,maringa,1,50.0,2,1,1,1,1,1,1,0,0,1800.0,0
1508647961,https://es.olx.com.br/norte-do-espirito-santo/imoveis/apartamento-2-quartos-ed-art-life-em-frente-a-praia-da-cerca-1508647961,vila-velha,novo-mexico,1,65.0,2,2,1,1,1,1,1,1,1,3200.0,0
1508641601,https://es.olx.com.br/norte-do-espirito-santo/imoveis/espaco-kitnet-p-senhoras-e-estudantes-1508641601,cariacica,jardim-america,1,30.0,1,1,0,0,0,0,0,0,0,650.0,1
1508608642,https://es.olx.com.br/norte-do-espirito-santo/imoveis/apartamento-em-manguinhos-1508608642,serra,ourimar,1,47.0,2,1,1,1,1,1,1,0,0,1850.0,0
1508599002,https://es.olx.com.br/norte-do-espirito-santo/imoveis/apartamento-2-quartos-vista-do-limoeiro-jardim-limoeiro-serra-es-1508599002,serra,sao-diogo-ii,1,45.0,2,1,1,1,1,1,1,0,0,1600.0,0
1508590433,https://es.olx.com.br/norte-do-espirito-santo/imoveis/apartamento-ou-kitnet-1508590433,cariacica,jardim-america,1,30.0,1,1,0,0,0,0,0,0,0,800.0,1
1508566162,https://es.olx.com.br/norte-do-espirito-santo/imoveis/alugo-apto-1-quarto-en-itaparica-direto-con-proprietario-1508566162,vila-velha,praia-de-itaparica,1,45.0,1,1,0,0,0,0,0,0,0,1600.0,0
1508540759,https://es.olx.com.br/norte-do-espirito-santo/imoveis/apartamento-2-quartos-itapoa-1508540759,vila-velha,itapua,1,70.0,2,2,1,1,1,1,0,1,0,2800.0,0
1508524469,https://es.olx.com.br/norte-do-espirito-santo/imoveis/aluga-se-casas-1508524469,serra,cascata,0,50.0,2,1,0,0,0,0,0,0,0,800.0,0
1510583113,https://es.olx.com.br/norte-do-espirito-santo/imoveis/imovel-para-aluguel-tem-32-metros-quadrados-com-1-quarto-em-jardim-camburi-vitoria-es-1510583113,vitoria,jardim-camburi,1,32.0,1,1,1,1,0,0,0,0,1,2500.0,0
1500562635,https://es.olx.com.br/norte-do-espirito-santo/imoveis/kitnet-loft-mobiliado-ar-condicionado-opcao-com-garagem-vila-velha-1500562635,vila-velha,vale-encantado,1,30.0,1,1,1,0,0,0,0,0,1,1850.0,0
1508471602,https://es.olx.com.br/norte-do-espirito-santo/imoveis/locacao-apartamento-2-quartos-planalto-de-carapina-serra-1508471602,serra,planalto-de-carapina,1,54.0,2,2,1,1,0,1,1,0,0,1850.0,0
1508467642,https://es.olx.com.br/norte-do-espirito-santo/imoveis/locacao-apartamento-2-quartos-praia-de-itaparica-vila-velha-1508467642,vila-velha,praia-de-itaparica,1,62.0,2,2,1,1,0,1,1,1,1,3500.0,0
1508462329,https://es.olx.com.br/norte-do-espirito-santo/imoveis/apartamento-com-3-dormitorios-para-alugar-98-m-por-r-4-900-00-mes-praia-do-morro-gu-1508462329,guarapari,praia-do-morro,1,98.0,3,2,1,1,0,1,0,1,1,4900.0,0
1508461078,https://es.olx.com.br/norte-do-espirito-santo/imoveis/locacao-apartamento-3-quartos-jardim-da-penha-vitoria-1508461078,vitoria,jardim-da-penha,1,76.0,3,2,1,0,0,0,0,0,0,2800.0,0
1508454144,https://es.olx.com.br/norte-do-espirito-santo/imoveis/apartamento-com-2-dormitorios-para-alugar-65-m-por-r-4-949-75-mes-praia-de-itaparica-1508454144,vila-velha,praia-de-itaparica,1,65.0,2,2,1,1,1,1,1,0,0,4200.0,0
1508438184,https://es.olx.com.br/norte-do-espirito-santo/imoveis/excelente-3q-sol-da-manha-1508438184,serra,morada-de-laranjeiras,1,80.0,3,2,1,1,1,1,0,1,1,3500.0,0
1508408746,https://es.olx.com.br/norte-do-espirito-santo/imoveis/direto-com-o-proprietario-1508408746,vila-velha,praia-da-costa,1,65.0,2,1,1,1,1,1,0,1,1,4800.0,0
1508396768,https://es.olx.com.br/norte-do-espirito-santo/imoveis/apartamento-jardim-da-penha-2-quartos-1508396768,vitoria,jardim-da-penha,1,90.0,2,2,1,0,0,0,0,0,0,2500.0,0
1508364770,https://es.olx.com.br/norte-do-espirito-santo/imoveis/aluga-se-kitnet-mobiliada-1508364770,serra,de-fatima,1,30.0,1,1,0,0,0,0,0,0,1,1180.0,0
1508351979,https://es.olx.com.br/norte-do-espirito-santo/imoveis/apto-2-andar-1508351979,vila-velha,praia-de-itaparica,1,78.0,2,2,1,1,1,1,1,1,1,3000.0,0
1508349619,https://es.olx.com.br/norte-do-espirito-santo/imoveis/kitnet-para-alugar-1508349619,vila-velha,ataide,0,30.0,1,1,0,0,0,0,0,1,0,980.0,0
1508331716,https://es.olx.com.br/norte-do-espirito-santo/imoveis/casa-em-ataide-3-quartos-1508331716,vila-velha,ataide,0,90.0,3,2,0,0,0,0,0,0,0,1300.0,0
1508281186,https://es.olx.com.br/norte-do-espirito-santo/imoveis/apartamento-2-dormitorios-em-sao-diogo-ii-serra-para-alugar-1508281186,serra,sao-diogo-ii,1,50.0,2,1,0,0,0,0,0,0,0,1600.0,0
1508281135,https://es.olx.com.br/norte-do-espirito-santo/imoveis/apartamento-2-dormitorios-em-morada-de-laranjeiras-para-alugar-1508281135,serra,civit-ii,1,50.0,2,1,0,0,0,0,0,0,0,2200.0,0
1508281118,https://es.olx.com.br/norte-do-espirito-santo/imoveis/apartamento-02-quartos-em-taquara-em-frente-ao-serra-park-serra-1508281118,serra,taquara-ii,1,48.0,2,1,1,0,0,0,0,0,0,1800.0,0
1508267407,https://es.olx.com.br/norte-do-espirito-santo/imoveis/apartamento-4-quartos-120-m-ed-ferrara-bento-ferreira-vitoria-es-1508267407,vitoria,bento-ferreira,1,120.0,4,2,1,1,0,0,0,0,0,4500.0,0
1508247334,https://es.olx.com.br/norte-do-espirito-santo/imoveis/aluguel-de-apartamento-em-porto-canoa-2-quartos-1508247334,serra,porto-canoa,1,46.0,2,1,1,1,1,1,1,0,0,2000.0,0
1508233690,https://es.olx.com.br/norte-do-espirito-santo/imoveis/2-qtos-praia-canto-70-m2-split-var-02-vgs-sol-manha-lazer-total-prox-centro-praia-1508233690,vitoria,santa-lucia,1,70.0,2,2,1,0,0,0,0,0,0,4700.0,0
1508208933,https://es.olx.com.br/norte-do-espirito-santo/imoveis/kitinete-mobiliada-para-moca-solteira-1508208933,vitoria,jardim-camburi,1,20.0,1,1,0,0,0,0,0,0,1,1400.0,0
1508215168,https://es.olx.com.br/norte-do-espirito-santo/imoveis/venda-ou-aluguel-cobertura-4-quartos-no-condominio-caiobas-1508215168,serra,santa-luzia,1,238.0,4,5,3,1,0,1,0,1,0,7500.0,0
1508175524,https://es.olx.com.br/norte-do-espirito-santo/imoveis/indisponivel-ja-alugada-1508175524,vitoria,conquista,0,65.0,2,1,0,0,0,0,0,1,0,1050.0,0
1508169905,https://es.olx.com.br/norte-do-espirito-santo/imoveis/imovel-para-aluguel-possui-70-metros-quadrados-com-3-quartos-em-jardim-da-penha-vitoria-1508169905,vitoria,jardim-da-penha,1,70.0,3,1,1,0,0,0,0,0,0,2700.0,0
1508162985,https://es.olx.com.br/norte-do-espirito-santo/imoveis/casa-em-ponta-da-fruta-1508162985,vila-velha,ponta-da-fruta,1,160.0,3,2,2,0,0,0,0,1,0,2000.0,0
1508156343,https://es.olx.com.br/norte-do-espirito-santo/imoveis/studio-semi-mobiliado-na-praia-do-canto-vitoria-es-1508156343,vitoria,praia-do-canto,1,38.0,1,1,1,1,1,0,0,0,1,3000.0,0
1506571520,https://es.olx.com.br/norte-do-espirito-santo/imoveis/casa-em-jardim-camburi-excelente-localizacao-1506571520,vitoria,jardim-camburi,0,120.0,3,2,1,0,0,0,0,0,0,5800.0,0
1508128600,https://es.olx.com.br/norte-do-espirito-santo/imoveis/kitnet-mobiliada-perto-do-perim-lindemberg-1508128600,vila-velha,aribiri,1,20.0,1,1,0,0,0,0,0,0,1,1420.0,0
1508116280,https://es.olx.com.br/norte-do-espirito-santo/imoveis/lindo-apartamento-no-melhor-bairro-da-serra-1508116280,serra,morada-de-laranjeiras,1,73.0,3,2,1,1,1,1,0,1,1,3400.0,0
1508113356,https://es.olx.com.br/norte-do-espirito-santo/imoveis/preciso-de-uma-kitnet-imobiliada-1508113356,vitoria,jardim-camburi,1,30.0,1,1,0,0,0,0,0,0,0,1500.0,1
1508095313,https://es.olx.com.br/norte-do-espirito-santo/imoveis/imovel-para-aluguel-com-110-metros-quadrados-com-3-quartos-em-centro-vitoria-es-1508095313,vitoria,centro,1,110.0,3,2,0,1,1,0,0,0,1,2500.0,0
1508085849,https://es.olx.com.br/norte-do-espirito-santo/imoveis/aluguel-3-quartos-114m--praia-do-canto-r-6-515-00-taxas-ref-r-019-1508085849,vitoria,praia-do-canto,1,114.0,3,3,2,1,0,0,1,0,0,6515.0,0
1508074431,https://es.olx.com.br/norte-do-espirito-santo/imoveis/apartamento-com-2-dormitorios-para-alugar-48-m-balneario-de-carapebus-serra-es-1508074431,serra,balneario-de-carapebus,1,48.0,2,1,1,1,1,1,0,0,0,1500.0,0
1472677333,https://es.olx.com.br/norte-do-espirito-santo/imoveis/casa-com-3-dormitorios-124-m-venda-ou-aluguel-sao-diogo-i-serra-es-1472677333,serra,sao-diogo-i,0,124.0,3,2,2,0,0,0,0,1,0,5000.0,0
1508066241,https://es.olx.com.br/norte-do-espirito-santo/imoveis/preciso-kitnet-semi-mobiliada-em-guarapari-1508066241,cariacica,padre-gabriel,1,30.0,1,1,0,0,0,0,0,0,1,700.0,0
1508060516,https://es.olx.com.br/norte-do-espirito-santo/imoveis/alugo-apartamento-mobiliado-anual-centro-de-guarapari-1508060516,guarapari,centro,1,80.0,2,2,1,1,1,0,0,1,1,3500.0,0
1507977563,https://es.olx.com.br/norte-do-espirito-santo/imoveis/cobertura-duplex-toda-mobiliada-150m2-01-vg-churrasqueira-100m-praia-camburi-1507977563,vitoria,jardim-da-penha,1,150.0,3,3,1,0,0,0,0,0,1,6500.0,0
1507975658,https://es.olx.com.br/norte-do-espirito-santo/imoveis/aluga-se-kitnet-1507975658,viana,nova-bethania,0,30.0,1,1,0,0,0,0,0,0,0,700.0,1
1507961141,https://es.olx.com.br/norte-do-espirito-santo/imoveis/loft-mobiliado-jardim-camburi-1507961141,vitoria,jardim-camburi,1,25.0,1,1,0,0,0,0,0,0,1,2800.0,0
1510003801,https://es.olx.com.br/norte-do-espirito-santo/imoveis/imovel-para-aluguel-com-59-metros-quadrados-com-2-quartos-em-jockey-de-itaparica-vila-ve-1510003801,vila-velha,jockey-de-itaparica,1,59.0,2,2,1,1,0,1,1,0,0,3200.0,0
1507894238,https://es.olx.com.br/norte-do-espirito-santo/imoveis/alugo-mobiliado-vista-mar-na-praia-de-beverly-hills-itapua-1507894238,vila-velha,itapua,1,85.0,3,2,1,1,1,1,0,1,1,5000.0,0
1482907763,https://es.olx.com.br/norte-do-espirito-santo/imoveis/alugo-apartamento-2-quartos-praia-do-canto-1482907763,vitoria,praia-do-canto,1,66.0,2,3,1,1,1,1,0,1,0,4100.0,0
1507889282,https://es.olx.com.br/norte-do-espirito-santo/imoveis/alugo-kitnet-1507889282,cariacica,oriente,1,30.0,1,1,0,0,0,0,0,0,1,1100.0,1
1507857466,https://es.olx.com.br/norte-do-espirito-santo/imoveis/aluguel-kitinete-1507857466,vila-velha,gloria,1,20.0,1,1,0,0,0,0,0,0,0,1150.0,0
1504384052,https://es.olx.com.br/norte-do-espirito-santo/imoveis/quarto-e-sala-lindo-e-mobiliado-com-vista-para-o-mar-1504384052,vitoria,praia-do-canto,1,38.0,1,1,1,1,1,1,0,1,1,3000.0,0
1507844038,https://es.olx.com.br/norte-do-espirito-santo/imoveis/alianca-web-aluga-1507844038,vila-velha,praia-da-costa,1,80.0,2,2,1,1,1,1,0,1,0,3650.0,0
1507842638,https://es.olx.com.br/norte-do-espirito-santo/imoveis/valparaiso-da-serra-3-1507842638,serra,valparaiso,1,48.0,2,1,1,0,1,1,0,0,0,1500.0,0
1507837659,https://es.olx.com.br/norte-do-espirito-santo/imoveis/locacao-apartamento-3-quartos-jardim-da-penha-vitoria-1507837659,vitoria,jardim-da-penha,1,76.0,3,2,1,0,0,0,0,0,0,2800.0,0
1507832743,https://es.olx.com.br/norte-do-espirito-santo/imoveis/apartamento-em-praia-do-sua-vitoria-1507832743,vitoria,praia-do-sua,1,70.0,2,2,1,0,0,0,0,0,0,3300.0,0
1507826233,https://es.olx.com.br/norte-do-espirito-santo/imoveis/apartamento-mobiliado-para-locacao-praia-da-costa-vila-velha-es-1507826233,vila-velha,praia-da-costa,1,80.0,2,2,1,1,0,0,0,0,0,4500.0,0
1507823639,https://es.olx.com.br/norte-do-espirito-santo/imoveis/casa-em-condominio-residencial-locacao-em-guarapari-bairro-lameirao-8-quartos-5-suite-1507823639,guarapari,lameirao,0,476.0,5,5,5,0,0,1,0,1,0,6900.0,0
1507816979,https://es.olx.com.br/norte-do-espirito-santo/imoveis/aluguel-apartamento-com-2-quartos-60m-por-r-2-600-mes-praia-de-itaparica-vila-velha-1507816979,vila-velha,praia-das-gaivotas,1,60.0,2,2,1,1,1,1,0,1,0,2600.0,0
1507804222,https://es.olx.com.br/norte-do-espirito-santo/imoveis/apartamento-de-3-quartos-3-banheiros-2-suites-2-vagas-aproximadamente-120m-para-locac-1507804222,vitoria,jardim-da-penha,1,120.0,3,3,2,1,0,0,0,0,0,4500.0,0
1507798988,https://es.olx.com.br/norte-do-espirito-santo/imoveis/apartamento-com-3-dormitorios-para-alugar-80-m-por-r-3-204-17-mes-praia-das-gaivotas-1507798988,vila-velha,praia-das-gaivotas,1,80.0,3,1,1,1,1,1,0,1,0,2600.0,0
1507794836,https://es.olx.com.br/norte-do-espirito-santo/imoveis/apartamento-com-2-quartos-para-alugar-55-m-praia-da-costa-vila-velha-es-1507794836,vila-velha,praia-da-costa,1,55.0,2,2,1,1,1,1,0,1,0,3500.0,0
1495536789,https://es.olx.com.br/norte-do-espirito-santo/imoveis/3-quartos-mobiliado-na-quadra-do-mar-praia-da-costa-1495536789,vila-velha,praia-da-costa,1,162.0,3,3,2,1,1,1,1,1,1,6000.0,0
1507730800,https://es.olx.com.br/norte-do-espirito-santo/imoveis/imovel-para-aluguel-mobiliado-goiabeiras-jabour-1-quarto-proximo-faculdades-vitori-1507730800,vitoria,jabour,1,45.0,1,1,0,0,0,0,0,0,0,2400.0,0
1507725553,https://es.olx.com.br/norte-do-espirito-santo/imoveis/imovel-para-aluguel-possui-43-metros-quadrados-com-1-quarto-em-praia-da-costa-vila-velha-1507725553,vila-velha,praia-da-costa,1,43.0,1,1,4,1,1,1,0,0,1,3300.0,0
1507725552,https://es.olx.com.br/norte-do-espirito-santo/imoveis/imovel-para-aluguel-possui-45-metros-quadrados-com-1-quarto-em-praia-da-costa-vila-velha-1507725552,vila-velha,praia-da-costa,1,45.0,1,1,1,0,1,1,0,0,1,3900.0,0
1507720941,https://es.olx.com.br/norte-do-espirito-santo/imoveis/aluga-apto-1-quarto-1507720941,vitoria,itarare,1,50.0,1,1,0,0,0,0,0,0,0,1180.0,0
1507707262,https://es.olx.com.br/norte-do-espirito-santo/imoveis/aluga-esta-casa-anual-de-dois-quartos-sendo-uma-suite-1507707262,guarapari,fatima-cidade-jardim,0,99.0,2,2,1,0,0,0,0,0,0,2300.0,0
1507692586,https://es.olx.com.br/norte-do-espirito-santo/imoveis/imovel-para-aluguel-e-venda-possui-110-metros-quadrados-com-3-quartos-1507692586,guarapari,nova-guarapari,1,110.0,3,2,2,1,1,1,0,1,1,4500.0,0
1507692462,https://es.olx.com.br/norte-do-espirito-santo/imoveis/apartamento-residencial-para-locacao-na-praia-do-morro-guarapari-1507692462,guarapari,praia-do-morro,1,90.0,3,2,1,0,0,0,0,0,0,2500.0,0
1507644558,https://es.olx.com.br/norte-do-espirito-santo/imoveis/casa-para-locacao-em-fundao-es-no-bairro-praia-grande-1507644558,fundao,praia-grande,0,220.0,3,1,3,0,0,0,0,0,0,2400.0,0
1507636473,https://es.olx.com.br/norte-do-espirito-santo/imoveis/imovel-para-aluguel-possui-70-metros-quadrados-com-2-quartos-em-praia-da-costa-vila-velh-1507636473,vila-velha,praia-da-costa,1,70.0,2,2,1,1,1,1,0,0,0,3250.0,0
1507635709,https://es.olx.com.br/norte-do-espirito-santo/imoveis/apartamento-para-locacao-colina-de-laranjeiras-serra-es-1507635709,serra,colina-de-laranjeiras,1,55.0,2,1,0,0,0,0,0,0,0,2300.0,0
1507634309,https://es.olx.com.br/norte-do-espirito-santo/imoveis/apartamento-com-3-dormitorios-para-alugar-127-m-por-r-5-693-00-mes-jardim-da-penha-1507634309,vitoria,jardim-da-penha,1,127.0,3,3,1,0,0,0,0,1,1,4800.0,0
1507634067,https://es.olx.com.br/norte-do-espirito-santo/imoveis/aluguel-de-apartamento-de-3-quartos-na-enseada-do-sua-vitoria-es-100m-1-suite-3-banhe-1507634067,vitoria,enseada-do-sua,1,100.0,3,3,3,1,0,1,0,0,0,5500.0,0
1507628831,https://es.olx.com.br/norte-do-espirito-santo/imoveis/locacao-apartamento-4-quartos-praia-de-itaparica-vila-velha-1507628831,vila-velha,praia-de-itaparica,1,204.0,4,3,2,1,0,1,1,1,1,7500.0,0
1442195169,https://es.olx.com.br/norte-do-espirito-santo/imoveis/apartamento-na-enseada-do-sua-3-quartos-pronto-para-morar-1442195169,vitoria,enseada-do-sua,1,100.0,3,2,2,1,1,1,1,1,1,5700.0,0
1507618828,https://es.olx.com.br/norte-do-espirito-santo/imoveis/apartamento-para-locacao-na-praia-do-canto-conforto-localizacao-e-praticidade-1507618828,vitoria,praia-do-canto,1,70.0,2,3,1,1,1,1,0,1,0,3200.0,0
1507613156,https://es.olx.com.br/norte-do-espirito-santo/imoveis/apartamento-para-alugar-com-75m-na-praia-de-itapua-vila-velha-1507613156,vila-velha,itapua,1,75.0,2,2,1,0,0,0,0,0,0,3500.0,0
1507614804,https://es.olx.com.br/norte-do-espirito-santo/imoveis/alto-padrao-para-locacao-jockey-de-itaparica-1507614804,vila-velha,jockey-de-itaparica,1,58.0,2,1,1,1,0,1,1,0,1,3800.0,0
1507611898,https://es.olx.com.br/norte-do-espirito-santo/imoveis/apartamento-com-3-dormitorios-para-alugar-115-m-por-r-8-118-63-mes-praia-do-canto-v-1507611898,vitoria,praia-do-canto,1,115.0,3,3,2,1,0,1,0,1,0,6900.0,0
1507605727,https://es.olx.com.br/norte-do-espirito-santo/imoveis/apartamento-com-2-dormitorios-para-alugar-62-m-por-r-6-282-52-mes-praia-do-canto-vi-1507605727,vitoria,praia-do-canto,1,63.0,2,2,2,1,0,1,0,0,1,5500.0,0
1507604566,https://es.olx.com.br/norte-do-espirito-santo/imoveis/alugue-apartamento-4-quartos-na-praia-de-itaparica-vila-velha-1507604566,vila-velha,praia-de-itaparica,1,100.0,4,3,2,1,1,1,0,1,0,3900.0,0
1507599377,https://es.olx.com.br/norte-do-espirito-santo/imoveis/more-em-um-dos-enderecos-mais-desejados-de-vitoria-apartamento-de-2-quartos-em-edificio-d-1507599377,vitoria,jardim-da-penha,1,70.0,2,3,1,1,0,0,0,1,0,3900.0,0
1507594717,https://es.olx.com.br/norte-do-espirito-santo/imoveis/locacao-apartamento-1-quarto-praia-de-itaparica-vila-velha-1507594717,vila-velha,praia-de-itaparica,1,40.0,1,1,0,0,0,0,0,0,0,1200.0,0
1507618656,https://es.olx.com.br/norte-do-espirito-santo/imoveis/aluguel-1507618656,vitoria,santa-lucia,1,73000.0,2,2,1,1,1,1,1,1,1,4200.0,0
1507589452,https://es.olx.com.br/norte-do-espirito-santo/imoveis/apartamento-com-3-dormitorios-para-alugar-120-m-por-r-5-713-00-mes-praia-da-costa-v-1507589452,vila-velha,praia-da-costa,1,120.0,3,3,1,1,0,0,0,0,1,4500.0,0
1507582941,https://es.olx.com.br/norte-do-espirito-santo/imoveis/casa-sobrado-para-locacao-em-consolacao-vitoria-198m-1507582941,vitoria,consolacao,0,198.0,3,1,0,0,0,0,0,1,0,3200.0,0
1507576675,https://es.olx.com.br/norte-do-espirito-santo/imoveis/apartamento-2-quartos-com-lazer-completo-em-colina-de-laranjeiras-sol-da-manha-1507576675,serra,colina-de-laranjeiras,1,48.0,2,1,1,0,0,0,0,0,0,2300.0,0
1473041664,https://es.olx.com.br/norte-do-espirito-santo/imoveis/2-quartos-com-suite-em-valparaiso-locacao-quattro-residencial-1473041664,serra,valparaiso,1,52.0,2,2,1,1,1,1,1,1,0,2200.0,0
1507541418,https://es.olx.com.br/norte-do-espirito-santo/imoveis/apartamento-3-quartos-suite-vista-mar-semi-mobiliado-enseada-de-manguinhos-1507541418,serra,ourimar,1,79.0,3,2,1,1,1,1,1,1,0,2900.0,0
1507526906,https://es.olx.com.br/norte-do-espirito-santo/imoveis/aluga-se-somente-vaga-de-garagem-em-bela-aurora-cariacica-1507526906,cariacica,bela-aurora,0,30.0,0,0,1,0,0,0,0,0,0,250.0,0
1507487356,https://es.olx.com.br/norte-do-espirito-santo/imoveis/procurando-alguem-para-administrar-seus-imoveis-de-alugueis-1507487356,vila-velha,praia-de-itaparica,1,70.0,2,2,2,1,1,1,1,1,1,3000.0,0
1507479221,https://es.olx.com.br/norte-do-espirito-santo/imoveis/alugo-casa-individual-1507479221,serra,praia-de-carapebus,0,88.0,3,1,4,0,0,0,0,1,0,1750.0,0
1329679934,https://es.olx.com.br/norte-do-espirito-santo/imoveis/aluguel-anual-meaipe-1329679934,guarapari,meaipe,1,40.0,1,1,0,0,0,0,0,1,1,1200.0,0
1507467326,https://es.olx.com.br/norte-do-espirito-santo/imoveis/alugo-ap-2q-novo-jardim-limoeiro-1507467326,serra,jardim-limoeiro,1,47.0,2,1,1,1,1,1,1,0,0,1400.0,0
1507460845,https://es.olx.com.br/norte-do-espirito-santo/imoveis/alugo-apartamento-1507460845,vila-velha,riviera-da-barra,1,1.0,2,1,0,0,0,0,0,0,0,1400.0,0
1507458976,https://es.olx.com.br/norte-do-espirito-santo/imoveis/apto-2-quartos-1-banheiro-elevador-1507458976,vitoria,jardim-camburi,1,60.0,2,1,1,1,1,1,0,0,0,2300.0,0
1507445384,https://es.olx.com.br/norte-do-espirito-santo/imoveis/alugo-predio-com-3-casas-para-empresa-1507445384,serra,helio-ferraz,0,350.0,5,5,2,0,0,0,0,1,0,15500.0,0
1507421388,https://es.olx.com.br/norte-do-espirito-santo/imoveis/4-suites-na-praia-da-costa-com-vista-mar-320-metros-1507421388,vila-velha,praia-da-costa,1,320.0,4,5,2,1,1,1,0,0,0,5900.0,0
1507401646,https://es.olx.com.br/norte-do-espirito-santo/imoveis/alugo-apartamento-1507401646,cariacica,campo-grande,1,70.0,2,1,0,0,0,0,0,0,0,2000.0,1
1507398592,https://es.olx.com.br/norte-do-espirito-santo/imoveis/casa-nova-1507398592,vila-velha,sao-torquato,0,75.0,2,1,0,0,0,0,0,1,0,1620.0,0
1507391516,https://es.olx.com.br/norte-do-espirito-santo/imoveis/aluguel-loft-vitoria-es-1507391516,vitoria,bento-ferreira,1,30.0,1,1,0,0,0,0,0,0,1,2100.0,0
1507357172,https://es.olx.com.br/norte-do-espirito-santo/imoveis/casa-pra-alugar-em-novo-horizonte-cariacica-1507357172,cariacica,cariacica-sede,1,60.0,2,1,1,0,0,0,0,0,0,850.0,0
1507357296,https://es.olx.com.br/norte-do-espirito-santo/imoveis/locacao-de-kitnets-mobiliadas-em-itaciba-cariacica-1507357296,cariacica,itaciba,1,30.0,1,1,0,0,0,0,0,0,1,900.0,1
1507346902,https://es.olx.com.br/norte-do-espirito-santo/imoveis/kitnet-vila-velha-lindas-1507346902,vila-velha,sao-conrado,1,26.0,1,1,1,0,0,0,0,0,1,1200.0,0
1507344211,https://es.olx.com.br/norte-do-espirito-santo/imoveis/ap-totalmente-mobiliado-02-dormitorios-proximo-a-praia-de-manguinhos-1507344211,serra,praia-da-baleia,1,55.0,2,1,1,0,1,1,0,1,1,2500.0,0
1507332533,https://es.olx.com.br/norte-do-espirito-santo/imoveis/aluga-se-apartamento-novo-mobiliado-excelente-localizacao-1507332533,vila-velha,praia-da-costa,1,80.0,2,2,1,0,1,0,0,0,1,3600.0,0
1507319862,https://es.olx.com.br/norte-do-espirito-santo/imoveis/casa-duplex-em-condominio-para-locacao-em-balneario-de-carapebus-1507319862,serra,balneario-de-carapebus,0,70.0,2,1,1,0,0,1,0,0,0,2200.0,0
1507309144,https://es.olx.com.br/norte-do-espirito-santo/imoveis/apartamento-de-alto-padrao-frente-mar-praia-de-itaparica-vila-velha-es-1507309144,vila-velha,praia-de-itaparica,1,277.0,4,4,2,1,1,1,1,0,0,10500.0,0
1487340702,https://es.olx.com.br/norte-do-espirito-santo/imoveis/kitnet-mobiliada-em-itapoa-contato-exclusivamente-via-msg-no-whatsapp-1487340702,vila-velha,praia-de-itaparica,1,30.0,1,1,1,0,0,0,0,1,1,1400.0,0
1507293031,https://es.olx.com.br/norte-do-espirito-santo/imoveis/alianca-web-aluga-1507293031,vila-velha,praia-da-costa,1,60.0,2,1,1,0,0,0,0,0,0,1950.0,0
1507292685,https://es.olx.com.br/norte-do-espirito-santo/imoveis/aluguel-2-quartos-itapua-vila-velha-es-1507292685,vila-velha,itapua,1,60.0,2,1,1,0,1,1,0,0,0,2800.0,0
1507291208,https://es.olx.com.br/norte-do-espirito-santo/imoveis/apartamento-mobiliado-1507291208,vitoria,jardim-da-penha,1,60.0,2,2,1,0,0,0,0,1,1,3000.0,0
1507289622,https://es.olx.com.br/norte-do-espirito-santo/imoveis/casa-barra-do-jucu-1507289622,vila-velha,barra-do-jucu,0,340.0,3,1,3,0,0,0,0,0,0,2600.0,0
1507277311,https://es.olx.com.br/norte-do-espirito-santo/imoveis/casa-para-aluguel-4-quartos-3-suites-4-vagas-barra-do-jucu-vila-velha-es-1507277311,vila-velha,barra-do-jucu,0,324.0,4,5,4,0,0,0,0,1,0,4500.0,0
1507277277,https://es.olx.com.br/norte-do-espirito-santo/imoveis/apartamento-para-aluguel-4-quartos-1-suite-2-vagas-praia-de-itaparica-vila-velha-es-1507277277,vila-velha,praia-de-itaparica,1,100.0,4,3,2,0,1,1,0,1,0,5000.0,0
1507274707,https://es.olx.com.br/norte-do-espirito-santo/imoveis/disponivel-meados-de-junho-praia-de-itapoa-2-quartos-porteira-fechada-1507274707,vila-velha,itapua,1,78.0,2,2,1,0,1,1,0,0,1,3800.0,0
1507271414,https://es.olx.com.br/norte-do-espirito-santo/imoveis/vista-oceanica-de-itaparica-4-quartos-dependencia-140m-lindo-1507271414,vila-velha,darly-santos,1,148.0,4,3,3,1,1,1,1,0,1,9000.0,0
1507268980,https://es.olx.com.br/norte-do-espirito-santo/imoveis/frente-mar-2-quartos-totalmente-mobiliado-em-itapoa-3-vagas-1507268980,vila-velha,itapua,1,55.0,2,1,3,0,1,1,0,0,1,6300.0,0
1507268530,https://es.olx.com.br/norte-do-espirito-santo/imoveis/2-quartos-com-suite-conforto-e-otima-localizacao-1507268530,vila-velha,centro-de-vila-velha,1,69.0,2,1,1,1,0,1,0,1,0,3000.0,0
1507267848,https://es.olx.com.br/norte-do-espirito-santo/imoveis/orla-de-itapoa-2-quartos-montado-1-vaga-1507267848,vila-velha,itapua,1,58.0,4,1,1,1,0,1,0,0,1,5500.0,0
1507262206,https://es.olx.com.br/norte-do-espirito-santo/imoveis/apartamento-com-2-dormitorios-para-alugar-64-m-por-r-3-850-00-mes-praia-de-itapoa-v-1507262206,vila-velha,itapua,1,64.0,2,2,1,0,0,1,0,1,0,3300.0,0
1507262152,https://es.olx.com.br/norte-do-espirito-santo/imoveis/apartamento-com-3-dormitorios-para-alugar-130-m-por-r-4-800-00-mes-praia-da-costa-v-1507262152,vila-velha,praia-da-costa,1,130.0,3,3,1,0,0,0,0,0,1,3800.0,0
1507260386,https://es.olx.com.br/norte-do-espirito-santo/imoveis/apartamento-2-dormitorios-para-locacao-em-vila-velha-es-1507260386,vila-velha,praia-da-costa,1,63.0,2,2,1,1,1,1,1,0,0,3150.0,0
1507259655,https://es.olx.com.br/norte-do-espirito-santo/imoveis/apartamento-2-dormitorios-para-locacao-em-vila-velha-es-1507259655,vila-velha,itapua,1,76.0,2,2,1,1,1,1,1,0,0,3250.0,0
1507259647,https://es.olx.com.br/norte-do-espirito-santo/imoveis/apartamento-3-dormitorios-para-locacao-em-vila-velha-es-1507259647,vila-velha,praia-da-costa,1,126.0,3,2,2,1,1,1,0,0,0,4800.0,0
1507243957,https://es.olx.com.br/norte-do-espirito-santo/imoveis/apartamento-para-locacao-na-praia-do-morro-guarapari-es-3-quartos-1-suite-1-sala-2-ban-1507243957,guarapari,praia-do-morro,1,100.0,3,2,1,1,0,0,0,0,0,3200.0,0
1507229489,https://es.olx.com.br/norte-do-espirito-santo/imoveis/apto-para-alugar-com-3-quartos-com-suite-mobiliado-no-cond-lavita-em-jardim-camburi-vit-1507229489,vitoria,jardim-camburi,1,75.0,3,1,1,0,0,0,0,0,0,4500.0,0
1507228637,https://es.olx.com.br/norte-do-espirito-santo/imoveis/alugo-em-laranjeiras-prox-morada-de-laranjeiras-1507228637,serra,morada-de-laranjeiras,1,78.0,3,2,2,1,1,1,1,1,0,2400.0,0
1507229107,https://es.olx.com.br/norte-do-espirito-santo/imoveis/apartamento-2-quartos-90-m-ed-alvany-alvarenga-itapua-vila-velha-es-1507229107,vila-velha,itapua,1,90.0,2,1,1,0,0,0,0,0,0,6000.0,0
1507224432,https://es.olx.com.br/norte-do-espirito-santo/imoveis/disponivel-leia-com-atencao-1507224432,vitoria,resistencia,1,50.0,2,1,0,0,0,0,0,1,0,1500.0,0
1507220237,https://es.olx.com.br/norte-do-espirito-santo/imoveis/apartamento-com-3-quartos-para-alugar-90-m-itapua-vila-velha-es-1507220237,vila-velha,itapua,1,90.0,3,2,2,0,0,1,0,1,0,4500.0,0
1507219314,https://es.olx.com.br/norte-do-espirito-santo/imoveis/apartamento-com-4-quartos-245-m-venda-ou-aluguel-praia-da-costa-vila-velha-es-1507219314,vila-velha,praia-da-costa,1,245.0,4,4,2,1,0,1,0,1,0,6000.0,0
1008292016,https://es.olx.com.br/norte-do-espirito-santo/imoveis/aluguel-de-kitinet-em-cobilandia-vila-velha-1008292016,vila-velha,cobilandia,1,0.0,1,1,0,0,0,0,0,1,1,1200.0,0
1449224542,https://es.olx.com.br/norte-do-espirito-santo/imoveis/kitinete-totalmente-mobiliada-1449224542,vila-velha,aribiri,1,30.0,1,1,0,0,0,0,0,0,1,1500.0,0
1507108688,https://es.olx.com.br/norte-do-espirito-santo/imoveis/excelente-2-quartos-com-suite-jacaraipe-1507108688,serra,sao-diogo-ii,1,52.0,2,2,1,1,1,1,0,1,0,1899.0,0
1507103591,https://es.olx.com.br/norte-do-espirito-santo/imoveis/lancamento-de-3-quartos-com-1-suite-na-praia-da-costa-cod-30600-f-1507103591,vila-velha,praia-da-costa,1,77.0,2,2,1,0,0,0,0,0,0,955049.0,0
1509149785,https://es.olx.com.br/norte-do-espirito-santo/imoveis/frente-mar-na-orla-mobiliado-e-pronto-para-morar-1509149785,vila-velha,itapua,1,60.0,2,1,3,1,1,1,0,0,1,6300.0,0
1507094691,https://es.olx.com.br/norte-do-espirito-santo/imoveis/alugo-kitnet-em-campo-grande-valor-900-00-1507094691,cariacica,campo-grande,1,30.0,1,1,0,0,0,0,0,0,0,900.0,0
1507093316,https://es.olx.com.br/norte-do-espirito-santo/imoveis/alugo-ou-vendo-ap-condominio-parque-cabral-ler-condicoes-1507093316,serra,colina-de-laranjeiras,1,47.0,2,1,1,0,1,1,1,0,1,1900.0,0
1490174536,https://es.olx.com.br/norte-do-espirito-santo/imoveis/casa-locacao-anual-1490174536,guarapari,praia-do-morro,0,360.0,4,4,2,0,0,1,0,0,0,7800.0,0
1507086711,https://es.olx.com.br/norte-do-espirito-santo/imoveis/apartamento-para-alugar-em-morada-de-laranjeiras-1507086711,serra,morada-de-laranjeiras,1,40.0,2,1,1,0,1,0,0,0,0,1550.0,0
1507077581,https://es.olx.com.br/norte-do-espirito-santo/imoveis/aluga-se-apartamento-de-2-quartos-em-santa-lucia-com-lazer-completo-1507077581,vitoria,santa-lucia,1,69.0,2,2,1,1,1,1,1,1,0,4700.0,0
1507016710,https://es.olx.com.br/norte-do-espirito-santo/imoveis/apartamento-em-santa-martha-2-quartos-1507016710,vitoria,santa-martha,1,65.0,2,1,1,0,0,0,0,0,0,1800.0,0
1507012806,https://es.olx.com.br/norte-do-espirito-santo/imoveis/02-qtos-sol-da-manha-com-armarios-proximo-a-quitanda-jardim-camburi-1507012806,vitoria,jardim-camburi,1,48.0,2,1,1,1,0,1,0,1,0,2650.0,0
1506994604,https://es.olx.com.br/norte-do-espirito-santo/imoveis/apartamento-01qt-c-agua-e-luz-inclusos-ler-a-descricao-1506994604,vila-velha,vila-garrido,1,35.0,1,1,0,0,0,0,0,0,0,1000.0,0
1506983601,https://es.olx.com.br/norte-do-espirito-santo/imoveis/alugo-2-quartos-novissimo-e-com-armarios-1506983601,vila-velha,jockey-de-itaparica,1,60.0,2,2,1,1,1,1,1,1,0,2500.0,0
1506982478,https://es.olx.com.br/norte-do-espirito-santo/imoveis/alugo-apto-mobiliado-em-colinas-de-laranjeiras-1506982478,serra,colina-de-laranjeiras,1,42.0,2,1,0,0,0,0,0,0,0,3500.0,1
1506956118,https://es.olx.com.br/norte-do-espirito-santo/imoveis/incrivel-apto-2-quartos-mobiliado-sta-cecilia-vitoria-1506956118,vitoria,santa-cecilia,1,70.0,2,1,0,0,0,0,0,0,1,2600.0,0
1404031143,https://es.olx.com.br/norte-do-espirito-santo/imoveis/alugo-linda-kitnet-foi-alugado-1404031143,cariacica,itaquari,1,30.0,1,1,1,0,0,0,0,0,1,1100.0,0
1506938725,https://es.olx.com.br/norte-do-espirito-santo/imoveis/a-lugo-apartamento-3-quartos-em-itapoa-vila-velha-1506938725,vila-velha,itapua,1,65.0,2,2,2,1,1,1,0,1,0,2800.0,0
1506900681,https://es.olx.com.br/norte-do-espirito-santo/imoveis/apartamento-frente-mar-itaparica-1506900681,vila-velha,praia-de-itaparica,1,65.0,2,2,1,1,1,1,1,1,1,3700.0,0
1506877576,https://es.olx.com.br/norte-do-espirito-santo/imoveis/aluga-se-apto-2-quartos-1-andar-em-coqueiral-de-itaparica-1506877576,vila-velha,coqueiral-de-itaparica,1,47.0,2,1,1,0,1,1,0,0,0,1900.0,0
1506857861,https://es.olx.com.br/norte-do-espirito-santo/imoveis/kitnet-perto-da-praia-centro-de-guarapari-1506857861,guarapari,centro,1,26.0,1,1,0,0,1,1,0,0,1,1250.0,0
1506829697,https://es.olx.com.br/norte-do-espirito-santo/imoveis/casa-de-1-quarto-mobiliado-com-varanda-1506829697,serra,parque-residencial-laranjeiras,0,35.0,1,1,0,0,0,0,0,1,1,1400.0,0
1506812638,https://es.olx.com.br/norte-do-espirito-santo/imoveis/lindo-apto-3-quartos-c-vista-mar-todo-planejado-1506812638,guarapari,muquicaba,1,81.0,3,2,1,1,1,0,0,1,0,3700.0,0
1508718507,https://es.olx.com.br/norte-do-espirito-santo/imoveis/imovel-para-aluguel-com-58-metros-quadrados-com-2-quartos-em-jockey-de-itaparica-vila-ve-1508718507,vila-velha,jockey-de-itaparica,1,58.0,2,1,1,1,0,1,1,0,0,2700.0,0
1506729596,https://es.olx.com.br/norte-do-espirito-santo/imoveis/apartamento-para-aluguel-3-quartos-1-suite-1-vaga-centro-guarapari-es-1506729596,guarapari,centro,1,85.0,3,2,1,1,1,0,0,0,1,400.0,0
1506719015,https://es.olx.com.br/norte-do-espirito-santo/imoveis/apartamento-1506719015,guarapari,camurugi,1,50.0,0,1,0,0,0,1,0,0,0,7900.0,0
1506662325,https://es.olx.com.br/norte-do-espirito-santo/imoveis/aluga-se-casa-duplex-em-morada-de-laranjeiras-1506662325,serra,morada-de-laranjeiras,0,68.0,2,2,2,0,0,1,0,1,1,4200.0,0
1506650848,https://es.olx.com.br/norte-do-espirito-santo/imoveis/alugo-kitnet-modelo-apartamento-1-quarto-com-armario-na-cozinha-banheiro-com-box-chuveiro-1506650848,vila-velha,aribiri,1,70.0,1,1,0,0,0,0,0,0,0,1500.0,0
1506606254,https://es.olx.com.br/norte-do-espirito-santo/imoveis/alugo-kitnets-1506606254,serra,carapina-grande,1,30.0,1,1,0,0,0,0,0,0,0,1100.0,0
1506573849,https://es.olx.com.br/norte-do-espirito-santo/imoveis/ap-em-maria-ortiz-de-2-quartos-e-demais-dependencias-r-1-400-1506573849,vitoria,maria-ortiz,1,60.0,1,1,0,0,0,0,0,1,0,1400.0,0
1504596447,https://es.olx.com.br/norte-do-espirito-santo/imoveis/apartamento-para-alugar-1504596447,vila-velha,praia-de-itaparica,1,175.0,4,4,3,1,1,1,1,1,0,6800.0,0
1506556006,https://es.olx.com.br/norte-do-espirito-santo/imoveis/kit-net-semi-mobiliada-800-reais-1506556006,guarapari,perocao,0,30.0,1,1,0,0,0,0,0,0,1,800.0,0
1506525436,https://es.olx.com.br/norte-do-espirito-santo/imoveis/locacao-apartamento-2-quartos-praia-de-itaparica-vila-velha-1506525436,vila-velha,praia-de-itaparica,1,75.0,2,2,2,1,0,1,0,1,0,3500.0,0
1506488589,https://es.olx.com.br/norte-do-espirito-santo/imoveis/apartamento-4-quartos-para-alugar-no-ed-mar-mediterraneo-frente-mar-180m-1506488589,vila-velha,praia-de-itaparica,1,180.0,4,4,3,1,0,1,0,1,1,7600.0,0
1506487256,https://es.olx.com.br/norte-do-espirito-santo/imoveis/apartamento-4-quartos-para-aluguel-na-praia-da-costa-com-250m-1506487256,vila-velha,praia-da-costa,1,250.0,4,5,2,1,0,1,0,1,0,6990.0,0
1506487244,https://es.olx.com.br/norte-do-espirito-santo/imoveis/excelente-apartamento-de-3-quartos-para-locacao-no-coracao-de-itapua-1506487244,vila-velha,itapua,1,105.0,3,2,1,1,0,0,0,0,0,3200.0,0
1442308362,https://es.olx.com.br/norte-do-espirito-santo/imoveis/apartamento-para-aluguel-anual-na-praia-do-morro-em-guarapari-1442308362,guarapari,praia-do-morro,1,70.0,2,1,1,0,0,1,1,0,0,3700.0,0
1506464344,https://es.olx.com.br/norte-do-espirito-santo/imoveis/apto-top-2-qtos-itapua-v-v-es-1506464344,vila-velha,itapua,1,73.0,2,2,1,1,1,1,0,1,0,2750.0,0
1506436123,https://es.olx.com.br/norte-do-espirito-santo/imoveis/apartamento-para-alugar-em-vila-velha-praia-de-itaparica-com-3-quartos-com-75-m-villa-1506436123,vila-velha,praia-de-itaparica,1,75.0,3,2,2,0,1,1,1,0,0,4900.0,0
1506392203,https://es.olx.com.br/norte-do-espirito-santo/imoveis/alugo-apartamento-02-quartos-bonfim-perto-da-ufes-maruipe-vitoria-es-1506392203,vitoria,bonfim,1,90.0,2,1,0,0,0,0,0,0,0,1500.0,1
1506388786,https://es.olx.com.br/norte-do-espirito-santo/imoveis/apartamento-semi-imobiliado-para-locacao-em-cobilandia-1506388786,vila-velha,cobilandia,1,74.0,3,1,0,0,0,0,0,0,0,2300.0,0
1506374256,https://es.olx.com.br/norte-do-espirito-santo/imoveis/ape-terreo-2-qts-em-colina-de-laranjeiras-serra-es-1506374256,serra,colina-de-laranjeiras,1,50.0,2,1,1,0,1,1,1,0,0,1800.0,0
1477531528,https://es.olx.com.br/norte-do-espirito-santo/imoveis/apartamento-para-aluguel-anual-a-venda-na-praia-do-morro-1477531528,guarapari,praia-do-morro,1,200.0,3,4,2,0,0,0,0,0,0,5000.0,0
1503752659,https://es.olx.com.br/norte-do-espirito-santo/imoveis/alugo-apartamento-anual-na-praia-do-morro-completo-c-ar-condicionado-area-de-lazer-1503752659,guarapari,praia-do-morro,1,105.0,3,2,2,1,1,1,1,1,1,5299.0,0
1506327535,https://es.olx.com.br/norte-do-espirito-santo/imoveis/casa-em-jose-de-anchieta-1506327535,serra,jose-de-anchieta,0,120.0,3,1,0,0,0,0,0,1,0,2500.0,0
1506312202,https://es.olx.com.br/norte-do-espirito-santo/imoveis/apartamento-2-quartos-alto-padrao-praia-do-sua-1506312202,vitoria,praia-do-sua,1,75.0,2,2,1,0,0,1,1,0,0,3300.0,0
1506309610,https://es.olx.com.br/norte-do-espirito-santo/imoveis/viva-laguna-2-q-semi-mobiliado-1506309610,serra,praia-da-baleia,1,48.0,2,1,1,1,0,0,0,0,0,1650.0,0
1506280671,https://es.olx.com.br/norte-do-espirito-santo/imoveis/duplex-para-aluguel-tem-70-metros-quadrados-com-2-quartos-em-de-fatima-serra-es-1506280671,serra,de-fatima,1,70.0,2,2,2,1,0,0,0,0,1,2900.0,0
1506294041,https://es.olx.com.br/norte-do-espirito-santo/imoveis/ed-mar-mediterraneo-2-qtos-c-suite-e-lazer-completo-praia-das-gaivotas-vila-velha-es-1506294041,vila-velha,praia-de-itaparica,1,70.0,2,2,1,1,1,1,1,1,0,2500.0,0
1486874282,https://es.olx.com.br/norte-do-espirito-santo/imoveis/apartamento-dois-quartos-mobiliado-1486874282,serra,morada-de-laranjeiras,1,50.0,2,1,1,0,1,1,0,0,1,1800.0,0
1506277342,https://es.olx.com.br/norte-do-espirito-santo/imoveis/apartamento-para-aluguel-em-praia-de-itaparica-vila-velha-4-quartos-1-suite-1506277342,vila-velha,praia-de-itaparica,1,170.0,4,3,2,1,1,1,0,1,0,7800.0,0
1506249582,https://es.olx.com.br/norte-do-espirito-santo/imoveis/apartamento-com-4-quartos-para-alugar-200-m-vista-para-praia-da-costa-vila-velha-es-1506249582,vila-velha,praia-da-costa,1,200.0,4,3,2,1,1,1,0,0,0,5000.0,0
1506235803,https://es.olx.com.br/norte-do-espirito-santo/imoveis/apartamento-para-locacao-anual-com-vista-mar-1506235803,guarapari,praia-do-morro,1,100.0,3,2,2,1,0,0,0,0,0,5000.0,0
1506234361,https://es.olx.com.br/norte-do-espirito-santo/imoveis/apartamento-para-locacao-anual-no-centro-de-guarapari-1506234361,guarapari,centro,1,65.0,2,2,1,1,0,0,0,0,0,3400.0,0
1506232899,https://es.olx.com.br/norte-do-espirito-santo/imoveis/apartamento-para-locacao-anual-na-praia-do-morro-1506232899,guarapari,praia-do-morro,1,95.0,3,2,1,1,0,0,0,0,0,3500.0,0
1506231879,https://es.olx.com.br/norte-do-espirito-santo/imoveis/apartamento-para-locacao-anual-na-praia-do-morr-1506231879,guarapari,praia-do-morro,1,100.0,3,2,1,1,0,0,0,0,0,3500.0,0
1506228804,https://es.olx.com.br/norte-do-espirito-santo/imoveis/apartamento-com-3-dormitorios-para-alugar-99-m-por-r-7-350-mes-santa-lucia-vitoria-1506228804,vitoria,santa-lucia,1,100.0,3,3,2,1,0,0,0,1,0,6500.0,0
1506228773,https://es.olx.com.br/norte-do-espirito-santo/imoveis/apartamento-com-2-dormitorios-para-alugar-77-m-por-r-5-400-00-mes-santa-lucia-vitor-1506228773,vitoria,santa-lucia,1,78.0,2,2,1,1,0,1,0,1,0,4700.0,0
1506226568,https://es.olx.com.br/norte-do-espirito-santo/imoveis/apartamento-com-3-dormitorios-para-alugar-70-m-por-r-3-970-00-mes-praia-das-gaivotas-1506226568,vila-velha,praia-das-gaivotas,1,70.0,3,2,1,1,1,1,0,1,0,2600.0,0
1506220376,https://es.olx.com.br/norte-do-espirito-santo/imoveis/casa-com-4-quartos-para-alugar-330-m-balneario-ponta-da-fruta-vila-velha-es-1506220376,vila-velha,ponta-da-fruta,0,330.0,4,4,2,0,0,1,0,1,1,6000.0,0
1506219963,https://es.olx.com.br/norte-do-espirito-santo/imoveis/apartamento-com-2-quartos-para-aluguel-68m-1506219963,vila-velha,praia-das-gaivotas,1,68.0,2,2,1,0,1,1,0,0,0,2300.0,0
1506198942,https://es.olx.com.br/norte-do-espirito-santo/imoveis/aluga-se-jazz-residence-03-quartos-com-lazer-club-na-praia-de-itapoa-1506198942,vila-velha,itapua,1,109.0,3,3,2,1,0,1,1,0,0,6500.0,0
1506191291,https://es.olx.com.br/norte-do-espirito-santo/imoveis/apartamento-em-jardim-camburi-1506191291,vitoria,jardim-camburi,1,80.0,2,1,1,1,0,1,0,1,0,2100.0,0
1506137586,https://es.olx.com.br/norte-do-espirito-santo/imoveis/alugo-apartamento-de-4-quartos-na-praia-da-costa-1506137586,vila-velha,praia-da-costa,1,300.0,4,4,2,1,0,0,0,1,0,6000.0,0
1506080539,https://es.olx.com.br/norte-do-espirito-santo/imoveis/seu-novo-lar-prontinho-para-morar-ideal-para-quem-busca-praticidade-e-seguranca-1506080539,serra,morada-de-laranjeiras,1,70.0,2,1,1,0,0,0,0,1,1,3000.0,0
1506088890,https://es.olx.com.br/norte-do-espirito-santo/imoveis/apartamento-de-1-quarto-quarto-e-sala-mobiliado-em-jardim-camburi-vitoria-es-1506088890,vitoria,jardim-camburi,1,40.0,1,1,0,0,0,0,0,0,0,2800.0,0
1506086403,https://es.olx.com.br/norte-do-espirito-santo/imoveis/apartamento-em-morada-de-laranjeiras-serra-1506086403,serra,morada-de-laranjeiras,1,47.0,2,1,1,1,1,1,1,1,0,2600.0,0
1506082232,https://es.olx.com.br/norte-do-espirito-santo/imoveis/pedra-da-cebola-quarto-e-sala-com-elevador-e-vaga-1506082232,vitoria,mata-da-praia,1,45.0,1,1,1,1,0,0,0,0,0,2250.0,0
1506040227,https://es.olx.com.br/norte-do-espirito-santo/imoveis/imovel-para-aluguel-tem-65-metros-quadrados-com-2-quartos-em-sao-francisco-cariacica-e-1506040227,cariacica,sao-francisco,1,65.0,2,2,1,0,0,0,0,0,0,1500.0,0
1506035817,https://es.olx.com.br/norte-do-espirito-santo/imoveis/casa-para-aluguel-possui-100-metros-quadrados-com-3-quartos-em-aribiri-vila-velha-es-1506035817,vila-velha,aribiri,0,150.0,3,2,1,0,0,0,0,0,0,2250.0,0
1506021351,https://es.olx.com.br/norte-do-espirito-santo/imoveis/apartamento-para-locacao-em-itaparica-1506021351,vila-velha,praia-das-gaivotas,1,75.0,3,2,2,1,1,1,1,1,0,3200.0,0
1438503765,https://es.olx.com.br/norte-do-espirito-santo/imoveis/apartamento-2-quartos-em-colina-de-laranjeiras-1438503765,serra,colina-de-laranjeiras,1,48.0,2,1,1,1,1,1,1,1,0,2000.0,0
1506008649,https://es.olx.com.br/norte-do-espirito-santo/imoveis/apartamentos-com-3-quartos-no-ed-itabira-connected-clube-cod-22598-f-1506008649,vila-velha,praia-de-itaparica,1,73.0,3,2,1,0,0,0,0,0,0,1142098.0,0
1505990658,https://es.olx.com.br/norte-do-espirito-santo/imoveis/aluguel-2-quartos-em-itaparica-vila-velha-es-1505990658,vila-velha,praia-de-itaparica,1,64.0,2,2,1,1,0,1,1,0,0,5200.0,0
1505971226,https://es.olx.com.br/norte-do-espirito-santo/imoveis/locacao-casa-chacara-parreiral-serra-1505971226,serra,chacara-parreiral,0,60.0,3,1,3,0,0,0,0,0,0,2500.0,0
1505969513,https://es.olx.com.br/norte-do-espirito-santo/imoveis/aluguel-1505969513,serra,barcelona,0,1111111.0,3,1,0,0,0,0,0,0,0,1800.0,0
1505969276,https://es.olx.com.br/norte-do-espirito-santo/imoveis/apartamento-para-aluguel-3-quartos-3-suites-2-vagas-itapua-vila-velha-es-1505969276,vila-velha,itapua,1,110.0,3,3,2,0,1,1,1,1,0,8000.0,0
1505958029,https://es.olx.com.br/norte-do-espirito-santo/imoveis/apartamento-3-dormitorios-para-locacao-em-vila-velha-es-1505958029,vila-velha,praia-da-costa,1,126.0,3,3,2,1,0,0,0,0,0,4350.0,0
1505950829,https://es.olx.com.br/norte-do-espirito-santo/imoveis/apartamento-de-3-quartos-em-jardim-da-penha-vitoria-1505950829,vitoria,jardim-da-penha,1,97.0,3,2,1,0,0,0,0,0,0,3200.0,0
1505948701,https://es.olx.com.br/norte-do-espirito-santo/imoveis/locacao-apartamento-3-quartos-praia-do-canto-vitoria-1505948701,vitoria,praia-do-canto,1,113.0,3,2,1,1,0,0,0,0,0,3300.0,0
1505948714,https://es.olx.com.br/norte-do-espirito-santo/imoveis/locacao-apartamento-1-quarto-praia-do-canto-vitoria-1505948714,vitoria,praia-do-canto,1,44.0,1,1,1,1,0,0,0,1,0,2200.0,0
1505936226,https://es.olx.com.br/norte-do-espirito-santo/imoveis/locacao-apartamento-3-quartos-jardim-camburi-vitoria-1505936226,vitoria,jardim-camburi,1,140.0,3,3,2,1,0,0,0,1,0,5000.0,0
1505933875,https://es.olx.com.br/norte-do-espirito-santo/imoveis/apartamento-com-3-quartos-a-venda-130-m-praia-de-itaparica-vila-velha-es-1505933875,vila-velha,praia-de-itaparica,1,130.0,3,3,2,1,1,1,0,1,0,4500.0,0
1505886579,https://es.olx.com.br/norte-do-espirito-santo/imoveis/kitnet-novo-porto-canoa-serra-leia-o-anuncio-1505886579,serra,novo-porto-canoa,1,30.0,1,1,0,0,0,0,0,1,0,580.0,1
1505875339,https://es.olx.com.br/norte-do-espirito-santo/imoveis/apartamento-com-4-dormitorios-147-m-venda-por-r-2-400-000-00-ou-aluguel-por-r-11-900-1505875339,vitoria,praia-do-canto,1,147.0,4,4,2,1,0,1,0,1,0,10000.0,0
1505871818,https://es.olx.com.br/norte-do-espirito-santo/imoveis/apartamento-para-alugar-em-vila-velha-itapua-com-3-quartos-com-83-m-edificio-praia-az-1505871818,vila-velha,itapua,1,83.0,3,2,1,1,1,1,0,1,0,3000.0,0
1505840608,https://es.olx.com.br/norte-do-espirito-santo/imoveis/apartamento-para-aluguel-com-3-quartos-em-republica-vitoria-es-1505840608,vitoria,republica,1,130.0,3,2,1,0,0,0,0,0,0,3000.0,0
1505838360,https://es.olx.com.br/norte-do-espirito-santo/imoveis/imovel-para-aluguel-possui-50-metros-quadrados-com-2-quartos-em-praia-das-gaivotas-vila-1505838360,vila-velha,praia-das-gaivotas,1,50.0,2,1,1,0,0,0,0,0,0,2000.0,0
1469200265,https://es.olx.com.br/norte-do-espirito-santo/imoveis/apartamento-a-locacao-em-jardim-limoeiro-serra-es-1469200265,serra,jardim-limoeiro,1,50.0,2,1,1,0,0,1,0,1,0,1600.0,0
1502071728,https://es.olx.com.br/norte-do-espirito-santo/imoveis/apartamento-com-2-dormitorios-para-alugar-41-m-por-r-1-800-00-mes-jardim-li-1502071728,serra,jardim-limoeiro,1,41.0,2,1,1,1,0,1,0,0,0,1800.0,0
1505804912,https://es.olx.com.br/norte-do-espirito-santo/imoveis/imovel-para-aluguel-105-mts-3-quartos-na-praia-do-morro-guarapari-es-1505804912,guarapari,praia-do-morro,1,105.0,3,2,1,1,0,0,0,1,1,3500.0,0
1505782548,https://es.olx.com.br/norte-do-espirito-santo/imoveis/alugo-ap-1qt-1-vaga-condominio-incluso-1505782548,vitoria,jardim-camburi,1,36.0,1,1,1,1,1,1,1,1,0,2400.0,0
1505750683,https://es.olx.com.br/norte-do-espirito-santo/imoveis/apartamento-mobiliado-para-locacao-anual-em-guarapari-es-praia-do-morro-1505750683,guarapari,praia-do-morro,1,70.0,2,2,1,1,1,1,0,1,1,3000.0,0
1505738714,https://es.olx.com.br/norte-do-espirito-santo/imoveis/apto-mobiliado-em-frente-ao-mar-1505738714,vila-velha,jockey-de-itaparica,1,70.0,2,1,1,1,0,1,0,1,1,4200.0,0
1505730769,https://es.olx.com.br/norte-do-espirito-santo/imoveis/imovel-para-aluguel-tem-220-metros-quadrados-com-3-quartos-em-novo-mexico-vila-velha-e-1505730769,vila-velha,novo-mexico,0,220.0,3,4,0,0,0,1,0,0,1,6000.0,1
1505727765,https://es.olx.com.br/norte-do-espirito-santo/imoveis/imovel-para-aluguel-78-mts-2-quartos-na-praia-do-morro-guarapari-es-1505727765,guarapari,praia-do-morro,1,78.0,2,1,1,0,0,0,0,0,1,2200.0,0
1505717673,https://es.olx.com.br/norte-do-espirito-santo/imoveis/apartamento-com-3-dormitorios-a-venda-89-m-novo-space-177-cod-23464-f-1505717673,vila-velha,praia-de-itaparica,1,89.0,3,3,2,0,0,0,0,0,0,1154418.0,0
1502255000,https://es.olx.com.br/norte-do-espirito-santo/imoveis/linda-kitnet-1502255000,vila-velha,itapua,1,40.0,1,1,0,0,0,0,0,0,0,1200.0,0
1505332543,https://es.olx.com.br/norte-do-espirito-santo/imoveis/apartamento-com-2-quartos-com-lazer-na-praia-da-costa-vila-velha-es-1505332543,vila-velha,praia-da-costa,1,85.0,2,2,0,1,1,1,0,1,0,4000.0,0
1505319566,https://es.olx.com.br/norte-do-espirito-santo/imoveis/apartamento-para-alugar-60-m-por-r-3-455-00-jardim-da-penha-vitoria-es-1505319566,vitoria,jardim-da-penha,1,60.0,2,2,1,1,0,0,0,1,0,2950.0,0
1505316098,https://es.olx.com.br/norte-do-espirito-santo/imoveis/2-quartos-com-lazer-em-bento-ferreira-1505316098,vitoria,bento-ferreira,1,55.0,2,1,1,1,1,1,0,0,0,3500.0,0
1505307883,https://es.olx.com.br/norte-do-espirito-santo/imoveis/apartamento-com-2-quartos-para-alugar-50-m-vale-encantado-vila-velha-es-1505307883,vila-velha,vale-encantado,1,50.0,2,1,1,1,0,1,0,0,0,2000.0,0
1505280930,https://es.olx.com.br/norte-do-espirito-santo/imoveis/alugo-ap-1-quarto-mobiliado-1505280930,vila-velha,planalto,1,50.0,1,1,1,0,0,0,0,0,1,1500.0,0
1505280806,https://es.olx.com.br/norte-do-espirito-santo/imoveis/apartamento-2-quartos-na-praia-da-costa-proximo-ao-mobydick-1505280806,vila-velha,praia-da-costa,1,80.0,2,2,1,1,0,1,0,1,0,3000.0,0
1505255710,https://es.olx.com.br/norte-do-espirito-santo/imoveis/alugo-apartamento-em-brisama-vila-velha-1505255710,vila-velha,brisamar,1,60.0,2,1,0,0,0,0,0,0,0,1800.0,0
1505247075,https://es.olx.com.br/norte-do-espirito-santo/imoveis/apartamento-mobiliado-aconchegante-1505247075,vila-velha,praia-de-itaparica,1,60.0,2,2,1,1,1,1,1,1,1,4000.0,0
1487741410,https://es.olx.com.br/norte-do-espirito-santo/imoveis/apart-rio-marinho-vila-velha-1487741410,vila-velha,rio-marinho,1,63.0,2,1,0,0,0,0,0,0,0,1250.0,0
1505239667,https://es.olx.com.br/norte-do-espirito-santo/imoveis/apartamento-para-alugar-em-cariacica-morada-de-santa-fe-com-2-quartos-com-50-m-1505239667,cariacica,morada-de-santa-fe,1,50.0,2,1,1,0,0,1,0,0,0,1600.0,0
1505204689,https://es.olx.com.br/norte-do-espirito-santo/imoveis/alugue-seu-novo-lar-no-condominio-top-life-1505204689,serra,sao-diogo-ii,1,50.0,2,2,1,0,1,1,0,0,0,1890.0,0
1500607733,https://es.olx.com.br/norte-do-espirito-santo/imoveis/apartamento-com-2-quartos-para-alugar-70-m-itapua-vila-velha-es-1500607733,vila-velha,itapua,1,70.0,2,2,1,0,1,1,0,1,0,3400.0,0
1489589041,https://es.olx.com.br/norte-do-espirito-santo/imoveis/apartamento-4-quartos-em-jardim-camburi-1489589041,vitoria,jardim-camburi,1,230.0,4,4,2,1,0,1,0,1,1,6500.0,0
1505201283,https://es.olx.com.br/norte-do-espirito-santo/imoveis/imovel-para-aluguel-com-160-metros-quadrados-com-3-quartos-em-praia-da-costa-vila-velha-1505201283,vila-velha,praia-da-costa,1,160.0,3,2,1,1,1,1,0,1,0,3500.0,0
1505196150,https://es.olx.com.br/norte-do-espirito-santo/imoveis/estou-a-procura-de-kitnet-apartamento-para-alugar-1505196150,vila-velha,alecrim,1,30.0,1,1,0,0,0,0,0,0,0,1000.0,1
1505195649,https://es.olx.com.br/norte-do-espirito-santo/imoveis/apartamento-terreo-com-quintal-para-locacao-vila-de-manguinhos-morada-de-laranjeiras-1505195649,serra,morada-de-laranjeiras,1,57.0,2,1,1,0,1,1,0,0,0,2200.0,0
1505180660,https://es.olx.com.br/norte-do-espirito-santo/imoveis/apt-1-quarto-sao-diogo-kitinet-1505180660,serra,sao-diogo-i,1,42.0,1,1,0,0,0,0,0,0,0,1250.0,1
1505170107,https://es.olx.com.br/norte-do-espirito-santo/imoveis/apartamento-de-3-quartos-1-suite-varanda-2-vagas-em-barro-vermelho-vitoria-1505170107,vitoria,barro-vermelho,1,110.0,3,2,2,1,0,1,1,0,0,5000.0,0
1505168604,https://es.olx.com.br/norte-do-espirito-santo/imoveis/o-refugio-perfeito-para-a-sua-familia-em-nova-guarapari-1505168604,guarapari,nova-guarapari,0,200.0,3,4,3,0,0,1,0,0,1,10000.0,0
1505121487,https://es.olx.com.br/norte-do-espirito-santo/imoveis/2-aptos-pequenos-disponiveis-proximo-ao-terminal-leia-com-atencao-1505121487,vila-velha,itapua,1,30.0,1,1,0,0,0,0,0,0,0,1500.0,0
1505113291,https://es.olx.com.br/norte-do-espirito-santo/imoveis/alugo-apartamento-anual-1505113291,guarapari,praia-do-morro,1,56.0,1,1,0,0,0,0,0,1,1,2200.0,0
1505113165,https://es.olx.com.br/norte-do-espirito-santo/imoveis/aluguel-2-quartos-c-suite-varanda-ampla-e-150m-da-orla-praia-de-itaparica-1505113165,vila-velha,praia-de-itaparica,1,63.0,2,2,1,1,1,1,1,0,0,2500.0,0
1505104711,https://es.olx.com.br/norte-do-espirito-santo/imoveis/imovel-para-aluguel-com-60-metros-quadrados-com-2-quartos-em-jardim-camburi-vitoria-es-1505104711,vitoria,jardim-camburi,1,60.0,2,1,1,1,0,0,0,0,0,2520.0,0
1505096899,https://es.olx.com.br/norte-do-espirito-santo/imoveis/aluga-se-apartamento-de-2-quartos-em-campo-grande-1505096899,cariacica,campo-grande,1,79.0,2,1,0,0,0,0,0,1,0,1800.0,0
1505092387,https://es.olx.com.br/norte-do-espirito-santo/imoveis/aluga-se-apartamento-1-quarto-1505092387,vitoria,jardim-camburi,1,40.0,1,1,0,0,0,0,0,0,0,2300.0,1
1505075302,https://es.olx.com.br/norte-do-espirito-santo/imoveis/alugo-apartamento-2-quartos-com-suite-1505075302,vitoria,bonfim,1,55.0,2,1,0,0,0,0,0,0,0,2500.0,0
1505073522,https://es.olx.com.br/norte-do-espirito-santo/imoveis/alianca-web-aluga-1505073522,vitoria,jardim-camburi,1,60.0,2,1,1,0,0,0,0,0,0,2615.0,0
1505072005,https://es.olx.com.br/norte-do-espirito-santo/imoveis/alianca-web-aluga-1505072005,vila-velha,praia-de-itaparica,1,70.0,3,2,2,1,0,0,0,1,0,3600.0,0
1505068899,https://es.olx.com.br/norte-do-espirito-santo/imoveis/alugo-vendo-apt-na-praia-do-morro-avenida-praiana-1505068899,guarapari,praia-do-morro,1,72.0,2,2,1,0,0,1,0,0,0,3000.0,0
1505065323,https://es.olx.com.br/norte-do-espirito-santo/imoveis/alugo-fins-comerciais-1505065323,cariacica,cariacica-sede,0,300.0,5,5,3,0,0,0,0,0,0,1000.0,0
1485003194,https://es.olx.com.br/norte-do-espirito-santo/imoveis/kitnet-em-paul-1485003194,vila-velha,vila-batista,1,30.0,1,1,0,0,0,0,0,0,0,800.0,1
1505055954,https://es.olx.com.br/norte-do-espirito-santo/imoveis/alugo-apartamento-3-quartos-condominio-reserva-dos-camaras-1505055954,serra,morada-de-laranjeiras,1,86.0,3,2,1,1,1,1,1,1,1,4100.0,0
1505051827,https://es.olx.com.br/norte-do-espirito-santo/imoveis/venda-ou-locacao-apartamento-2-quartos-aribiri-vila-velha-1505051827,vila-velha,aribiri,1,55.0,2,2,1,1,0,1,0,0,0,2000.0,0
1505042364,https://es.olx.com.br/norte-do-espirito-santo/imoveis/apartamento-em-morada-de-laranjeiras-serra-1505042364,serra,morada-de-laranjeiras,1,44.0,2,1,0,0,0,1,1,0,0,2000.0,1
1505040514,https://es.olx.com.br/norte-do-espirito-santo/imoveis/apartamento-para-locacao-em-itapua-vila-velha-63m-1505040514,vila-velha,itapua,1,63.0,2,2,1,1,0,1,1,1,0,3200.0,0
1505036260,https://es.olx.com.br/norte-do-espirito-santo/imoveis/casa-com-3-quartos-para-alugar-120-m-por-r-2-200-mes-aracas-vila-velha-es-1505036260,vila-velha,aracas,0,120.0,3,2,0,0,0,0,0,0,0,2200.0,0
1505032408,https://es.olx.com.br/norte-do-espirito-santo/imoveis/apartamento-de-3-quartos-para-locacao-anual-1505032408,guarapari,praia-do-morro,1,120.0,3,3,2,1,0,0,0,0,0,4000.0,0
1505032321,https://es.olx.com.br/norte-do-espirito-santo/imoveis/apartamento-para-locacao-anual-na-praia-do-morro-1505032321,guarapari,praia-do-morro,1,120.0,3,2,2,1,0,0,0,0,0,5000.0,0
1505023480,https://es.olx.com.br/norte-do-espirito-santo/imoveis/apartamento-com-2-dormitorios-para-alugar-45-m-por-r-1-880-00-mes-vale-encantado-vi-1505023480,vila-velha,vale-encantado,1,45.0,2,1,1,1,0,1,0,1,0,1400.0,0
1505013518,https://es.olx.com.br/norte-do-espirito-santo/imoveis/aluguel-de-casa-e-kitnet-em-marcilio-de-noronha-viana-com-1-2-quartos-dep-1505013518,viana,marcilio-de-noronha,0,30.0,4,2,0,0,0,0,0,1,0,800.0,0
1505010254,https://es.olx.com.br/norte-do-espirito-santo/imoveis/apartamento-3-quartos-para-alugar-na-praia-da-costa-frente-mar-1505010254,vila-velha,praia-da-costa,1,115.0,3,3,2,1,0,0,0,0,0,4490.0,0
1504976849,https://es.olx.com.br/norte-do-espirito-santo/imoveis/apartamento-com-3-dormitorios-para-alugar-85-m-por-r-3-715-00-mes-jardim-camburi-vi-1504976849,vitoria,jardim-camburi,1,85.0,3,2,1,0,0,0,0,0,0,3300.0,0
1504930763,https://es.olx.com.br/norte-do-espirito-santo/imoveis/apartamento-colina-de-laranjeiras-1504930763,serra,colina-de-laranjeiras,1,40.0,2,1,1,0,1,1,1,0,0,1750.0,0
1504913536,https://es.olx.com.br/norte-do-espirito-santo/imoveis/alugo-apartamento-vista-do-vale-condominio-clube-2-quartos-1504913536,vila-velha,vale-encantado,1,48.0,2,1,1,0,0,0,0,0,0,1700.0,0
1504901782,https://es.olx.com.br/norte-do-espirito-santo/imoveis/kitnet-com-2-qrts-para-alugar-tudo-incluso-em-vitoria-para-mulheres-ou-lgbtqiapn-1504901782,vitoria,redencao,1,30.0,1,1,0,0,0,0,0,0,0,1000.0,1
1504900280,https://es.olx.com.br/norte-do-espirito-santo/imoveis/aluguel-jockey-de-itaparica-1504900280,vila-velha,jockey-de-itaparica,1,58.0,2,2,1,0,0,0,0,1,0,2900.0,0
1504896856,https://es.olx.com.br/norte-do-espirito-santo/imoveis/imovel-para-aluguel-possui-80-metros-quadrados-com-3-quartos-em-cocal-vila-velha-es-1504896856,vila-velha,cocal,0,80.0,3,1,2,0,0,0,0,0,0,2500.0,0
1504877709,https://es.olx.com.br/norte-do-espirito-santo/imoveis/m-alugo-excelente-casa-3-quartos-com-suite-colina-de-laranjeiras-1504877709,serra,colina-de-laranjeiras,0,199.0,3,2,2,0,0,0,0,0,0,4998.0,0
1504872547,https://es.olx.com.br/norte-do-espirito-santo/imoveis/alugo-apt-1-qto-impecavel-1504872547,vitoria,praia-do-canto,1,40.0,1,1,1,1,1,1,1,1,0,3500.0,0
1504871090,https://es.olx.com.br/norte-do-espirito-santo/imoveis/m-alugo-excelente-apartamento-3-quartos-morada-de-laranjeiras-1504871090,serra,morada-de-laranjeiras,1,82.0,2,1,1,1,1,1,0,1,0,3800.0,0
1504866264,https://es.olx.com.br/norte-do-espirito-santo/imoveis/apartamento-3-quartos-mobiliado-excelente-1504866264,serra,jardim-limoeiro,1,140.0,3,2,1,0,0,0,0,1,1,2500.0,0
1504839859,https://es.olx.com.br/norte-do-espirito-santo/imoveis/kitnet-mobiliada-em-jardim-camburi-1504839859,vitoria,jardim-camburi,1,30.0,1,1,2,0,0,1,0,1,1,1800.0,0
1488560236,https://es.olx.com.br/norte-do-espirito-santo/imoveis/2-quartos-santa-luiza-1488560236,vitoria,santa-luiza,1,100.0,2,2,1,1,1,1,0,1,0,5700.0,0
1504830447,https://es.olx.com.br/norte-do-espirito-santo/imoveis/kit-net-laranjeiras-sera-1504830447,serra,parque-residencial-laranjeiras,1,30.0,1,1,0,0,0,0,0,0,0,1000.0,0
1504828738,https://es.olx.com.br/norte-do-espirito-santo/imoveis/alugo-casa-no-2-andar-em-taquara-ii-1504828738,serra,carapina-grande,0,140.0,3,2,0,0,0,0,0,1,0,1400.0,0
1504772212,https://es.olx.com.br/norte-do-espirito-santo/imoveis/locacao-anual-praia-do-morro-2-suites-mobiliado-area-externa-privativa-r-3-500-1504772212,guarapari,praia-do-morro,1,90.0,2,3,1,1,0,1,0,1,1,3500.0,0
1504752568,https://es.olx.com.br/norte-do-espirito-santo/imoveis/apartamento-de-dois-quartos-1504752568,serra,morada-de-laranjeiras,1,48.0,2,1,1,0,1,1,0,0,1,1800.0,0
1504735896,https://es.olx.com.br/norte-do-espirito-santo/imoveis/apartamento-com-3-dormitorios-para-alugar-90-m-por-r-4-583-33-mes-itapua-vila-velha-1504735896,vila-velha,itapua,1,90.0,3,3,1,0,0,1,0,0,0,3900.0,0
1504723276,https://es.olx.com.br/norte-do-espirito-santo/imoveis/apartamento-para-alugar-2-quartos-em-laranjeiras-1504723276,serra,parque-residencial-laranjeiras,1,55.0,2,2,1,1,1,1,1,1,0,2000.0,0
1504691075,https://es.olx.com.br/norte-do-espirito-santo/imoveis/apartamento-01-dormitorio-para-locacao-excelente-padrao-1504691075,vitoria,santa-helena,1,37.0,1,1,1,1,0,1,1,1,1,3500.0,0
1504693088,https://es.olx.com.br/norte-do-espirito-santo/imoveis/aluguel-apartamento-3-quartos-guarapari-centro-1504693088,guarapari,sao-judas-tadeu,1,112.0,3,2,1,1,1,0,0,1,1,3500.0,0
1504669064,https://es.olx.com.br/norte-do-espirito-santo/imoveis/apartamento-2-quartos-frente-ao-mar-praia-de-itaparica-1504669064,vila-velha,praia-de-itaparica,1,65.0,2,2,2,1,1,1,0,1,0,3700.0,0
1504664606,https://es.olx.com.br/norte-do-espirito-santo/imoveis/2-qts-mobiliado-praia-da-costa-alugo--br-alugo-mobiliado-direto-com-o-proprietario-1504664606,vila-velha,praia-da-costa,1,60.0,2,2,1,1,1,1,0,1,1,3500.0,0
1504640916,https://es.olx.com.br/norte-do-espirito-santo/imoveis/casa-2quartos-com-suite-ataide-1504640916,vila-velha,ataide,0,95.0,2,2,0,0,0,0,0,0,0,1700.0,0
1497289004,https://es.olx.com.br/norte-do-espirito-santo/imoveis/aluga-se-para-comercio-clinicas-escritorios-showroom-salao-de-beleza-1497289004,serra,parque-residencial-laranjeiras,0,100.0,3,2,0,0,0,0,0,1,0,15000.0,0
1504610618,https://es.olx.com.br/norte-do-espirito-santo/imoveis/apartamento-preciso-para-alugar-no-costa-bella-1504610618,viana,ipanema,1,50.0,2,1,1,0,0,0,0,0,0,2000.0,0
1504579898,https://es.olx.com.br/norte-do-espirito-santo/imoveis/kitnet-ilha-do-principe-1504579898,serra,jardim-atlantico,0,25.0,1,1,1,0,0,0,0,0,0,650.0,0
1504571618,https://es.olx.com.br/norte-do-espirito-santo/imoveis/aluguel-kitnet-1504571618,serra,morada-de-laranjeiras,1,30.0,1,1,0,0,0,0,0,0,0,900.0,1
1458695992,https://es.olx.com.br/norte-do-espirito-santo/imoveis/direto-com-o-proprietario-alugue-um-apartamento-proximo-a-praia-em-vila-velha-1458695992,vila-velha,praia-da-costa,0,90.0,3,2,1,0,0,0,0,1,0,3500.0,0
1504555157,https://es.olx.com.br/norte-do-espirito-santo/imoveis/apartamento-para-locacao-anual-na-praia-do-morro-1504555157,guarapari,praia-do-morro,1,80.0,2,2,1,1,0,0,0,0,0,3500.0,0
1506861251,https://es.olx.com.br/norte-do-espirito-santo/imoveis/alugo-kitnet-1506861251,viana,primavera,0,30.0,1,1,0,0,0,0,0,0,0,650.0,1
1504409052,https://es.olx.com.br/norte-do-espirito-santo/imoveis/kitnet-locacao-anual-bairro-olaria-guarapari-es-1504409052,guarapari,olaria,1,30.0,1,1,0,0,0,0,0,0,0,800.0,0
1504407953,https://es.olx.com.br/norte-do-espirito-santo/imoveis/lindo-apartamento-de-2-quartos-na-praia-da-costa-ref-469-1504407953,vila-velha,praia-da-costa,1,54.0,2,2,1,0,0,0,0,0,0,3500.0,0
1504407392,https://es.olx.com.br/norte-do-espirito-santo/imoveis/alugo-apartamento-ao-lado-da-uvv-em-frente-a-promotoria-rua-forum-e-shopping-vila-velha-1504407392,vila-velha,residencial-coqueiral,1,46.0,2,1,1,0,0,0,0,0,0,1700.0,0
1504364436,https://es.olx.com.br/norte-do-espirito-santo/imoveis/locacao-apartamento-2-quartos-praia-dos-recifes-vila-velha-1504364436,vila-velha,morro-da-lagoa,1,60.0,2,1,1,0,0,0,0,0,1,1600.0,0
1504364428,https://es.olx.com.br/norte-do-espirito-santo/imoveis/locacao-apartamento-2-quartos-praia-dos-recifes-vila-velha-1504364428,vila-velha,morro-da-lagoa,1,60.0,2,1,1,0,0,0,0,0,1,1600.0,0
1504364437,https://es.olx.com.br/norte-do-espirito-santo/imoveis/locacao-apartamento-2-quartos-praia-dos-recifes-vila-velha-1504364437,vila-velha,morro-da-lagoa,1,60.0,2,1,1,0,0,0,0,0,1,1600.0,0
1504347729,https://es.olx.com.br/norte-do-espirito-santo/imoveis/apartamento-para-locacao-anual-na-praia-do-morro-1504347729,guarapari,praia-do-morro,1,110.0,3,3,1,1,0,0,0,0,0,3500.0,0
1504345445,https://es.olx.com.br/norte-do-espirito-santo/imoveis/apartamento-mobiliado-de-2-quartos-para-locacao-em-barro-vermelho-vitoria-es-1504345445,vitoria,barro-vermelho,1,60.0,2,1,1,1,1,1,0,0,1,4500.0,0
1504344183,https://es.olx.com.br/norte-do-espirito-santo/imoveis/apartamento-mobiliado-com-vista-mar-para-locacao-na-enseada-do-sua-vitoria-es-1504344183,vitoria,enseada-do-sua,1,86.0,3,3,3,1,1,1,1,1,1,7250.0,0
1504343903,https://es.olx.com.br/norte-do-espirito-santo/imoveis/apartamento-mobiliado-de-2-quartos-para-locacao-em-barro-vermelho-vitoria-es-1504343903,vitoria,barro-vermelho,1,60.0,2,1,1,1,1,1,0,0,1,4500.0,0
1504343791,https://es.olx.com.br/norte-do-espirito-santo/imoveis/apartamento-mobiliado-com-vista-mar-para-locacao-na-enseada-do-sua-vitoria-es-1504343791,vitoria,enseada-do-sua,1,86.0,3,3,3,1,1,1,1,1,1,7500.0,0
1504339259,https://es.olx.com.br/norte-do-espirito-santo/imoveis/apartamento-aluguel-2-quartos-laranjeiras-1504339259,serra,parque-residencial-laranjeiras,1,55.0,2,1,1,0,0,0,1,0,0,2000.0,0
1504320456,https://es.olx.com.br/norte-do-espirito-santo/imoveis/alugo-2qts-com-suite-ed-praia-boulevard-jockey-de-itaparica-1504320456,vila-velha,jockey-de-itaparica,1,85.0,2,2,2,1,1,1,1,1,0,3000.0,0
1420196121,https://es.olx.com.br/norte-do-espirito-santo/imoveis/apartamento-de-dois-quartos-com-suite-1420196121,serra,morada-de-laranjeiras,1,56.0,2,2,1,1,1,1,1,1,1,2900.0,0
1504272141,https://es.olx.com.br/norte-do-espirito-santo/imoveis/3-quartos-todo-montado-cod-23434-f-1504272141,vila-velha,praia-de-itaparica,1,116.0,3,2,1,0,0,0,0,0,0,750087.0,0
1504270362,https://es.olx.com.br/norte-do-espirito-santo/imoveis/3-quartos-com-suite-1504270362,vila-velha,praia-de-itaparica,1,78.0,3,2,2,1,1,1,0,0,0,3500.0,0
1504269374,https://es.olx.com.br/norte-do-espirito-santo/imoveis/apartamento-locacao-anual-sem-mobilia-prainha-de-muquicaba-guarapari-1504269374,guarapari,muquicaba,1,100.0,2,3,1,1,1,0,0,1,0,2700.0,0
1504263606,https://es.olx.com.br/norte-do-espirito-santo/imoveis/apartamento-enseada-do-sua-2-quartos-1504263606,vitoria,enseada-do-sua,1,65.0,2,2,1,1,1,1,1,1,0,3999.0,0
1504243880,https://es.olx.com.br/norte-do-espirito-santo/imoveis/apt-praia-do-canto-aluga-ou-vende-valor-da-locacao-3-ooo-00-valor-da-venda-750mil-1504243880,vitoria,bento-ferreira,1,60.0,1,1,1,1,1,0,0,1,0,750000.0,0
1504235741,https://es.olx.com.br/norte-do-espirito-santo/imoveis/apartamento-para-aluguel-com-2-quartos-em-jardim-da-penha-vitoria-es-1504235741,vitoria,jardim-da-penha,1,85.0,2,2,2,0,0,0,0,0,0,2900.0,0
1504228429,https://es.olx.com.br/norte-do-espirito-santo/imoveis/aluga-se-uma-casa-pra-no-maximo-duas-pessoas-meu-whatsapp-1504228429,vila-velha,sao-conrado,0,65.0,2,1,0,0,0,0,0,0,0,700.0,0
1504223674,https://es.olx.com.br/norte-do-espirito-santo/imoveis/imovel-para-aluguel-com-160-metros-quadrados-com-3-quartos-em-praia-da-costa-vila-velha-1504223674,vila-velha,praia-da-costa,1,160.0,3,2,1,1,1,0,0,0,0,3500.0,0
1504175136,https://es.olx.com.br/norte-do-espirito-santo/imoveis/alugo-casa-em-cond-aldeia-da-praia-guarapari-1504175136,guarapari,praia-do-morro,0,380.0,5,5,0,0,0,0,0,0,0,20000.0,1
1504137117,https://es.olx.com.br/norte-do-espirito-santo/imoveis/alianca-web-aluga-1504137117,vila-velha,ataide,1,60.0,2,1,1,1,1,1,0,0,0,2000.0,0
1493714314,https://es.olx.com.br/norte-do-espirito-santo/imoveis/apartamento-luxo-vista-para-o-mar-1493714314,vila-velha,praia-da-costa,1,80.0,2,2,1,1,1,1,0,1,1,7999.0,0
1504100918,https://es.olx.com.br/norte-do-espirito-santo/imoveis/apartamento-para-locacao-anual-em-guarapari-1504100918,guarapari,praia-do-morro,1,119.0,3,2,2,1,0,0,0,0,0,5000.0,0
1504093892,https://es.olx.com.br/norte-do-espirito-santo/imoveis/apt-manguinhos-frente-mar-lazer-completo-1504093892,serra,ourimar,1,50.0,2,1,1,0,0,0,0,0,0,1700.0,0
1504091936,https://es.olx.com.br/norte-do-espirito-santo/imoveis/apartamento-com-4-dormitorios-para-alugar-180-m-por-r-9-738-33-mes-praia-de-itaparica-1504091936,vila-velha,praia-de-itaparica,1,180.0,4,4,3,1,1,1,0,1,0,7900.0,0
1504087158,https://es.olx.com.br/norte-do-espirito-santo/imoveis/apartamento-com-2-quartos-para-alugar-60-m-santa-ines-vila-velha-es-1504087158,vila-velha,santa-ines,1,60.0,2,1,0,0,0,0,0,0,0,1500.0,0
1472177294,https://es.olx.com.br/norte-do-espirito-santo/imoveis/apt-frente-pra-praia-1-de-agosto-1472177294,vila-velha,praia-de-itaparica,1,42.0,1,1,0,0,0,0,0,1,0,2300.0,1
1504044464,https://es.olx.com.br/norte-do-espirito-santo/imoveis/alugo-apartamento-em-morada-de-laranjeiras-1504044464,vitoria,centro,1,48.0,2,1,1,1,1,1,0,1,0,2000.0,0
1504034976,https://es.olx.com.br/norte-do-espirito-santo/imoveis/alugo-apt-3-q-mobiliado-1504034976,serra,jardim-limoeiro,1,75.0,3,2,1,1,1,1,1,1,1,4000.0,0
1504026265,https://es.olx.com.br/norte-do-espirito-santo/imoveis/apartamento-enseada-do-sua-1-quarto-1504026265,vitoria,enseada-do-sua,1,50.0,1,1,1,1,1,1,1,1,1,2999.0,0
1503994322,https://es.olx.com.br/norte-do-espirito-santo/imoveis/praia-da-costa-vila-velha-1503994322,vila-velha,praia-da-costa,1,28.0,1,1,1,1,0,0,0,0,1,3000.0,0
1503990923,https://es.olx.com.br/norte-do-espirito-santo/imoveis/imovel-de-2-quartos-bem-localizado-com-armario-em-um-quarto-cozinha-e-banheiro-1503990923,vitoria,jardim-camburi,1,43.0,2,1,1,0,0,0,0,0,0,2000.0,0
1499959624,https://es.olx.com.br/norte-do-espirito-santo/imoveis/apartamento-com-3-quartos-130-m-venda-ou-aluguel-praia-de-itaparica-vila-velha-es-1499959624,vila-velha,praia-de-itaparica,1,130.0,3,3,2,1,1,1,0,1,0,5500.0,0
1498123981,https://es.olx.com.br/norte-do-espirito-santo/imoveis/apartamento-com-3-quartos-para-alugar-71-m-por-r-4-600-mes-praia-de-itaparica-vila-1498123981,vila-velha,praia-de-itaparica,1,71.0,3,1,2,1,1,1,1,1,0,4000.0,0
1503925346,https://es.olx.com.br/norte-do-espirito-santo/imoveis/apartamento-para-aluguel-com-1-quarto-em-jardim-da-penha-vitoria-es-1503925346,vitoria,jardim-da-penha,1,45.0,1,1,1,0,0,0,0,0,0,2400.0,0
1503908429,https://es.olx.com.br/norte-do-espirito-santo/imoveis/sobrado-para-aluguel-possui-100-metros-quadrados-com-2-quartos-em-cocal-vila-velha-es-1503908429,vila-velha,cocal,0,100.0,2,1,1,0,0,0,0,0,0,2800.0,0
1503905263,https://es.olx.com.br/norte-do-espirito-santo/imoveis/amplo-apartamento-com-3-quartos-cod-33378-f-1503905263,vila-velha,itapua,1,140.0,3,3,1,0,0,0,0,0,0,2100003.0,0
1478943919,https://es.olx.com.br/norte-do-espirito-santo/imoveis/aluguel-casa-alto-padrao-6-suites-em-manguinhos-1478943919,serra,manguinhos,0,600.0,5,5,5,0,0,1,0,1,1,15000.0,0
1503886728,https://es.olx.com.br/norte-do-espirito-santo/imoveis/edificio-gil-nogueira-com-2-quartos-sendo-1-suite-para-locacao-praia-do-morro-1503886728,guarapari,praia-do-morro,1,66.0,2,2,1,1,1,1,1,1,1,3800.0,0
1503883132,https://es.olx.com.br/norte-do-espirito-santo/imoveis/lindo-apartamento-de-1-quarto-totalmente-mobiliado-com-internet-ja-instalada-1503883132,vitoria,barro-vermelho,1,40.0,1,1,1,1,1,1,1,1,1,3000.0,0
1503876460,https://es.olx.com.br/norte-do-espirito-santo/imoveis/delvair-100-apartamento-porteira-fecha-com-2-quartos-em-jacaraipe-serra-es-1503876460,serra,estancia-monazitica,1,45.0,2,1,1,0,1,0,0,0,1,1800.0,0
1503862671,https://es.olx.com.br/norte-do-espirito-santo/imoveis/alianca-web-aluga-1503862671,vila-velha,praia-de-itaparica,1,75.0,3,2,2,1,1,1,1,1,0,3000.0,0
1503861967,https://es.olx.com.br/norte-do-espirito-santo/imoveis/alugue-2-qts-vista-para-o-mar-de-itaparica-1503861967,vila-velha,praia-de-itaparica,1,65.0,2,2,1,0,0,0,0,0,0,2600.0,0
1503846861,https://es.olx.com.br/norte-do-espirito-santo/imoveis/casa-um-quarto-em-nova-guarapari-1503846861,guarapari,nova-guarapari,0,60.0,1,1,2,0,0,0,0,1,1,2000.0,0
1503844176,https://es.olx.com.br/norte-do-espirito-santo/imoveis/apartamento-para-locacao-jardim-da-penha-vitoria-es-1503844176,vitoria,jardim-da-penha,1,100.0,3,3,1,1,0,1,0,1,0,3800.0,0
1503843417,https://es.olx.com.br/norte-do-espirito-santo/imoveis/casa-residencial-em-vitoria-es-goiabeiras-1503843417,vitoria,goiabeiras,0,55.0,2,1,0,0,0,0,0,0,0,1600.0,1
1503836086,https://es.olx.com.br/norte-do-espirito-santo/imoveis/apartamento-mobiliado-a-poucos-passos-da-orla-da-praia-da-costa-1503836086,vila-velha,praia-da-costa,1,80.0,2,2,1,1,1,1,0,0,1,4300.0,0
1503832664,https://es.olx.com.br/norte-do-espirito-santo/imoveis/top-life-aruba-2-qts-53-m-1503832664,serra,sao-diogo-ii,1,53.0,2,2,1,0,1,1,1,0,1,1950.0,0
1503826070,https://es.olx.com.br/norte-do-espirito-santo/imoveis/apart-2-quartos-em-campo-grande-1503826070,cariacica,campo-grande,1,65.0,2,1,0,0,0,0,0,0,0,1100.0,0
1503822366,https://es.olx.com.br/norte-do-espirito-santo/imoveis/apartamento-para-locacao-na-praia-do-morro-1503822366,guarapari,muquicaba,1,80.0,3,2,2,1,0,0,0,0,0,3800.0,0
1503821751,https://es.olx.com.br/norte-do-espirito-santo/imoveis/apartamento-para-locacao-anual-na-praia-do-morro-1503821751,guarapari,praia-do-morro,1,73.0,2,2,1,1,0,0,0,0,0,3600.0,0
1503812158,https://es.olx.com.br/norte-do-espirito-santo/imoveis/apartamento-com-2-quartos-para-alugar-57-m-praia-de-itaparica-vila-velha-es-1503812158,vila-velha,sao-conrado,1,57.0,2,1,1,0,1,1,0,0,0,2900.0,0
1503811900,https://es.olx.com.br/norte-do-espirito-santo/imoveis/apartamento-com-2-quartos-para-alugar-52-m-boa-vista-ii-vila-velha-es-1503811900,vila-velha,residencial-coqueiral,1,52.0,2,1,1,0,0,0,0,0,0,2300.0,0
1503807461,https://es.olx.com.br/norte-do-espirito-santo/imoveis/casa-alphaville-jacuhy-para-locacao-1503807461,serra,jacuhy,0,330.0,4,5,4,0,0,1,1,1,0,15000.0,0
1503751521,https://es.olx.com.br/norte-do-espirito-santo/imoveis/alugo-apartamento-1-quarto-em-itaparica-mobiliado-1503751521,vila-velha,praia-de-itaparica,1,40.0,1,1,1,1,1,1,1,1,1,3700.0,0
1496425039,https://es.olx.com.br/norte-do-espirito-santo/imoveis/duplex-completo-sem-entrada-para-aposentados-1496425039,serra,de-fatima,0,120.0,2,2,2,0,0,0,0,1,0,900.0,0
1485133155,https://es.olx.com.br/norte-do-espirito-santo/imoveis/alugo-apt-3-quartos-1485133155,serra,planicie-da-serra,1,60.0,3,1,1,1,1,1,1,1,0,2700.0,0
1503731417,https://es.olx.com.br/norte-do-espirito-santo/imoveis/apartamento-com-2-quartos-para-alugar-no-centro-de-guarapari-es-1503731417,guarapari,centro,1,86.0,2,2,0,1,0,0,0,1,1,2500.0,0
1503730983,https://es.olx.com.br/norte-do-espirito-santo/imoveis/apartamento-para-locacao-anual-na-praia-do-morro-com-2-dormitorios-guarapari-es-1503730983,guarapari,muquicaba,1,120.0,2,2,1,1,0,0,0,1,1,3300.0,0
1503730602,https://es.olx.com.br/norte-do-espirito-santo/imoveis/apartamento-para-locacao-anual-no-centro-com-3-dormitorios-guarapari-es-1503730602,guarapari,centro,1,105.0,3,3,1,1,1,0,0,1,1,2800.0,0
1503730528,https://es.olx.com.br/norte-do-espirito-santo/imoveis/casa-para-locacao-anual-em-sao-judas-tadeu-1503730528,guarapari,sao-judas-tadeu,0,400.0,3,2,1,0,0,0,0,1,1,5500.0,0
1503729714,https://es.olx.com.br/norte-do-espirito-santo/imoveis/apartamento-para-locacao-anual-no-centro-com-2-dormitorios-guarapari-es-1503729714,guarapari,praia-do-morro,1,65.0,2,2,1,1,1,1,0,1,0,3500.0,0
1503729616,https://es.olx.com.br/norte-do-espirito-santo/imoveis/apartamento-com-4-dormitorios-para-alugar-180-m-por-r-6-774-17-mes-praia-do-morro-g-1503729616,guarapari,praia-do-morro,1,180.0,4,4,2,0,0,0,0,0,0,5000.0,0
1503729643,https://es.olx.com.br/norte-do-espirito-santo/imoveis/apartamento-para-locacao-anual-com-3-dormitorios-guarapari-es-1503729643,guarapari,centro,1,100.0,3,2,1,1,1,0,0,1,0,4700.0,0
1503729472,https://es.olx.com.br/norte-do-espirito-santo/imoveis/apartamento-para-locacao-anual-com-2-quartos-em-guarapari-es-1503729472,guarapari,praia-do-morro,1,75.0,2,2,1,1,0,1,0,1,1,4900.0,0
1503729108,https://es.olx.com.br/norte-do-espirito-santo/imoveis/apartamento-para-alugar-75-m-por-r-800-01-dia-enseada-azul-guarapari-es-1503729108,guarapari,enseada-azul,1,75.0,2,1,1,0,0,0,0,1,1,800.0,0
1503728336,https://es.olx.com.br/norte-do-espirito-santo/imoveis/apartamento-para-alugar-65-m-por-r-4-083-34-mes-muquicaba-guarapari-es-1503728336,guarapari,muquicaba,1,65.0,2,2,2,1,0,1,0,1,0,4000.0,0
1503728447,https://es.olx.com.br/norte-do-espirito-santo/imoveis/apartamento-com-2-quartos-para-alugar-77-m-por-r-600-dia-enseada-azul-guarapari-es-1503728447,guarapari,enseada-azul,1,78.0,2,2,1,0,0,0,0,0,0,600.0,0
1503726163,https://es.olx.com.br/norte-do-espirito-santo/imoveis/casa-com-quintal-grande-em-vale-dos-reis-cariacica-1503726163,cariacica,vale-dos-reis,0,68.0,1,1,0,0,0,0,0,0,0,650.0,0
1503715587,https://es.olx.com.br/norte-do-espirito-santo/imoveis/gs-otimo-apartamento-3-quartos-c-suite-em-morada-de-laranjeiras-1503715587,serra,morada-de-laranjeiras,1,86.0,3,2,1,0,0,0,0,0,0,3799.0,0
1503711541,https://es.olx.com.br/norte-do-espirito-santo/imoveis/gs-excelente-apartamento-com-3-quartos-em-morada-de-laranjeiras-1503711541,serra,morada-de-laranjeiras,1,86.0,3,2,1,0,0,0,0,0,0,3800.0,0
1487471125,https://es.olx.com.br/norte-do-espirito-santo/imoveis/apartamento-03-quartos-para-locacao-no-condominio-vale-da-lagoa-em-nova-zelandia-1487471125,serra,nova-zelandia,1,60.0,3,1,1,1,1,1,0,0,0,1300.0,0
1503684183,https://es.olx.com.br/norte-do-espirito-santo/imoveis/aluguel-de-kitnet-1503684183,guarapari,ipiranga,0,25.0,1,1,0,0,0,0,0,0,0,1100.0,0
1487494869,https://es.olx.com.br/norte-do-espirito-santo/imoveis/ss-passo-casa-em-carapina-grande-1487494869,serra,carapina-grande,0,200.0,2,1,1,0,0,0,0,1,0,230000.0,0
1503677470,https://es.olx.com.br/norte-do-espirito-santo/imoveis/alugo-apto-mobiliado-centro-vv-proximo-da-praia-1503677470,vila-velha,centro-de-vila-velha,1,55.0,1,1,1,0,0,0,0,1,1,1600.0,0
1503675191,https://es.olx.com.br/norte-do-espirito-santo/imoveis/vendo-casa-em-nova-almeidaa-1503675191,serra,nova-almeida,0,180.0,2,1,2,0,0,0,0,1,0,120000.0,0
1503673030,https://es.olx.com.br/norte-do-espirito-santo/imoveis/27-99701-0264-sem-garagem-27-99701-0264-1503673030,serra,alterosas,0,60.0,2,2,0,0,0,0,0,1,0,1300.0,0
1503651762,https://es.olx.com.br/norte-do-espirito-santo/imoveis/alugo-quarto-para-estudante-mulher-proximo-faesa-av-vitoria-1503651762,vitoria,de-lourdes,1,80.0,3,1,0,0,0,0,0,0,1,800.0,0
1488332804,https://es.olx.com.br/norte-do-espirito-santo/imoveis/apto-3q-c-suite-piscina-ar-50m-praia-da-costa-mobiliado-mensal-1488332804,vila-velha,praia-da-costa,1,150.0,3,3,2,1,1,1,0,1,1,7000.0,0
1503614806,https://es.olx.com.br/norte-do-espirito-santo/imoveis/oportunidade-de-02-quartos-na-serra-1503614806,serra,bicanga,1,48.0,2,1,1,0,0,0,0,0,0,1250.0,0
1503612794,https://es.olx.com.br/norte-do-espirito-santo/imoveis/apartamento-para-alugar-com-155m-3qtos-ste-mobiliado-e-decorado-1-vg-praia-do-canto-1503612794,vitoria,praia-do-canto,1,155.0,3,3,1,1,0,1,0,0,1,7000.0,0
1503612077,https://es.olx.com.br/norte-do-espirito-santo/imoveis/excelente-lancamento-de-3-quartos-em-alphaville-jacuhy-serra-ref-433-1503612077,serra,jacuhy,1,20.0,3,2,2,0,0,0,0,0,0,4500.0,0
1503608040,https://es.olx.com.br/norte-do-espirito-santo/imoveis/casa-5-quartos-em-cobilandia-1503608040,vila-velha,cobilandia,0,190.0,5,3,1,0,0,0,0,0,0,5000.0,0
1503608706,https://es.olx.com.br/norte-do-espirito-santo/imoveis/apartamento-exclusivo-para-aluguel-na-praia-da-costa-62m-com-vista-mar-1-suite-1-vag-1503608706,vila-velha,praia-da-costa,1,50.0,1,1,1,1,1,1,1,0,0,3600.0,0
1503594842,https://es.olx.com.br/norte-do-espirito-santo/imoveis/apartamento-2-andar-nao-mobiliado-1503594842,vitoria,praia-do-sua,1,70.0,1,1,0,0,0,0,0,0,0,2000.0,1
1503584947,https://es.olx.com.br/norte-do-espirito-santo/imoveis/apartamento-para-alugar-no-bairro-praia-de-itaparica-vila-velha-es-1503584947,vila-velha,praia-das-gaivotas,1,60.0,2,2,1,1,0,1,0,0,0,3200.0,0
1437099256,https://es.olx.com.br/norte-do-espirito-santo/imoveis/4-quartos-na-praia-da-costa-cod-27248-f-1437099256,vila-velha,praia-da-costa,1,175.0,4,3,2,0,0,0,0,0,0,1200033.0,0
1503562776,https://es.olx.com.br/norte-do-espirito-santo/imoveis/locacao-apartamento-2-quartos-aribiri-vila-velha-1503562776,vila-velha,aribiri,1,55.0,2,2,1,1,0,1,0,0,0,2000.0,0
1503562401,https://es.olx.com.br/norte-do-espirito-santo/imoveis/locacao-triplex-ibes-vila-velha-1503562401,vila-velha,ibes,1,150.0,3,2,1,0,0,0,0,0,0,2500.0,0
1503559530,https://es.olx.com.br/norte-do-espirito-santo/imoveis/apartamento-em-morada-de-laranjeiras-serra-es-1503559530,serra,morada-de-laranjeiras,1,47.0,2,1,1,0,0,0,0,0,0,2200.0,0
1503544104,https://es.olx.com.br/norte-do-espirito-santo/imoveis/apartamento-com-2-dormitorios-para-alugar-65-m-por-r-3-416-67-mes-praia-de-itaparica-1503544104,vila-velha,praia-de-itaparica,1,65.0,2,2,1,1,1,1,1,1,0,2800.0,0
1503538573,https://es.olx.com.br/norte-do-espirito-santo/imoveis/locacao-apartamento-2-quartos-fatima-serra-1503538573,serra,de-fatima,1,67.0,2,2,1,0,0,0,0,0,1,2800.0,0
1503532512,https://es.olx.com.br/norte-do-espirito-santo/imoveis/apartamento-com-2-quartos-para-alugar-46-m-boa-vista-ii-vila-velha-es-1503532512,vila-velha,boa-vista-ii,1,46.0,2,1,1,0,0,0,0,0,0,1800.0,0
1503523405,https://es.olx.com.br/norte-do-espirito-santo/imoveis/apartamento-para-alugar-em-vila-velha-jockey-de-itaparica-com-2-quartos-com-56-m-alba-1503523405,vila-velha,jockey-de-itaparica,1,56.0,2,2,1,0,0,0,0,0,0,2750.0,0
1503515834,https://es.olx.com.br/norte-do-espirito-santo/imoveis/aluguel-1-quarto-47m--jardim-camburi-r-2-315-00-taxas-ref-r-049-1503515834,vitoria,jardim-camburi,1,47.0,1,1,1,0,0,0,0,0,0,2315.0,0
1503515165,https://es.olx.com.br/norte-do-espirito-santo/imoveis/aluguel-2-quartos-55m--jardim-camburi-r-2-715-00-taxas-mobiliado-ref-r-008-1503515165,vitoria,jardim-camburi,1,55.0,2,1,1,0,0,0,0,0,0,2715.0,0
1503496725,https://es.olx.com.br/norte-do-espirito-santo/imoveis/alugo-apartamento-3-quartos-em-jardim-camburi-1503496725,vitoria,jardim-camburi,1,100.0,3,2,2,1,1,1,0,1,1,6500.0,0
1503480025,https://es.olx.com.br/norte-do-espirito-santo/imoveis/novinho-1-locacao-3-q-ste-2-vagas-vista-mar-sol-da-manha-em-itapua-vila-velha-es-1503480025,vila-velha,itapua,1,87.0,3,2,2,1,1,1,1,1,0,4300.0,0
1503457320,https://es.olx.com.br/norte-do-espirito-santo/imoveis/vista-mar-2vgs-cobertas-fechamento-de-varanda-lazer-completo-1503457320,vila-velha,praia-de-itaparica,1,68.0,2,2,2,1,1,1,1,1,0,3700.0,0
1503452647,https://es.olx.com.br/norte-do-espirito-santo/imoveis/estou-a-procura-de-uma-kitnet-para-alugar-de-preferencia-mobiliada-ou-semi-mobiliada-900-1503452647,cariacica,santa-paula,1,30.0,1,1,0,0,0,0,0,0,0,850.0,1
1503431379,https://es.olx.com.br/norte-do-espirito-santo/imoveis/alugo-apartamento-02-quartos-proximo-a-manguinhos-serra-es-1503431379,serra,praia-da-baleia,1,46.0,2,1,1,1,1,1,1,0,0,1750.0,0
1433355489,https://es.olx.com.br/norte-do-espirito-santo/imoveis/aluga-se-2-quartos-com-vista-para-o-mar-de-itaparica-1433355489,vila-velha,praia-de-itaparica,0,60.0,2,2,2,0,0,1,1,1,1,3300.0,0
1503419118,https://es.olx.com.br/norte-do-espirito-santo/imoveis/4-quartos-1-suite-armarios-dependencia-2vg-1503419118,vila-velha,praia-da-costa,1,150.0,4,3,2,0,0,0,0,0,0,5200.0,0
1503410889,https://es.olx.com.br/norte-do-espirito-santo/imoveis/apartamento-de-1-quarto-e-sala-mobiliado-em-jardim-camburi-vitoria-es-1503410889,vitoria,jardim-camburi,1,40.0,1,1,0,0,0,0,0,0,1,2800.0,0
1503407439,https://es.olx.com.br/norte-do-espirito-santo/imoveis/kitnet-para-aluguel-com-1-quarto-e-varanda-em-serra-dourada-iii-serra-es-1503407439,serra,serra-dourada-iii,1,30.0,1,1,0,0,0,0,0,0,0,850.0,0
1479229955,https://es.olx.com.br/norte-do-espirito-santo/imoveis/01-quarto-mobiliado-excelente-jucutuquara-perto-de-fradinhos-1479229955,vitoria,jucutuquara,1,26.0,1,1,0,0,0,0,0,0,1,1100.0,1
1503391953,https://es.olx.com.br/norte-do-espirito-santo/imoveis/este-belissimo-apartamento-esta-localizado-no-edificio-vivendas-de-itapua-cod-28150-1503391953,vila-velha,praia-da-costa,1,114.0,3,2,1,0,0,0,0,0,0,750033.0,0
1501511389,https://es.olx.com.br/norte-do-espirito-santo/imoveis/apartamento-locacao-anual-frente-mar-com-3-quartos-2-vagas-e-lazer-na-prainha-1501511389,guarapari,muquicaba,1,110.0,3,3,2,1,1,1,0,1,0,4500.0,0
1501487462,https://es.olx.com.br/norte-do-espirito-santo/imoveis/apto-2qts-suite-sala-cozinha-area-de-servico-varanda-e-garagem-1501487462,vila-velha,praia-das-gaivotas,1,68.0,2,2,1,0,0,0,0,1,0,2600.0,0
1503361653,https://es.olx.com.br/norte-do-espirito-santo/imoveis/apartamento-2-quartos-em-morada-de-laranjeiras-1503361653,serra,morada-de-laranjeiras,1,45.0,2,1,1,0,0,0,0,0,0,2000.0,0
1503320145,https://es.olx.com.br/norte-do-espirito-santo/imoveis/alto-padrao-4-quartos-2-suites-3-vagas-de-garagem-e-lazer-de-resort-1503320145,vila-velha,darly-santos,1,147.0,4,3,3,1,1,1,1,1,1,8000.0,0
1503299247,https://es.olx.com.br/norte-do-espirito-santo/imoveis/apartamento-amplo-e-confortavel-para-locacao-no-bairro-helio-ferraz-serra-es-1503299247,serra,helio-ferraz,1,140.0,3,2,1,0,0,0,0,0,0,4000.0,0
1503272139,https://es.olx.com.br/norte-do-espirito-santo/imoveis/alugo-ap-1503272139,serra,colina-de-laranjeiras,1,57.0,2,1,2,0,1,1,0,0,0,2350.0,0
1469869251,https://es.olx.com.br/norte-do-espirito-santo/imoveis/apartamento-de-dois-quartos-1469869251,serra,morada-de-laranjeiras,1,48.0,2,1,1,1,1,1,1,1,0,1600.0,0
1503262277,https://es.olx.com.br/norte-do-espirito-santo/imoveis/apartamento-para-locacao-em-campo-grande-1503262277,cariacica,campo-grande,1,200.0,3,2,2,0,0,0,0,1,0,2500.0,0
1503254348,https://es.olx.com.br/norte-do-espirito-santo/imoveis/venda-ou-locacao-apartamento-3-quartos-praia-da-costa-vila-velha-1503254348,vila-velha,praia-da-costa,1,107.0,3,3,2,1,0,1,1,1,0,5800.0,0
1503251910,https://es.olx.com.br/norte-do-espirito-santo/imoveis/apartamento-mobiliado-para-locacao-praia-da-costa-vila-velha-es-1503251910,vila-velha,praia-da-costa,1,130.0,3,3,2,1,0,1,0,1,1,6000.0,0
1503242268,https://es.olx.com.br/norte-do-espirito-santo/imoveis/locacao-apartamento-2-quartos-jardim-da-penha-vitoria-1503242268,vitoria,jardim-da-penha,1,74.0,2,1,1,1,0,0,0,1,0,3500.0,0
1503238793,https://es.olx.com.br/norte-do-espirito-santo/imoveis/apartamento-para-locacao-anual-1503238793,guarapari,praia-do-morro,1,75.0,3,3,1,1,0,0,0,0,0,3400.0,0
1503236096,https://es.olx.com.br/norte-do-espirito-santo/imoveis/casa-duplex-520-m-fradinhos-vitoria-es-1503236096,vitoria,fradinhos,0,520.0,4,5,4,0,0,1,0,1,1,20000.0,0
1503228805,https://es.olx.com.br/norte-do-espirito-santo/imoveis/aluguel-de-apartamento-de-1-quarto-na-praia-de-itaparica-vila-velha-es-48m-e-vaga-de-g-1503228805,vila-velha,praia-de-itaparica,1,48.0,1,1,1,1,1,1,0,0,0,5500.0,0
1503228668,https://es.olx.com.br/norte-do-espirito-santo/imoveis/imperdivel-apartamento-de-1-quarto-na-praia-da-costa-em-vila-velha-es-com-suite-1-vaga-1503228668,vila-velha,praia-da-costa,1,70.0,1,1,1,1,0,1,0,0,0,3500.0,0
1503197191,https://es.olx.com.br/norte-do-espirito-santo/imoveis/apartamento-mobiliado-em-itapua-1503197191,vila-velha,itapua,1,60.0,1,2,1,1,1,1,0,1,1,2600.0,0
1485753056,https://es.olx.com.br/norte-do-espirito-santo/imoveis/sublocacao-de-consultorio-por-turno-bento-ferreira-1485753056,vila-velha,itapua,1,30.0,1,2,0,0,0,0,0,0,0,800.0,0
1503076107,https://es.olx.com.br/norte-do-espirito-santo/imoveis/alugo-apartamento-3-quartos-com-suite-1503076107,vitoria,santa-tereza,1,100.0,3,2,1,0,0,0,0,0,0,2600.0,0
1501191667,https://es.olx.com.br/norte-do-espirito-santo/imoveis/apartamento-com-2-quartos-em-praia-da-baleia-serra-es-1501191667,serra,praia-da-baleia,1,47.0,2,1,1,0,1,1,1,0,0,1650.0,0
1503047715,https://es.olx.com.br/norte-do-espirito-santo/imoveis/casa-pra-alugar-em-praia-de-itaparica-vila-velha-1503047715,vila-velha,praia-de-itaparica,0,170.0,4,2,4,0,0,0,0,1,0,3700.0,0
1503042331,https://es.olx.com.br/norte-do-espirito-santo/imoveis/linda-casa-de-praia-em-ponta-da-fruta-mobiliado-1503042331,vila-velha,ponta-da-fruta,0,360.0,2,2,5,0,0,0,0,1,0,600000.0,0
1503034847,https://es.olx.com.br/norte-do-espirito-santo/imoveis/aluga-se-apartamento-3-quartos-condominio-veredas-buritis-1503034847,serra,colina-de-laranjeiras,1,72.0,3,2,1,1,1,1,1,1,0,2800.0,0
1503029594,https://es.olx.com.br/norte-do-espirito-santo/imoveis/quarto-1503029594,vitoria,jardim-da-penha,1,89.0,1,2,1,0,0,0,0,0,1,1350.0,0
1503024002,https://es.olx.com.br/norte-do-espirito-santo/imoveis/apartamento-mobiliado-de-2-quartos-1503024002,serra,colina-de-laranjeiras,1,45.0,2,1,1,0,1,1,0,0,1,2000.0,0
1503014009,https://es.olx.com.br/norte-do-espirito-santo/imoveis/3-quartos-em-itapua-cod-28327-f-1503014009,vila-velha,itapua,1,132.0,3,3,1,0,0,0,0,0,0,1050332.0,0
1502996869,https://es.olx.com.br/norte-do-espirito-santo/imoveis/alugo-apto-novo-em-jokey-de-itaparica-vila-velha-condominio-junto-por-r-2-900-00-1502996869,vila-velha,jockey-de-itaparica,1,78.0,3,2,1,1,0,0,0,0,0,2900.0,0
1502996730,https://es.olx.com.br/norte-do-espirito-santo/imoveis/apartamento-para-alugar-na-praia-da-costa-vila-velha-1502996730,vila-velha,praia-da-costa,1,152.0,3,3,2,1,1,1,1,1,1,5800.0,0
1502994427,https://es.olx.com.br/norte-do-espirito-santo/imoveis/apartamento-no-vivenda-laranjeiras-1502994427,serra,parque-residencial-laranjeiras,1,50.0,2,2,1,0,0,0,0,0,0,2600.0,0
1502983712,https://es.olx.com.br/norte-do-espirito-santo/imoveis/apartamento-2-quartos-no-arpoador-residence-vila-velha-es-1502983712,vila-velha,praia-das-gaivotas,1,59.0,2,2,1,1,1,1,1,1,0,3200.0,0
1502976442,https://es.olx.com.br/norte-do-espirito-santo/imoveis/apartamento-3-quartos-montado-e-decorado-em-condominio-clube-gaivotas-itaparica-mar-egeu-1502976442,vila-velha,praia-de-itaparica,1,75.0,3,2,2,1,1,1,1,1,1,3600.0,0
1502889930,https://es.olx.com.br/norte-do-espirito-santo/imoveis/alugo-kitnet-barramares-1502889930,vila-velha,barramares,1,30.0,1,1,0,0,0,0,0,0,0,800.0,1
1502881023,https://es.olx.com.br/norte-do-espirito-santo/imoveis/apartamento-na-praia-de-itaparica-semimobiliado-2-quartos-suite-e-lazer-1502881023,vila-velha,praia-de-itaparica,1,58.0,2,2,1,1,0,1,1,1,0,3700.0,0
1502880991,https://es.olx.com.br/norte-do-espirito-santo/imoveis/alugo-02-quartos-em-jardim-camburi-100-mobiliado-1502880991,vitoria,jardim-camburi,1,50.0,2,1,1,0,1,1,0,0,1,2950.0,0
1495710975,https://es.olx.com.br/norte-do-espirito-santo/imoveis/aluga-se-apartamentos-em-uma-casa-novinha-1495710975,vitoria,praia-do-sua,1,40.0,1,1,2,0,0,0,0,1,0,1600.0,0
1502860861,https://es.olx.com.br/norte-do-espirito-santo/imoveis/kitnetes-para-alugar-em-meaipe-guarapari-900m-praia-r-950-inclui-agua-luz-internet-1502860861,guarapari,meaipe,1,30.0,1,1,0,0,0,0,0,0,0,950.0,1
1383162453,https://es.olx.com.br/norte-do-espirito-santo/imoveis/apartamento-dois-quartos-1383162453,serra,morada-de-laranjeiras,1,47.0,2,1,1,0,1,1,0,0,0,1800.0,0
1502830443,https://es.olx.com.br/norte-do-espirito-santo/imoveis/casa-mobiliado-de-dois-quartos-com-dois-filhos-1502830443,serra,morada-de-laranjeiras,1,125.0,2,2,2,0,0,0,0,1,1,4500.0,0
1502814915,https://es.olx.com.br/norte-do-espirito-santo/imoveis/apartamento-de-1-quarto-p-alugar-em-sol-nascente-1502814915,guarapari,sol-nascente,1,33.0,1,1,0,0,0,0,0,0,0,950.0,0
1502814076,https://es.olx.com.br/norte-do-espirito-santo/imoveis/apartamento-ja-foi-alugado-agradeco-alugo-apartamento-em-sao-francisco-cariacica-1502814076,cariacica,sao-francisco,1,70.0,2,1,1,0,0,0,0,0,0,1300.0,0
1502788478,https://es.olx.com.br/norte-do-espirito-santo/imoveis/apartamento-kitnet-e-quintal-cidade-alta-centro-vitoria-es-1502788478,vitoria,centro,1,35.0,1,1,0,0,0,0,0,0,0,1500.0,0
1502763441,https://es.olx.com.br/norte-do-espirito-santo/imoveis/apartamento-no-terreo-de-3-quartos-1502763441,vila-velha,itapua,1,70.0,3,1,1,0,0,1,0,0,0,3000.0,0
1502749987,https://es.olx.com.br/norte-do-espirito-santo/imoveis/apartamento-1-quarto-em-itaparica-proximo-ao-mar-e-comercios-da-regiao-1502749987,vila-velha,praia-de-itaparica,1,40.0,1,1,0,0,0,0,0,0,0,1600.0,0
1502671671,https://es.olx.com.br/norte-do-espirito-santo/imoveis/apartamento-2-dormitorios-centro-guarapari-1502671671,guarapari,centro,1,65.0,2,1,1,0,0,1,1,1,0,3517.0,0
1424788060,https://es.olx.com.br/norte-do-espirito-santo/imoveis/studio-com-ar-condicionado-agua-e-energia-ja-incluso-1424788060,serra,manoel-plaza,1,20.0,1,1,0,0,0,0,0,0,1,1600.0,0
1502646308,https://es.olx.com.br/norte-do-espirito-santo/imoveis/locacao-apt-3qts-suite-decorado-em-morada-de-laranjeiras-1502646308,serra,morada-de-laranjeiras,1,70.0,3,2,0,0,0,0,0,0,0,4900.0,1
1502635152,https://es.olx.com.br/norte-do-espirito-santo/imoveis/apartamento-no-cond-costa-bella-ed-corais-1502635152,vila-velha,ataide,1,50.0,2,1,1,1,1,1,1,1,0,1700.0,0
1502575543,https://es.olx.com.br/norte-do-espirito-santo/imoveis/12-kitnets-1502575543,vitoria,maria-ortiz,1,20.0,1,1,5,0,0,1,1,1,0,1000.0,0
1502549449,https://es.olx.com.br/norte-do-espirito-santo/imoveis/apartamento-para-alugar-na-praia-de-itaparica-vila-velha-1502549449,vila-velha,praia-de-itaparica,1,252.0,4,5,3,1,1,1,1,1,0,13000.0,0
1502531841,https://es.olx.com.br/norte-do-espirito-santo/imoveis/casa-duplex-3-quartos-para-alugar-300-m-aribiri-gloria-vila-velha-1502531841,vila-velha,aribiri,0,300.0,3,2,4,0,0,0,0,1,0,3000.0,0
1502528171,https://es.olx.com.br/norte-do-espirito-santo/imoveis/aluga-se-uma-casa-1502528171,serra,santa-luzia,0,55.0,1,1,0,0,0,0,0,0,0,800.0,0
1502507890,https://es.olx.com.br/norte-do-espirito-santo/imoveis/alugo-apartamento-residencial-club-1502507890,vitoria,jardim-camburi,1,70.0,2,1,1,0,1,1,1,0,0,2500.0,0
1502504574,https://es.olx.com.br/norte-do-espirito-santo/imoveis/apartamento-para-locacao-santa-lucia-vitoria-es-1502504574,vitoria,santa-lucia,1,95.0,3,3,2,1,0,1,0,1,1,5200.0,0
1502502555,https://es.olx.com.br/norte-do-espirito-santo/imoveis/apartamento-2-quartos-com-armarios-e-lazer-completo-em-predio-novo-na-praia-de-itaparica-1502502555,vila-velha,praia-de-itaparica,1,55.0,2,2,1,1,0,1,0,0,0,3500.0,0
1502502541,https://es.olx.com.br/norte-do-espirito-santo/imoveis/conforto-de-primeira-locacao-na-praia-de-itaparica-1502502541,vila-velha,jardim-guaranhuns,1,65.0,2,2,1,1,0,1,0,1,0,3000.0,0
1502502506,https://es.olx.com.br/norte-do-espirito-santo/imoveis/primeira-locacao-3-quartos-novo-em-praia-de-itaparica-1502502506,vila-velha,jardim-guaranhuns,1,77.0,3,2,2,1,0,1,0,1,0,3800.0,0
1502502235,https://es.olx.com.br/norte-do-espirito-santo/imoveis/estreia-de-moradia-2-quartos-com-lazer-em-itaparica-1502502235,vila-velha,jardim-guaranhuns,1,65.0,2,2,1,0,0,1,0,1,0,3000.0,0
1502502195,https://es.olx.com.br/norte-do-espirito-santo/imoveis/apartamento-com-2-dormitorios-para-alugar-60-m-por-r-3-250-00-mes-jockey-de-itaparica-1502502195,vila-velha,jockey-de-itaparica,1,60.0,2,2,1,1,1,1,0,1,0,2700.0,0
1502497992,https://es.olx.com.br/norte-do-espirito-santo/imoveis/apartamento-para-locacao-praia-da-costa-vila-velha-es-1502497992,vila-velha,praia-da-costa,1,60.0,2,1,0,0,0,1,0,0,1,4500.0,0
1502494249,https://es.olx.com.br/norte-do-espirito-santo/imoveis/casa-com-3-suites-para-alugar-219-m-por-r-6-000-mes-morada-de-laranjeiras-serra-es-1502494249,serra,morada-de-laranjeiras,0,220.0,3,4,3,0,0,0,0,1,0,6000.0,0
1502486530,https://es.olx.com.br/norte-do-espirito-santo/imoveis/apartamento-para-aluguel-anual-com-vista-pro-mar-1502486530,guarapari,praia-do-morro,1,70.0,2,1,1,1,0,0,0,0,0,3500.0,0
1502485154,https://es.olx.com.br/norte-do-espirito-santo/imoveis/apartamento-com-4-quartos-para-alugar-181-m-por-r-16-700-mes-praia-do-canto-vitoria-1502485154,vitoria,praia-do-canto,1,181.0,4,4,2,1,0,1,0,1,1,15000.0,0
1502480141,https://es.olx.com.br/norte-do-espirito-santo/imoveis/locacao-apartamento-2-quartos-jardim-camburi-vitoria-1502480141,vitoria,jardim-camburi,1,72.0,2,2,1,0,0,0,0,0,0,2200.0,0
1502473710,https://es.olx.com.br/norte-do-espirito-santo/imoveis/luxuoso-frente-mar-cobertura-duplex-com-04-quartos-sendo-01-suite-e-02-vagas-1502473710,guarapari,praia-do-morro,1,280.0,4,3,2,1,0,0,0,0,0,10500.0,0
1502440336,https://es.olx.com.br/norte-do-espirito-santo/imoveis/casa-aconchegante-na-enseada-azul-praia-peracanga-guarapari-es-1502440336,guarapari,enseada-azul,0,140.0,3,4,2,0,0,0,0,1,1,3500.0,0
1502434002,https://es.olx.com.br/norte-do-espirito-santo/imoveis/alugo-apto-2-quartos-proximo-multivix-de-vitoria-para-universitarios-1502434002,vitoria,antonio-honorio,1,40.0,2,1,0,0,0,0,0,1,0,2200.0,0
1479978778,https://es.olx.com.br/norte-do-espirito-santo/imoveis/apartamento-3-quartos-com-suite-jardim-camburi-creci-3284-f-1479978778,vitoria,jardim-camburi,1,75.0,3,2,1,1,1,0,0,1,0,3500.0,0
1484571742,https://es.olx.com.br/norte-do-espirito-santo/imoveis/alugo-apartamento-2-quartos-mobiliado-jardim-camburi-1484571742,vitoria,jardim-camburi,1,65.0,2,1,1,1,1,1,0,1,1,4000.0,0
1502361213,https://es.olx.com.br/norte-do-espirito-santo/imoveis/praia-da-costa-casa-de-3-quartos-2-suites-2-vagas-105m-1502361213,vila-velha,praia-da-costa,0,105.0,3,3,2,0,1,0,0,0,1,8000.0,0
1448036518,https://es.olx.com.br/norte-do-espirito-santo/imoveis/apartamento-dois-quartos-1448036518,serra,praia-da-baleia,1,56.0,2,1,1,1,1,1,1,1,0,2200.0,0
1389092317,https://es.olx.com.br/norte-do-espirito-santo/imoveis/apartamento-dois-quartos-com-suite-1389092317,serra,colina-de-laranjeiras,1,66.0,2,2,1,1,1,1,1,1,0,2800.0,0
1502325703,https://es.olx.com.br/norte-do-espirito-santo/imoveis/casa-a-venda-e-para-alugar-em-serra-jacuhy-com-4-quartos-com-330-m-alphaville-jacuhy-1502325703,serra,jacuhy,0,330.0,4,4,0,0,1,1,1,0,0,15000.0,1
1502298034,https://es.olx.com.br/norte-do-espirito-santo/imoveis/lindo-lindo-lindo-ap-studio-ja-foi-alugado-1502298034,cariacica,jardim-campo-grande,1,35.0,1,1,1,0,0,0,0,0,1,1690.0,0
1502290082,https://es.olx.com.br/norte-do-espirito-santo/imoveis/o-imovel-localizado-no-bairro-ataide-com-51m-com-2-quartos-e-1-banheiro-1502290082,vila-velha,ataide,1,51.0,2,1,1,1,1,1,1,0,0,1999.0,0
1502273552,https://es.olx.com.br/norte-do-espirito-santo/imoveis/alugo-apartamento-mobiliado-em-morada-de-laranjeiras-1502273552,serra,parque-residencial-laranjeiras,1,79.0,3,2,1,1,1,1,1,1,1,3500.0,0
1502268305,https://es.olx.com.br/norte-do-espirito-santo/imoveis/02-quartos-frentaco-mar-da-praia-de-bervelly-hills-1502268305,vila-velha,itapua,1,80.0,2,1,2,1,1,1,0,1,0,3800.0,0
1502258436,https://es.olx.com.br/norte-do-espirito-santo/imoveis/apartamento-beira-mar-vista-privilegiada-1502258436,guarapari,praia-do-morro,1,79.0,3,3,1,1,1,0,0,1,1,3500.0,0
1502245606,https://es.olx.com.br/norte-do-espirito-santo/imoveis/1-quarto-e-sala-mobilia-nova-1502245606,vitoria,jardim-camburi,1,45.0,1,1,0,0,0,0,0,0,1,2850.0,0
1502243935,https://es.olx.com.br/norte-do-espirito-santo/imoveis/apartamento-para-locacao-no-bairro-campo-grande-cariacica-es-1502243935,cariacica,campo-grande,1,156.0,3,2,1,0,0,0,0,0,1,3100.0,0
1502230490,https://es.olx.com.br/norte-do-espirito-santo/imoveis/apartamento-2-quartos-mobiliado-e-decorado-em-itapoa-1502230490,vila-velha,itapua,1,69.0,2,2,1,0,0,0,0,0,0,4400.0,0
1502211842,https://es.olx.com.br/norte-do-espirito-santo/imoveis/apartamento-na-praia-da-costa-com-3-quartos-parque-das-castanheiras-1502211842,vila-velha,praia-da-costa,1,150.0,3,3,2,0,0,1,0,0,0,7000.0,0
1502210109,https://es.olx.com.br/norte-do-espirito-santo/imoveis/casa-a-venda-e-para-alugar-em-serra-jacuhy-com-4-quartos-com-330-m-alphaville-jacuhy-1502210109,serra,jacuhy,0,330.0,4,4,0,0,1,1,1,0,0,15000.0,1
1502201531,https://es.olx.com.br/norte-do-espirito-santo/imoveis/apartamento-com-2-dormitorios-para-alugar-75-m-por-r-3-550-mes-enseada-azul-guarapa-1502201531,guarapari,enseada-azul,1,75.0,2,2,2,1,0,0,0,0,0,2650.0,0
1502195479,https://es.olx.com.br/norte-do-espirito-santo/imoveis/apartamento-para-locacao-na-praia-de-itaparica-2-quartos-com-suite-sol-da-manha-e-armari-1502195479,vila-velha,praia-de-itaparica,1,73.0,2,2,1,0,0,1,0,0,0,3200.0,0
1502195357,https://es.olx.com.br/norte-do-espirito-santo/imoveis/2-quartos-a-poucos-passos-do-mar-na-praia-de-itaparica-1502195357,vila-velha,praia-de-itaparica,1,73.0,2,2,1,1,0,0,0,0,0,3200.0,0
1502181244,https://es.olx.com.br/norte-do-espirito-santo/imoveis/2-quartos-mobiliado-1502181244,vila-velha,praia-de-itaparica,1,69.0,2,2,1,1,1,1,1,1,1,5500.0,0
1148204762,https://es.olx.com.br/norte-do-espirito-santo/imoveis/alugo-casa-comercial-na-enseada-do-sua-com-260m-e-5-vagas-r-15-000-00-1148204762,vitoria,enseada-do-sua,0,260.0,5,4,5,0,0,0,0,1,0,15000.0,0
1502141350,https://es.olx.com.br/norte-do-espirito-santo/imoveis/apartamento-para-alugar-em-serra-colina-de-laranjeiras-com-2-quartos-com-55-m-parque-1502141350,serra,colina-de-laranjeiras,1,55.0,2,1,1,0,1,1,0,0,0,1900.0,0
1502112335,https://es.olx.com.br/norte-do-espirito-santo/imoveis/ape-3-qts-suite-em-barcelona-serra-es-1502112335,serra,barcelona,1,90.0,3,2,0,0,0,0,0,0,0,2400.0,0
1502079165,https://es.olx.com.br/norte-do-espirito-santo/imoveis/aluga-se-apartamento-na-praia-do-morro-em-guarapari-1502079165,guarapari,praia-do-morro,1,68.0,2,2,1,0,1,1,1,0,0,3800.0,0
1500065216,https://es.olx.com.br/norte-do-espirito-santo/imoveis/apartamento-alto-padrao-na-praia-da-costa-vila-velha-es-1500065216,vila-velha,centro-de-vila-velha,1,100.0,3,2,2,1,0,1,1,0,0,5000.0,0
1502025609,https://es.olx.com.br/norte-do-espirito-santo/imoveis/apartamento-quarto-e-sala-em-jardim-camburi-todo-mobiliado-a-100-metros-da-praia-1502025609,vitoria,jardim-camburi,1,45.0,1,1,1,1,1,0,0,0,1,2500.0,0
1502015593,https://es.olx.com.br/norte-do-espirito-santo/imoveis/alugo-casa-duplex-2-qts-em-balneario-de-carapebus-1502015593,serra,balneario-de-carapebus,1,76.0,2,1,1,0,1,1,0,0,0,2100.0,0
1502012883,https://es.olx.com.br/norte-do-espirito-santo/imoveis/ja-aluguei-1502012883,vila-velha,novo-mexico,1,30.0,1,1,0,0,0,0,0,0,0,780.0,0
1502004698,https://es.olx.com.br/norte-do-espirito-santo/imoveis/imovel-para-aluguel-possui-52m-com-2-quartos-itaparica-1502004698,vila-velha,coqueiral-de-itaparica,1,52.0,2,1,1,0,1,0,0,0,1,5001.0,0
1502001501,https://es.olx.com.br/norte-do-espirito-santo/imoveis/aluga-se-apartamento-no-centro-de-guarapari-1502001501,guarapari,centro,1,68.0,2,1,0,0,0,0,0,0,0,2200.0,0
1501996006,https://es.olx.com.br/norte-do-espirito-santo/imoveis/loja-para-aluguel-no-centro-de-guarapari-1501996006,guarapari,centro,1,28.0,1,1,0,0,0,0,0,0,0,1000.0,1
1501983294,https://es.olx.com.br/norte-do-espirito-santo/imoveis/edificio-solar-mariz-com-2-quartos-sendo-1-suite-no-centro-de-guarapari-1501983294,guarapari,sao-judas-tadeu,1,70.0,2,3,1,1,0,0,0,0,1,3500.0,0
1501973497,https://es.olx.com.br/norte-do-espirito-santo/imoveis/casa-com-4-dormitorios-a-venda-138-m-por-r-1-210-000-00-manguinhos-serra-es-1501973497,serra,manguinhos,0,138.0,4,4,2,0,0,0,0,1,0,1210000.0,0
1501944490,https://es.olx.com.br/norte-do-espirito-santo/imoveis/apartamento-para-aluguel-2-quartos-1-suite-1-vaga-itapua-vila-velha-es-1501944490,vila-velha,itapua,1,60.0,2,2,1,0,1,1,0,1,0,2500.0,0
1501942731,https://es.olx.com.br/norte-do-espirito-santo/imoveis/apartamento-para-aluguel-1-quarto-praia-da-costa-vila-velha-es-1501942731,vila-velha,praia-da-costa,1,45.0,1,1,0,1,0,0,0,0,0,2000.0,0
1501940070,https://es.olx.com.br/norte-do-espirito-santo/imoveis/locacao-casa-itapemirim-cariacica-1501940070,cariacica,itapemirim,0,70.0,3,1,0,0,0,0,0,1,0,1400.0,0
1501940062,https://es.olx.com.br/norte-do-espirito-santo/imoveis/locacao-apartamento-2-quartos-itapua-vila-velha-1501940062,vila-velha,itapua,1,77.0,2,2,1,1,0,0,0,1,0,2500.0,0
1501925127,https://es.olx.com.br/norte-do-espirito-santo/imoveis/locacao-apartamento-3-quartos-praia-da-costa-vila-velha-1501925127,vila-velha,praia-da-costa,1,106.0,3,2,1,1,0,0,0,0,0,3800.0,0
1501915864,https://es.olx.com.br/norte-do-espirito-santo/imoveis/apartamento-para-locacao-divino-espirito-santo-vila-velha-es-1501915864,vila-velha,divino-espirito-santo,1,80.0,3,1,0,0,0,0,0,0,0,2500.0,0
1501910699,https://es.olx.com.br/norte-do-espirito-santo/imoveis/apto-2-qtos-em-itapoa-1501910699,vila-velha,itapua,1,65.0,2,2,1,1,1,1,1,1,0,2700.0,0
1501905838,https://es.olx.com.br/norte-do-espirito-santo/imoveis/apartamento-para-locacao-anual-na-praia-do-morro-1501905838,guarapari,praia-do-morro,1,100.0,2,3,1,1,0,0,0,0,0,3500.0,0
1501905457,https://es.olx.com.br/norte-do-espirito-santo/imoveis/alugo-quarto-feminino-1501905457,serra,sao-diogo-ii,1,44.0,2,1,0,0,1,1,0,0,1,1000.0,0
1501896334,https://es.olx.com.br/norte-do-espirito-santo/imoveis/venda-ou-locacao-apartamento-2-quartos-jardim-camburi-vitoria-1501896334,vitoria,jardim-camburi,1,60.0,2,2,1,1,0,1,0,1,0,2800.0,0
1501895620,https://es.olx.com.br/norte-do-espirito-santo/imoveis/apartamento-com-3-quartos-para-aluguel-90m-1501895620,vila-velha,centro-de-vila-velha,1,90.0,3,2,0,0,0,0,0,0,0,2700.0,1
1501877353,https://es.olx.com.br/norte-do-espirito-santo/imoveis/apartamento-com-2-dormitorios-para-alugar-80-m-por-r-3-320-00-mes-enseada-do-sua-vi-1501877353,vitoria,enseada-do-sua,1,80.0,2,1,1,1,0,0,0,0,0,2750.0,0
1501860027,https://es.olx.com.br/norte-do-espirito-santo/imoveis/casa-duplex-3-quartos-com-suite-mobiliada-condominio-fechado-serra-es-1501860027,serra,santa-luzia,0,150.0,3,3,2,0,1,1,1,0,1,7000.0,0
1501817519,https://es.olx.com.br/norte-do-espirito-santo/imoveis/kitnet-mobiliada-em-pontal-das-garcas-1501817519,vila-velha,pontal-das-garcas,1,15.0,0,1,0,0,0,0,0,0,1,1150.0,0
1501813215,https://es.olx.com.br/norte-do-espirito-santo/imoveis/aluga-se-apto-amplo-de-1-quarto-1501813215,vila-velha,cocal,0,80.0,1,1,0,0,0,0,0,1,0,1400.0,0
1501793613,https://es.olx.com.br/norte-do-espirito-santo/imoveis/apartamento-de-02-quartos-com-lazer-clube-em-maringa-1501793613,serra,porto-canoa,1,45.0,2,1,1,0,1,1,1,0,0,1600.0,0
1501790531,https://es.olx.com.br/norte-do-espirito-santo/imoveis/imovel-para-aluguel-possui-75-metros-quadrados-com-2-quartos-em-praia-da-costa-vila-velh-1501790531,vila-velha,praia-da-costa,1,75.0,2,1,1,1,0,0,0,0,1,4000.0,0
1501774463,https://es.olx.com.br/norte-do-espirito-santo/imoveis/gs-excelente-casa-para-locacao-com-3-quartos-em-colina-de-laranjeiras-1501774463,serra,colina-de-laranjeiras,0,199.0,3,2,2,0,0,0,0,0,0,5000.0,0
1501772689,https://es.olx.com.br/norte-do-espirito-santo/imoveis/aluguel-2-quartos-c-suite-andar-alto-e-150m-da-praia-jockey-de-itaparica-1501772689,vila-velha,jockey-de-itaparica,1,60.0,2,2,1,1,1,1,1,0,0,2500.0,0
1501768379,https://es.olx.com.br/norte-do-espirito-santo/imoveis/gs-excelente-apartamento-3-quartos-c-suite-em-morada-de-laranjeiras-1501768379,serra,morada-de-laranjeiras,1,82.0,3,2,1,0,0,0,0,0,0,3800.0,0
1501767031,https://es.olx.com.br/norte-do-espirito-santo/imoveis/apartamento-mobiliado-em-coqueiral-de-itaparica-1501767031,vila-velha,coqueiral-de-itaparica,1,98.0,3,3,1,0,0,0,0,0,1,3000.0,0
1501546476,https://es.olx.com.br/norte-do-espirito-santo/imoveis/alugo-kitinet-ampla-1501546476,vitoria,centro,1,33.0,1,1,0,0,0,0,0,0,0,2000.0,1
1501745960,https://es.olx.com.br/norte-do-espirito-santo/imoveis/apartamentos-2-quartos-em-vitoria-es-santa-lucia-1501745960,vitoria,santa-lucia,1,80.0,2,2,0,0,0,0,0,0,0,1800.0,0
1501710976,https://es.olx.com.br/norte-do-espirito-santo/imoveis/apartamento-03-quartos-jardim-camburi-lazer-completo-1501710976,vitoria,jardim-camburi,1,98.0,3,2,2,1,1,1,1,1,0,4500.0,0
1501707535,https://es.olx.com.br/norte-do-espirito-santo/imoveis/alugo-kitnet-em-aracas-r-900-00-1501707535,vila-velha,vila-guaranhuns,0,30.0,1,1,0,0,0,0,0,0,1,900.0,0
1501684794,https://es.olx.com.br/norte-do-espirito-santo/imoveis/edificio-vila-oceanica-com-3-quartos-sendo-1-suite-para-locacao-praia-do-morro-1501684794,guarapari,praia-do-morro,1,95.0,3,2,2,1,1,1,0,1,1,4000.0,0
1501684532,https://es.olx.com.br/norte-do-espirito-santo/imoveis/solar-das-castanheiras-3-quartos-sendo-1-suite-locacao-anual-centro-guarapari-1501684532,guarapari,centro,1,93.0,3,2,2,0,1,1,0,1,1,6000.0,0
1501675024,https://es.olx.com.br/norte-do-espirito-santo/imoveis/apartamento-de-2-quartos-para-aluguel-praia-de-itaparica-vila-velha-es-1501675024,vila-velha,praia-de-itaparica,1,70.0,2,2,1,1,1,1,1,1,1,3000.0,0
1501674910,https://es.olx.com.br/norte-do-espirito-santo/imoveis/apt-2-quartos-colina-laranjeiras-1501674910,serra,colina-de-laranjeiras,1,56.0,2,1,1,0,1,1,0,0,0,1600.0,0
1496788312,https://es.olx.com.br/norte-do-espirito-santo/imoveis/apartamento-com-3-quartos-para-alugar-85-m-praia-de-itaparica-vila-velha-es-1496788312,vila-velha,praia-de-itaparica,1,85.0,3,2,2,0,1,1,1,1,0,3500.0,0
1460388366,https://es.olx.com.br/norte-do-espirito-santo/imoveis/apartamentos-3quartos-com-suite-para-locacao-1460388366,vila-velha,praia-de-itaparica,1,70.0,3,2,1,1,1,1,1,1,0,3300.0,0
1501643859,https://es.olx.com.br/norte-do-espirito-santo/imoveis/casa-para-aluguel-2-quartos-2-suites-4-vagas-barra-do-jucu-vila-velha-es-1501643859,vila-velha,barra-do-jucu,0,180.0,2,3,4,0,0,1,0,1,0,4800.0,0
1501643814,https://es.olx.com.br/norte-do-espirito-santo/imoveis/casa-para-aluguel-4-quartos-1-suite-1-vaga-centro-de-vila-velha-vila-velha-es-1501643814,vila-velha,centro-de-vila-velha,0,410.0,4,4,1,0,0,0,0,1,0,16000.0,0
1501642052,https://es.olx.com.br/norte-do-espirito-santo/imoveis/sobrado-para-aluguel-possui-120-metros-quadrados-com-3-quartos-em-praia-do-canto-vitoria-1501642052,vitoria,praia-do-canto,0,120.0,3,2,0,0,0,0,0,1,0,3300.0,0
1501627808,https://es.olx.com.br/norte-do-espirito-santo/imoveis/praia-da-costa-apartamento-mobiliado-2-quartos-para-alugar-em-praia-da-costa-vila-velha-1501627808,vila-velha,praia-da-costa,1,75.0,2,3,1,1,1,1,0,0,0,5000.0,0
1501624544,https://es.olx.com.br/norte-do-espirito-santo/imoveis/apartamento-para-locacao-praia-de-itaparica-vila-velha-es-1501624544,vila-velha,praia-de-itaparica,1,66.0,2,2,0,1,1,1,0,1,0,3500.0,0
1501614133,https://es.olx.com.br/norte-do-espirito-santo/imoveis/casa-com-03-quartos-bairro-resistencia-vitoria-es-1501614133,vitoria,resistencia,0,70.0,3,1,1,0,0,0,0,0,0,1500.0,0
1501612511,https://es.olx.com.br/norte-do-espirito-santo/imoveis/apartamento-para-locacao-anual-na-praia-do-morro-1501612511,guarapari,praia-do-morro,1,97.0,3,2,2,1,0,0,0,0,0,4000.0,0
1501607222,https://es.olx.com.br/norte-do-espirito-santo/imoveis/apartamento-padrao-sol-da-manha-vista-eterna-para-o-mar-quadra-do-mar-praia-da-costa-1501607222,vila-velha,praia-da-costa,1,125.0,3,3,2,1,0,1,0,1,1,7000.0,0
1501606641,https://es.olx.com.br/norte-do-espirito-santo/imoveis/aluga-se-kit-net-bairro-morro-do-quadro-1501606641,vitoria,caratoira,0,30.0,2,1,0,0,0,0,0,0,0,700.0,0
1501601331,https://es.olx.com.br/norte-do-espirito-santo/imoveis/apartamento-com-2-quartos-para-alugar-58-m-itapua-vila-velha-es-1501601331,vila-velha,itapua,1,58.0,2,2,1,0,0,1,0,1,0,2500.0,0
1501575829,https://es.olx.com.br/norte-do-espirito-santo/imoveis/aluga-se-apartamento-02-quartos-na-quadra-do-mar-em-itapua-1501575829,vila-velha,itapua,1,65.0,2,2,1,1,0,1,1,0,0,3500.0,0
1501575896,https://es.olx.com.br/norte-do-espirito-santo/imoveis/kit-net-1501575896,serra,nova-carapina-i,0,45.0,1,1,0,0,0,0,0,1,0,1000.0,0
1501546336,https://es.olx.com.br/norte-do-espirito-santo/imoveis/ja-alugou-1501546336,vila-velha,praia-da-costa,1,100.0,3,2,0,1,0,0,0,0,0,2500.0,1
1501531132,https://es.olx.com.br/norte-do-espirito-santo/imoveis/aluga-se-apartamento-2-quartos-na-mata-da-praia-jardim-da-penha-vitoria-es-1501531132,vitoria,mata-da-praia,1,70.0,2,2,1,0,1,0,0,0,1,3600.0,0
1499813715,https://es.olx.com.br/norte-do-espirito-santo/imoveis/alugue-apartamento-na-ilha-do-boi-com-158-m2-1499813715,vitoria,ilha-do-boi,1,158.0,4,3,2,1,1,1,1,0,0,6000.0,0
1501488738,https://es.olx.com.br/norte-do-espirito-santo/imoveis/casa-comercial-com-200m-e-440m2-terreno-com-vagas-de-garagem-em-santa-lucia-vitoria-e-1501488738,vitoria,santa-lucia,0,200.0,3,3,5,0,0,0,0,0,0,17000.0,0
1501485291,https://es.olx.com.br/norte-do-espirito-santo/imoveis/apartamento-todo-mobiliado-em-colina-de-laranjeiras-condominio-ilha-de-vitoria-1501485291,serra,colina-de-laranjeiras,1,53.0,2,1,1,1,1,1,1,1,1,3490.0,0
1501476279,https://es.olx.com.br/norte-do-espirito-santo/imoveis/apartamento-mobiliado-1501476279,cariacica,sao-francisco,1,60.0,1,1,1,0,0,0,0,0,1,2000.0,0
1501454691,https://es.olx.com.br/norte-do-espirito-santo/imoveis/lindo-apartamento-de-2-quartos-em-jacaraipe-1501454691,serra,jardim-limoeiro,1,50.0,2,1,1,1,1,1,1,1,0,1700.0,0
1501426542,https://es.olx.com.br/norte-do-espirito-santo/imoveis/2-quartos-com-suite-porteira-fechada-699-mil-1501426542,vila-velha,jockey-de-itaparica,1,55.0,2,2,1,1,1,1,1,0,1,3100.0,0
1501407977,https://es.olx.com.br/norte-do-espirito-santo/imoveis/favor-ler-todo-o-anuncio-primeira-locacao-apartamento-2-quartos-suite-vista-mar-1501407977,vila-velha,praia-de-itaparica,1,61.0,2,2,1,1,1,1,1,1,0,2980.0,0
1501379358,https://es.olx.com.br/norte-do-espirito-santo/imoveis/apartamento-1-quarto-mobiliado-em-vitoria-1501379358,vitoria,santa-helena,1,40.0,1,1,1,1,1,1,1,1,1,3300.0,0
1501368734,https://es.olx.com.br/norte-do-espirito-santo/imoveis/alugo-casa-03-quartos-c-quintal-praia-grande-fundao-1501368734,fundao,praia-grande,0,120.0,3,1,3,0,0,0,0,0,0,3500.0,0
1501367566,https://es.olx.com.br/norte-do-espirito-santo/imoveis/oportunidade-no-parque-das-castanheiras-ed-vivace-cod-28414-f-1501367566,vila-velha,praia-da-costa,1,110.0,3,2,2,0,0,0,0,0,0,1600042.0,0
1498200564,https://es.olx.com.br/norte-do-espirito-santo/imoveis/apartamento-4-quartos-av-beira-mar-praia-do-morro-guarapari-es-1498200564,guarapari,praia-do-morro,1,160.0,4,3,1,1,1,0,0,1,0,3500.0,0
1501363392,https://es.olx.com.br/norte-do-espirito-santo/imoveis/mansao-com-vista-panoramica-morro-do-moreno-590-m-1501363392,vila-velha,praia-da-costa,0,1290.0,4,5,5,0,1,1,1,0,1,30000.0,0
1467290233,https://es.olx.com.br/norte-do-espirito-santo/imoveis/apartamento-para-locacao-no-condominio-vista-de-bicanga-1467290233,serra,bicanga,1,45.0,2,1,1,1,1,1,1,0,0,1700.0,0
1501339241,https://es.olx.com.br/norte-do-espirito-santo/imoveis/casa-para-locacao-comercial-em-laranjeiras-1501339241,serra,parque-residencial-laranjeiras,0,191.0,5,2,2,0,0,0,0,0,0,6000.0,0
1501299956,https://es.olx.com.br/norte-do-espirito-santo/imoveis/kitnet-mobiliado-carapina-grande-1501299956,serra,carapina-grande,1,18.0,1,1,0,0,0,0,0,0,1,1100.0,0
1501314831,https://es.olx.com.br/norte-do-espirito-santo/imoveis/apartamento-com-2-dormitorios-para-alugar-62-m-por-r-2-300-praia-de-itaparica-vila-1501314831,vila-velha,praia-de-itaparica,1,62.0,2,2,1,1,1,1,0,1,0,2300.0,0
1501298724,https://es.olx.com.br/norte-do-espirito-santo/imoveis/casa-02-quartos-em-balneario-de-carapebus-1501298724,serra,balneario-de-carapebus,0,100.0,2,2,2,0,0,0,0,0,0,1800.0,0
1501285859,https://es.olx.com.br/norte-do-espirito-santo/imoveis/apartamento-2-quartos-70-m-hillside-park-residence-santa-lucia-vitoria-es-1501285859,vitoria,santa-lucia,1,70.0,2,1,1,0,0,1,0,0,0,4700.0,0
1501279007,https://es.olx.com.br/norte-do-espirito-santo/imoveis/casa-com-4-quartos-para-alugar-140-m-cristovao-colombo-vila-velha-es-1501279007,vila-velha,cristovao-colombo,0,140.0,4,2,1,0,0,1,0,1,0,4000.0,0
1501278420,https://es.olx.com.br/norte-do-espirito-santo/imoveis/apartamento-com-3-quartos-para-alugar-150-m-itapua-vila-velha-es-1501278420,vila-velha,itapua,1,150.0,3,3,0,0,0,0,0,0,0,2400.0,0
1501268157,https://es.olx.com.br/norte-do-espirito-santo/imoveis/apartamento-para-alugar-com-65m-na-praia-da-costa-vila-velha-1501268157,vila-velha,itapua,1,65.0,2,1,2,0,0,0,0,0,0,3600.0,0
1501267717,https://es.olx.com.br/norte-do-espirito-santo/imoveis/apartamento-para-alugar-com-50m-na-praia-da-costa-vila-velha-1501267717,vila-velha,praia-da-costa,1,50.0,2,2,1,0,0,0,0,0,0,3500.0,0
1501267701,https://es.olx.com.br/norte-do-espirito-santo/imoveis/apartamento-para-alugar-com-160m-na-praia-da-costa-vila-velha-1501267701,vila-velha,praia-da-costa,1,160.0,3,4,2,0,0,0,0,0,0,10000.0,0
1501213862,https://es.olx.com.br/norte-do-espirito-santo/imoveis/kitnet-pontal-e-ataide-1501213862,vila-velha,santa-rita,1,60.0,1,1,0,0,0,1,0,0,0,950.0,0
1501197631,https://es.olx.com.br/norte-do-espirito-santo/imoveis/alugo-apt-no-cond-vista-do-vale-1501197631,vila-velha,vale-encantado,1,52.0,2,1,1,1,1,1,1,0,0,2200.0,0
1501191693,https://es.olx.com.br/norte-do-espirito-santo/imoveis/imovel-para-aluguel-tem-80-metros-quadrados-com-2-quartos-em-santa-lucia-vitoria-es-1501191693,vitoria,praia-do-canto,1,80.0,2,2,2,1,1,1,0,0,0,4100.0,0
1501179019,https://es.olx.com.br/norte-do-espirito-santo/imoveis/imovel-para-aluguel-tem-70-metros-quadrados-com-3-quartos-em-praia-de-itaparica-vila-vel-1501179019,vila-velha,praia-de-itaparica,1,70.0,3,1,2,1,0,1,0,0,0,3200.0,0
1501162855,https://es.olx.com.br/norte-do-espirito-santo/imoveis/apartamento-3-quartos-na-praia-do-morro-1501162855,guarapari,praia-do-morro,1,100.0,3,3,1,0,0,0,0,0,0,3200.0,0
1501160328,https://es.olx.com.br/norte-do-espirito-santo/imoveis/casa-comercial-na-henrique-moscoso-com-410m-e-7-quartos-1501160328,vila-velha,centro-de-vila-velha,0,410.0,5,5,1,0,0,0,0,0,0,16000.0,0
1501141089,https://es.olx.com.br/norte-do-espirito-santo/imoveis/alugo-apartamento-2qts-praia-sol-ll-jockey-1501141089,vila-velha,jockey-de-itaparica,1,56.0,2,1,1,0,1,1,0,0,0,2500.0,0
1501134214,https://es.olx.com.br/norte-do-espirito-santo/imoveis/viva-de-frente-para-o-mar-na-praia-da-costa-1501134214,vila-velha,praia-da-costa,1,170.0,3,2,2,0,0,0,0,0,0,1575002.0,0
1501127299,https://es.olx.com.br/norte-do-espirito-santo/imoveis/imovel-para-aluguel-tem-150-metros-quadrados-com-3-quartos-em-campo-grande-cariacica-e-1501127299,cariacica,campo-grande,1,150.0,3,2,0,0,0,0,0,0,0,2500.0,1
1501120110,https://es.olx.com.br/norte-do-espirito-santo/imoveis/imovel-para-aluguel-tem-48-metros-quadrados-com-2-quartos-em-sao-francisco-cariacica-e-1501120110,cariacica,sao-francisco,1,48.0,2,1,1,0,0,0,0,0,0,1000.0,0
1501105471,https://es.olx.com.br/norte-do-espirito-santo/imoveis/apto-vista-de-bicanga-2-qtos-sol-da-manha-1501105471,serra,bicanga,1,45.0,2,1,1,1,1,1,1,1,0,2000.0,0
1501048701,https://es.olx.com.br/norte-do-espirito-santo/imoveis/alugo-apartamento-3qtos-2vagas-ultimo-andar-em-itapua-1501048701,vila-velha,itapua,1,80.0,3,2,2,1,1,1,0,1,0,3000.0,0
1501042373,https://es.olx.com.br/norte-do-espirito-santo/imoveis/alugo-frente-mar-3-quartos-com-suite-montado-e-mobiliado-em-itaparica-1501042373,vila-velha,praia-de-itaparica,1,110.0,3,2,1,1,1,1,0,1,1,7000.0,0
1500995793,https://es.olx.com.br/norte-do-espirito-santo/imoveis/alugo-kitnet-em-novo-horizonte-serra-1500995793,serra,novo-horizonte,0,40.0,1,1,0,0,0,0,0,0,0,850.0,0
1500992144,https://es.olx.com.br/norte-do-espirito-santo/imoveis/loft-kitnet-30-m2-bento-ferreira-vitoria-es-1500992144,vitoria,bento-ferreira,1,30.0,1,1,0,0,0,0,0,0,1,2100.0,0
1500986270,https://es.olx.com.br/norte-do-espirito-santo/imoveis/casa-no-centro-de-vitoria-proximo-ao-parque-moscoso-1500986270,vitoria,centro,0,150.0,3,2,0,0,0,0,0,1,0,2300.0,0
1500967749,https://es.olx.com.br/norte-do-espirito-santo/imoveis/indisponivel-ja-foi-alugada-1500967749,vitoria,conquista,0,55.0,2,1,0,0,0,0,0,0,0,1100.0,0
1500944057,https://es.olx.com.br/norte-do-espirito-santo/imoveis/alugo-apartamento-melhor-localizacao-de-campo-grande-1500944057,cariacica,campo-grande,1,150.0,3,2,1,0,0,0,0,1,0,3650.0,0
1500917982,https://es.olx.com.br/norte-do-espirito-santo/imoveis/linda-casa-com-piscina-pertinho-da-praia-1500917982,vila-velha,ponta-da-fruta,0,180.0,3,3,3,0,0,0,0,1,1,5500.0,0
1500913647,https://es.olx.com.br/norte-do-espirito-santo/imoveis/apartamento-1500913647,cariacica,nova-valverde,1,95.0,3,1,0,0,0,0,0,1,0,1400.0,0
1500903610,https://es.olx.com.br/norte-do-espirito-santo/imoveis/casa-1500903610,vitoria,jardim-camburi,0,160.0,4,2,2,0,0,1,0,1,0,1800000.0,0
1401943986,https://es.olx.com.br/norte-do-espirito-santo/imoveis/locado-1401943986,serra,cidade-continental,1,15.0,1,1,0,0,0,0,0,0,0,850.0,0
1500857931,https://es.olx.com.br/norte-do-espirito-santo/imoveis/apartamento-para-aluguel-1-quarto-praia-da-costa-vila-velha-es-1500857931,vila-velha,praia-da-costa,1,45.0,1,1,0,0,0,0,0,0,0,2000.0,0
1500820748,https://es.olx.com.br/norte-do-espirito-santo/imoveis/duplex-alto-padrao-mobiliado-3-suites-praia-de-itaparica-1500820748,vila-velha,praia-de-itaparica,1,183.0,3,4,3,1,1,1,0,1,1,7500.0,0
1478346349,https://es.olx.com.br/norte-do-espirito-santo/imoveis/apartamento-tres-quartos-uma-suite-1478346349,serra,morada-de-laranjeiras,1,70.0,3,1,1,1,1,1,0,1,0,2500.0,0
1496878328,https://es.olx.com.br/norte-do-espirito-santo/imoveis/alugo-apartamento-2-quartos-jockey-itaparica-1496878328,vila-velha,jockey-de-itaparica,1,75.0,2,2,1,1,0,0,0,1,0,2600.0,0
1500767750,https://es.olx.com.br/norte-do-espirito-santo/imoveis/oportunidade-com-2-quartos-1500767750,guarapari,praia-do-morro,1,55.0,2,1,1,1,1,0,0,0,0,1900.0,0
1500755393,https://es.olx.com.br/norte-do-espirito-santo/imoveis/aluga-kitnets-e-casa-1500755393,vila-velha,barra-do-jucu,1,30.0,1,1,0,0,0,0,0,0,0,1500.0,1
1500753991,https://es.olx.com.br/norte-do-espirito-santo/imoveis/disponivel-p-entrar-5-7-sem-burocracia-as-1-fotos-coracao-de-jc-bh-da-praia-e-orla-1500753991,vitoria,jardim-camburi,1,28.0,1,1,0,0,0,0,0,0,1,2000.0,0
1498913979,https://es.olx.com.br/norte-do-espirito-santo/imoveis/quarto-de-sala-mobiliado-no-coracao-da-praia-do-canto-alto-padrao-1498913979,vitoria,praia-do-canto,1,50.0,1,2,1,1,1,1,0,1,1,3150.0,0
1500723613,https://es.olx.com.br/norte-do-espirito-santo/imoveis/imovel-para-aluguel-tem-45-metros-quadrados-com-2-quartos-em-colina-de-laranjeiras-serra-1500723613,serra,colina-de-laranjeiras,1,45.0,2,1,1,0,1,1,1,0,0,1800.0,0
1500715108,https://es.olx.com.br/norte-do-espirito-santo/imoveis/busco-kitnet-em-vitoria-1500715108,vitoria,jardim-camburi,1,30.0,0,0,0,0,0,0,0,0,0,1800.0,1
1500704074,https://es.olx.com.br/norte-do-espirito-santo/imoveis/aluguel-2-quartos-55m--jardim-camburi-r-2-315-00-condominio-consumos-e-encarg-1500704074,vitoria,jardim-camburi,1,55.0,2,1,1,0,0,0,0,0,0,2315.0,0
1500703548,https://es.olx.com.br/norte-do-espirito-santo/imoveis/2-quartos-res-barras-elevador-portaria-24hs-jardim-camburi-1500703548,vitoria,jardim-camburi,1,65.0,2,1,1,1,1,1,0,1,0,2350.0,0
1500700949,https://es.olx.com.br/norte-do-espirito-santo/imoveis/praia-de-itapua-vila-velha-1500700949,vila-velha,itapua,1,75.0,3,1,1,0,0,1,0,0,0,2700.0,0
1500676578,https://es.olx.com.br/norte-do-espirito-santo/imoveis/alugue-casa-duplex-em-ponta-da-fruta-1500676578,vila-velha,ponta-da-fruta,0,180.0,3,5,5,0,0,0,0,0,1,4600.0,0
1500648358,https://es.olx.com.br/norte-do-espirito-santo/imoveis/apartamento-frente-mar-em-itaparica-270m-de-espaco-conforto-e-vista-espetacular-1500648358,vila-velha,praia-de-itaparica,1,270.0,4,3,2,1,1,1,0,1,0,9500.0,0
1500641829,https://es.olx.com.br/norte-do-espirito-santo/imoveis/cobertura-duplex-para-locacao-em-vitoria-praia-do-canto-3-dormitorios-2-suites-5-banhe-1500641829,vitoria,praia-do-canto,1,220.0,3,5,3,1,0,1,0,0,0,11500.0,0
1500641803,https://es.olx.com.br/norte-do-espirito-santo/imoveis/cobertura-duplex-para-locacao-em-vitoria-praia-do-canto-3-dormitorios-2-suites-5-banhe-1500641803,vitoria,praia-do-canto,1,220.0,3,5,3,1,0,1,0,0,0,11500.0,0
1500618771,https://es.olx.com.br/norte-do-espirito-santo/imoveis/apartamento-com-3-dormitorios-119-m-venda-por-r-1-580-000-00-ou-aluguel-por-r-6-600-1500618771,vila-velha,praia-de-itaparica,1,119.0,3,3,2,1,1,1,0,1,0,5500.0,0
1500549677,https://es.olx.com.br/norte-do-espirito-santo/imoveis/aluguel-apartamento-com-125-metros-quadrados-com-4-quartos-em-praia-da-costa-vila-velha-1500549677,vila-velha,praia-da-costa,1,125.0,4,3,2,1,1,1,0,0,0,6000.0,0
1500524061,https://es.olx.com.br/norte-do-espirito-santo/imoveis/imovel-para-aluguel-anual-com-2-quartos-em-centro-guarapari-es-1500524061,guarapari,centro,1,96.0,2,1,0,1,0,0,0,1,1,2500.0,0
1500502016,https://es.olx.com.br/norte-do-espirito-santo/imoveis/locacao-anual-apartamento-de-01-quarto-com-01-vaga-e-mobiliado-centro-de-guarapari-es-1500502016,guarapari,centro,1,47.0,1,1,1,1,0,0,0,1,1,2300.0,0
1500417395,https://es.olx.com.br/norte-do-espirito-santo/imoveis/apartamento-para-locacao-em-jockey-de-itaparica-vila-velha-1500417395,vila-velha,jockey-de-itaparica,1,60.0,2,2,1,0,0,0,0,0,0,3600.0,0
1500377097,https://es.olx.com.br/norte-do-espirito-santo/imoveis/alianca-web-aluga-1500377097,vila-velha,praia-da-costa,1,100.0,2,2,2,1,1,1,0,1,0,4500.0,0
1500374885,https://es.olx.com.br/norte-do-espirito-santo/imoveis/alianca-web-aluga-1500374885,vila-velha,praia-de-itaparica,1,78.0,3,2,3,1,0,0,0,1,0,3200.0,0
1500351311,https://es.olx.com.br/norte-do-espirito-santo/imoveis/excelente-oportunidade-de-morar-com-conforto-e-sofisticacao-1500351311,cariacica,rio-branco,1,64.0,2,1,2,1,0,1,1,0,0,2000.0,0
1500295615,https://es.olx.com.br/norte-do-espirito-santo/imoveis/apartamento-com-3-dormitorios-para-alugar-83-m-por-r-4-655-00-mes-praia-de-itaparica-1500295615,vila-velha,praia-de-itaparica,1,83.0,3,2,2,1,0,0,0,1,0,4000.0,0
1500278691,https://es.olx.com.br/norte-do-espirito-santo/imoveis/casa-com-3-dormitorios-para-alugar-200-m-por-r-2-341-67-mes-cocal-vila-velha-es-1500278691,vila-velha,cocal,0,200.0,3,2,0,0,0,0,0,1,0,2300.0,0
1500235298,https://es.olx.com.br/norte-do-espirito-santo/imoveis/apartamento-3-quartos-sendo-um-suite-terceira-etapa-1500235298,vila-velha,coqueiral-de-itaparica,1,83.0,3,2,1,0,0,0,0,0,0,3500.0,0
1500104721,https://es.olx.com.br/norte-do-espirito-santo/imoveis/apartamento-no-centro-de-guarapari-1500104721,guarapari,centro,1,68.0,2,2,1,0,1,1,0,0,0,3500.0,0
1499996587,https://es.olx.com.br/norte-do-espirito-santo/imoveis/locacao-apartamento-1-quarto-jardim-da-penha-vitoria-1499996587,vitoria,jardim-da-penha,1,35.0,1,1,1,1,0,0,0,1,0,2200.0,0
1499983500,https://es.olx.com.br/norte-do-espirito-santo/imoveis/apartamento-com-3-dormitorios-para-alugar-125-m-por-r-9-287-50-mes-praia-de-itaparica-1499983500,vila-velha,praia-de-itaparica,1,125.0,3,2,2,1,1,1,0,1,0,8000.0,0
1499961858,https://es.olx.com.br/norte-do-espirito-santo/imoveis/locacao-apartamento-3-quartos-bento-ferreira-vitoria-1499961858,vitoria,bento-ferreira,1,90.0,3,2,1,0,0,0,0,0,0,2700.0,0
1499957069,https://es.olx.com.br/norte-do-espirito-santo/imoveis/oportunidade-2-quartos-com-108m2-a-uma-quadra-do-mar-na-praia-de-itapoa-1499957069,vila-velha,itapua,1,108.0,2,2,1,1,0,1,0,1,0,5500.0,0
1499946283,https://es.olx.com.br/norte-do-espirito-santo/imoveis/apto-3-quartos-em-itapua-vila-velha-1499946283,vila-velha,itapua,1,100.0,3,2,1,1,0,0,0,1,0,3500.0,0
1499921988,https://es.olx.com.br/norte-do-espirito-santo/imoveis/imovel-para-aluguel-com-65-metros-quadrados-com-2-quartos-em-itapua-vila-velha-es-1499921988,vila-velha,itapua,1,65.0,2,2,1,1,1,1,1,0,0,3300.0,0
1499887602,https://es.olx.com.br/norte-do-espirito-santo/imoveis/imovel-para-aluguel-com-65-metros-quadrados-com-2-quartos-em-jardim-camburi-vitoria-es-1499887602,vitoria,jardim-camburi,1,65.0,2,1,1,0,0,0,0,0,0,2530.0,0
1499878616,https://es.olx.com.br/norte-do-espirito-santo/imoveis/duplex-2-quartos-com-suite-em-colina-de-laranjeiras-serra-es-1499878616,serra,colina-de-laranjeiras,0,90.0,2,2,1,0,1,1,0,0,0,2800.0,0
1499872212,https://es.olx.com.br/norte-do-espirito-santo/imoveis/imovel-para-aluguel-possui-65-metros-quadrados-com-2-quartos-em-itapua-vila-velha-es-1499872212,vila-velha,itapua,1,65.0,2,2,1,1,1,1,0,0,0,3300.0,0
1499778422,https://es.olx.com.br/norte-do-espirito-santo/imoveis/alianca-web-aluga-1499778422,vila-velha,centro-de-vila-velha,1,70.0,2,1,1,1,1,0,0,1,0,2500.0,0
1499754636,https://es.olx.com.br/norte-do-espirito-santo/imoveis/locacao-apartamento-2-quartos-jardim-limoeiro-serra-1499754636,serra,jardim-limoeiro,1,44.0,2,1,1,0,0,1,1,0,0,1200.0,0
1499736607,https://es.olx.com.br/norte-do-espirito-santo/imoveis/apartamento-para-aluguel-02-quartos-c-suite-em-parque-residencial-laranjeiras-1499736607,serra,parque-residencial-laranjeiras,1,60.0,2,2,1,1,1,1,0,0,0,1900.0,0
1499678750,https://es.olx.com.br/norte-do-espirito-santo/imoveis/locacao-apartamento-2-quartos-praia-de-itaparica-vila-velha-1499678750,vila-velha,praia-de-itaparica,1,65.0,2,2,2,1,0,0,0,1,0,2600.0,0
1499675413,https://es.olx.com.br/norte-do-espirito-santo/imoveis/locacao-apartamento-4-quartos-praia-de-itaparica-vila-velha-1499675413,vila-velha,praia-de-itaparica,1,184.0,4,2,3,1,0,1,0,1,0,8500.0,0
1499654078,https://es.olx.com.br/norte-do-espirito-santo/imoveis/apartamento-com-1-dormitorio-para-alugar-45-m-por-r-3-800-00-mes-praia-de-itaparica-1499654078,vila-velha,praia-de-itaparica,1,45.0,1,1,1,1,0,1,0,1,0,3150.0,0
1499647330,https://es.olx.com.br/norte-do-espirito-santo/imoveis/apartamento-3-quartos-frente-mar-para-aluguel-150m-reformado-1499647330,vila-velha,praia-de-itaparica,1,150.0,3,2,2,1,0,1,0,1,0,7490.0,0
1499645679,https://es.olx.com.br/norte-do-espirito-santo/imoveis/apartamento-3-quartos-para-locacao-na-praia-da-costa-1499645679,vila-velha,praia-da-costa,1,140.0,3,3,1,1,0,0,0,1,0,3500.0,0
1499640367,https://es.olx.com.br/norte-do-espirito-santo/imoveis/bali-santa-lucia-1499640367,vitoria,santa-lucia,1,35.0,1,1,1,0,0,0,0,0,0,1800.0,0
1499607261,https://es.olx.com.br/norte-do-espirito-santo/imoveis/lindissimo-1-quarto-garden-alto-padrao-mobiliado-e-climatizado-1499607261,vitoria,santa-helena,1,52.0,1,1,1,1,1,1,1,1,1,5000.0,0
1499587429,https://es.olx.com.br/norte-do-espirito-santo/imoveis/imovel-para-aluguel-com-113-metros-quadrados-com-3-quartos-em-itapua-vila-velha-es-1499587429,vila-velha,itapua,1,113.0,3,2,2,0,1,0,0,0,0,8000.0,0
1499554413,https://es.olx.com.br/norte-do-espirito-santo/imoveis/apartamento-2q-com-suite-sol-da-manha-com-marcenaria-instalada-1499554413,vila-velha,praia-de-itaparica,1,60.0,2,2,1,0,0,0,0,0,0,3100.0,0
1499480231,https://es.olx.com.br/norte-do-espirito-santo/imoveis/imovel-para-aluguel-possui-65-metros-quadrados-com-2-quartos-em-itapua-vila-velha-es-1499480231,vila-velha,itapua,1,65.0,2,1,1,1,0,1,1,0,0,3300.0,0
1499470539,https://es.olx.com.br/norte-do-espirito-santo/imoveis/imovel-para-aluguel-possui-113-metros-quadrados-com-3-quartos-em-itapua-vila-velha-es-1499470539,vila-velha,itapua,1,113.0,3,2,2,1,1,1,1,1,0,8000.0,0
1499468877,https://es.olx.com.br/norte-do-espirito-santo/imoveis/imovel-para-aluguel-tem-65-metros-quadrados-com-2-quartos-em-jardim-da-penha-vitoria-e-1499468877,vitoria,jardim-da-penha,1,65.0,2,2,1,1,0,0,0,0,0,2900.0,0
1499467807,https://es.olx.com.br/norte-do-espirito-santo/imoveis/imovel-para-aluguel-tem-45-metros-quadrados-com-2-quartos-em-estancia-monazitica-serra-1499467807,serra,estancia-monazitica,1,45.0,2,1,1,0,1,1,0,0,1,2000.0,0
1499465548,https://es.olx.com.br/norte-do-espirito-santo/imoveis/imovel-para-aluguel-possui-60-metros-quadrados-com-2-quartos-em-itapua-vila-velha-es-1499465548,vila-velha,itapua,1,60.0,2,2,1,1,1,1,1,1,0,3300.0,0
1499464068,https://es.olx.com.br/norte-do-espirito-santo/imoveis/imovel-para-aluguel-tem-77-metros-quadrados-com-2-quartos-em-itapua-vila-velha-es-1499464068,vila-velha,itapua,1,77.0,2,1,1,0,1,1,0,0,1,5500.0,0
1499447363,https://es.olx.com.br/norte-do-espirito-santo/imoveis/imovel-para-aluguel-tem-80-metros-quadrados-com-2-quartos-em-itapua-vila-velha-es-1499447363,vila-velha,itapua,1,80.0,2,1,2,1,0,1,0,0,0,3500.0,0
1499447288,https://es.olx.com.br/norte-do-espirito-santo/imoveis/imovel-para-aluguel-possui-113-metros-quadrados-com-3-quartos-em-itapua-vila-velha-es-1499447288,vila-velha,itapua,1,113.0,3,1,2,1,0,1,1,0,0,8000.0,0
1499420332,https://es.olx.com.br/norte-do-espirito-santo/imoveis/alianca-web-aluga-1499420332,vila-velha,praia-de-itaparica,1,65.0,2,2,1,1,1,1,1,1,0,3500.0,0
1499405646,https://es.olx.com.br/norte-do-espirito-santo/imoveis/casa-para-alugar-em-manguinhos-1499405646,serra,manguinhos,0,161.0,2,3,5,0,0,0,0,0,0,4700.0,0
1499401988,https://es.olx.com.br/norte-do-espirito-santo/imoveis/apartamento-para-aluguel-2-quartos-1-suite-1-vaga-praia-de-itaparica-vila-velha-es-1499401988,vila-velha,praia-de-itaparica,1,55.0,2,2,1,1,0,1,1,1,0,2800.0,0
1499342397,https://es.olx.com.br/norte-do-espirito-santo/imoveis/apartamento-com-2-quartos-para-alugar-58-m-por-r-2-600-mes-jockey-de-itaparica-vila-1499342397,vila-velha,jockey-de-itaparica,1,58.0,2,2,1,1,1,1,0,1,0,2600.0,0
1499341261,https://es.olx.com.br/norte-do-espirito-santo/imoveis/aluguel-apartamento-com-3-quartos-para-alugar-72-m-por-r-4-000-mes-itaparica-vila-1499341261,vila-velha,interlagos,1,72.0,3,2,1,0,0,1,0,1,0,4000.0,0
1499314339,https://es.olx.com.br/norte-do-espirito-santo/imoveis/flat-com-sol-da-manha-de-frente-para-o-mar-da-mata-da-praia-1499314339,vitoria,mata-da-praia,1,52.0,1,1,1,0,0,0,1,0,1,4900.0,0
1499300337,https://es.olx.com.br/norte-do-espirito-santo/imoveis/apartamento-vista-mar-em-itapua-vila-velha-3-quartos-suite-2-vagas-e-lazer-1499300337,vila-velha,itapua,1,113.0,3,2,2,1,0,1,1,1,0,8900.0,0
1499212660,https://es.olx.com.br/norte-do-espirito-santo/imoveis/apartamento-para-locacao-anual-no-centro-com-1-dormitorios-guarapari-es-1499212660,guarapari,centro,1,30.0,1,1,1,1,1,0,0,1,1,2600.0,0
1499212648,https://es.olx.com.br/norte-do-espirito-santo/imoveis/apartamento-com-3-quartos-para-alugar-no-centro-de-guarapari-es-1499212648,guarapari,centro,1,115.0,3,3,3,1,0,0,0,1,1,4500.0,0
1499176461,https://es.olx.com.br/norte-do-espirito-santo/imoveis/apartamento-para-aluguel-em-colina-de-laranjeiras-1499176461,serra,colina-de-laranjeiras,1,60.0,2,1,1,0,0,0,0,0,0,1800.0,0
1499140053,https://es.olx.com.br/norte-do-espirito-santo/imoveis/casa-para-locacao-em-serra-es-no-bairro-jacaraipe-1499140053,serra,jardim-atlantico,0,269.0,5,4,5,0,0,0,0,0,0,12000.0,0
1499139501,https://es.olx.com.br/norte-do-espirito-santo/imoveis/casa-para-aluguel-4-quartos-3-suites-3-vagas-das-laranjeiras-serra-es-1499139501,serra,das-laranjeiras,0,300.0,4,2,3,0,0,1,0,0,0,4600.0,0
1499136844,https://es.olx.com.br/norte-do-espirito-santo/imoveis/apartamento-para-locacao-em-serra-es-no-bairro-jacaraipe-1499136844,serra,parque-jacaraipe,1,112.0,4,1,1,0,0,0,0,0,1,3600.0,0
1499114591,https://es.olx.com.br/norte-do-espirito-santo/imoveis/imovel-para-aluguel-com-2-quartos-e-2-varandas-em-jardim-camburi-vitoria-es-1499114591,vitoria,jardim-camburi,1,60.0,2,1,1,1,0,0,0,0,0,2400.0,0
1499098571,https://es.olx.com.br/norte-do-espirito-santo/imoveis/imovel-para-aluguel-com-60-metros-quadrados-com-2-quartos-em-praia-de-itaparica-vila-vel-1499098571,vila-velha,praia-de-itaparica,1,60.0,2,1,1,0,1,1,0,0,0,2400.0,0
1499003105,https://es.olx.com.br/norte-do-espirito-santo/imoveis/alugeul-2-qts-praia-de-peracanga-bacutia-guarapari-1499003105,guarapari,enseada-azul,1,70.0,2,2,1,0,0,0,0,0,1,3000.0,0
1498863956,https://es.olx.com.br/norte-do-espirito-santo/imoveis/alugue-lindo-apto-2qts-mobiliado-praia-da-costa-1498863956,vila-velha,praia-da-costa,1,60.0,2,1,1,0,0,1,0,0,1,4800.0,0
1498497875,https://es.olx.com.br/norte-do-espirito-santo/imoveis/apartamento-para-aluguel-2-quartos-1-vaga-itapua-vila-velha-es-1498497875,vila-velha,itapua,1,80.0,2,1,1,0,0,0,0,0,0,2700.0,0
1498476660,https://es.olx.com.br/norte-do-espirito-santo/imoveis/aluguel-2-quartos-54m--jardim-limoeiro-r-1-515-00-taxas-ref-r-020-1498476660,serra,jardim-limoeiro,1,54.0,2,1,1,1,0,0,0,0,0,1515.0,0
1498457477,https://es.olx.com.br/norte-do-espirito-santo/imoveis/alugue-4-qts-2-sts-na-praia-de-itaparica-1498457477,vila-velha,praia-de-itaparica,1,189.0,4,3,2,0,0,1,1,0,1,8900.0,0
1498456687,https://es.olx.com.br/norte-do-espirito-santo/imoveis/alianca-web-aluga-1498456687,vila-velha,itapua,1,60.0,3,2,0,0,0,0,0,0,0,2600.0,0
1498452853,https://es.olx.com.br/norte-do-espirito-santo/imoveis/3-quartos-para-locacao-no-miolo-da-praia-do-canto-2-vagas-1498452853,vitoria,praia-do-canto,1,100.0,3,3,2,0,1,1,0,0,0,7000.0,0
1498399373,https://es.olx.com.br/norte-do-espirito-santo/imoveis/apartamento-para-locacao-anual-na-praia-do-morro-1498399373,guarapari,praia-do-morro,1,75.0,2,2,1,1,0,0,0,0,0,3300.0,0
1498398282,https://es.olx.com.br/norte-do-espirito-santo/imoveis/apartamento-para-locacao-anual-com-vista-para-o-mar-1498398282,guarapari,muquicaba,1,115.0,3,2,2,1,0,0,0,0,0,5000.0,0
1498393025,https://es.olx.com.br/norte-do-espirito-santo/imoveis/locacao-apartamento-3-quartos-jardim-camburi-vitoria-1498393025,vitoria,jardim-camburi,1,100.0,3,2,1,1,0,1,0,1,0,4500.0,0
1498344334,https://es.olx.com.br/norte-do-espirito-santo/imoveis/apartamento-3-dormitorios-enseada-azul-guarapari-1498344334,guarapari,enseada-azul,1,120.0,3,3,2,1,0,1,0,1,0,5527.0,0
1498343322,https://es.olx.com.br/norte-do-espirito-santo/imoveis/apartamento-2-dormitorios-praia-do-morro-guarapari-1498343322,guarapari,praia-do-morro,1,55.0,2,1,1,1,0,0,0,1,0,2864.0,0
1498276761,https://es.olx.com.br/norte-do-espirito-santo/imoveis/aluguel-com-50-metros-quadrados-com-2-quartos-em-morada-de-laranjeiras-serra-es-1498276761,serra,morada-de-laranjeiras,1,50.0,2,1,1,1,1,1,0,0,0,1950.0,0
1498275291,https://es.olx.com.br/norte-do-espirito-santo/imoveis/apartamento-com-4-dormitorios-174-m-venda-por-r-4-700-000-00-ou-aluguel-por-r-23-100-1498275291,vitoria,enseada-do-sua,1,174.0,4,5,3,1,0,1,0,1,0,19900.0,0
1498269683,https://es.olx.com.br/norte-do-espirito-santo/imoveis/apartamento-03-quartos-semi-mobiliado-em-itapua-1498269683,vila-velha,itapua,1,80.0,3,3,2,1,0,1,0,0,0,4400.0,0
1498177676,https://es.olx.com.br/norte-do-espirito-santo/imoveis/apartamento-residencial-em-vitoria-es-jardim-da-penha-1498177676,vitoria,jardim-da-penha,1,55.0,1,2,1,1,0,0,0,0,0,2900.0,0
1498172483,https://es.olx.com.br/norte-do-espirito-santo/imoveis/apartamento-para-aluguel-4-quartos-4-suites-3-vagas-praia-de-itaparica-vila-velha-es-1498172483,vila-velha,praia-de-itaparica,1,390.0,4,5,3,0,0,1,1,1,0,13000.0,0
1498159671,https://es.olx.com.br/norte-do-espirito-santo/imoveis/apartamento-com-3-quartos-para-aluguel-125m-1498159671,vila-velha,praia-de-itaparica,1,125.0,3,3,2,0,0,1,0,0,0,3690.0,0
1498126307,https://es.olx.com.br/norte-do-espirito-santo/imoveis/apartamento-com-1-dormitorio-para-alugar-40-m-por-r-3-787-00-mes-praia-de-itaparica-1498126307,vila-velha,praia-de-itaparica,1,40.0,1,1,1,1,0,1,0,1,0,3300.0,0
1498115508,https://es.olx.com.br/norte-do-espirito-santo/imoveis/apartamento-3-quartos-na-quadra-do-mar-para-locacao-1498115508,vila-velha,praia-da-costa,1,160.0,3,3,2,1,0,1,0,0,0,6000.0,0
1498105313,https://es.olx.com.br/norte-do-espirito-santo/imoveis/aluga-se-apartamento-03-quartos-na-praia-de-itapua-1498105313,vila-velha,praia-da-costa,1,115.0,3,2,2,1,0,1,0,0,0,4200.0,0
1498104274,https://es.olx.com.br/norte-do-espirito-santo/imoveis/aluga-se-apartamentos-02-quartos-na-praia-de-itaparica-1498104274,vila-velha,jockey-de-itaparica,1,57.0,2,2,1,0,0,1,1,0,0,2800.0,0
1498103683,https://es.olx.com.br/norte-do-espirito-santo/imoveis/apartamento-03-quartos-com-01-suite-na-quadra-do-mar-de-itapua-1498103683,vila-velha,itapua,1,110.0,3,3,2,0,0,1,1,0,0,8000.0,0
1498058997,https://es.olx.com.br/norte-do-espirito-santo/imoveis/casa-ao-lado-da-av-expedito-garcia-1498058997,cariacica,campo-grande,0,250.0,4,3,1,0,0,0,0,0,0,3500.0,0
1498023356,https://es.olx.com.br/norte-do-espirito-santo/imoveis/casa-para-alugar-em-jardim-camburi-sustentabilidade-e-conforto-a-900m-da-orla-1498023356,vitoria,jardim-camburi,0,300.0,3,3,4,0,0,0,0,0,0,10000.0,0
1494732148,https://es.olx.com.br/norte-do-espirito-santo/imoveis/apartamento-com-2-quartos-para-alugar-65-m-praia-da-costa-vila-velha-es-1494732148,vila-velha,praia-da-costa,1,65.0,2,2,1,1,1,1,0,1,0,3500.0,0
1497947186,https://es.olx.com.br/norte-do-espirito-santo/imoveis/lindo-apartamento-de-4-quartos-transformado-em-3-mobiliado-na-quadra-do-mar-1497947186,vitoria,mata-da-praia,1,115.0,3,3,2,1,0,1,0,1,1,7000.0,0
1497941686,https://es.olx.com.br/norte-do-espirito-santo/imoveis/lindo-apartamento-de-1-quarto-mobiliado-em-excelente-localizacao-na-praia-do-canto-1497941686,vitoria,praia-do-canto,1,48.0,1,1,1,1,0,1,1,0,0,4700.0,0
1497938390,https://es.olx.com.br/norte-do-espirito-santo/imoveis/apartamento-para-aluguel-na-praia-do-canto-3-quartos-145m-andar-alto-vista-incrive-1497938390,vitoria,praia-do-canto,1,135.0,3,3,1,1,0,1,0,1,0,5500.0,0
1497936563,https://es.olx.com.br/norte-do-espirito-santo/imoveis/casa-3-quartos-168m--jardim-camburi-r-4-715-00-taxas-ref-r-038-1497936563,vitoria,jardim-camburi,0,168.0,3,3,2,0,0,0,0,0,0,4715.0,0
1497936576,https://es.olx.com.br/norte-do-espirito-santo/imoveis/apartamento-de-4-quartos-mobiliado-com-159m2-frente-para-a-praia-de-camburi-1497936576,vitoria,mata-da-praia,1,159.0,4,4,2,1,0,1,1,1,1,9500.0,0
1497933868,https://es.olx.com.br/norte-do-espirito-santo/imoveis/apartamento-de-1-quarto-na-mata-da-praia-proximo-da-praia-de-camburi-1497933868,vitoria,mata-da-praia,1,40.0,1,1,1,1,0,1,1,1,0,3700.0,0
1497929961,https://es.olx.com.br/norte-do-espirito-santo/imoveis/locacao-apartamento-2-quartos-jardim-camburi-vitoria-1497929961,vitoria,jardim-camburi,1,60.0,2,1,1,0,0,0,0,0,0,2400.0,0
1497927239,https://es.olx.com.br/norte-do-espirito-santo/imoveis/venda-ou-locacao-casa-mata-da-praia-vitoria-1497927239,vitoria,mata-da-praia,0,196.0,3,3,3,0,0,1,0,1,0,13500.0,0
1497892413,https://es.olx.com.br/norte-do-espirito-santo/imoveis/apartamento-em-enseada-azul-guarapari-1497892413,guarapari,enseada-azul,1,115.0,3,3,2,0,0,0,0,0,0,4200.0,0
1497891160,https://es.olx.com.br/norte-do-espirito-santo/imoveis/apartamento-para-alugar-no-bairro-praia-de-itaparica-vila-velha-es-1497891160,vila-velha,praia-de-itaparica,1,135.0,2,3,3,0,0,1,1,0,0,4500.0,0
1497886021,https://es.olx.com.br/norte-do-espirito-santo/imoveis/casa-com-3-dormitorios-80-m-venda-por-r-950-000-00-ou-aluguel-por-r-5-000-00-mes-r-1497886021,guarapari,recanto-da-sereia,0,80.0,3,2,4,0,0,1,0,0,0,5000.0,0
1497866686,https://es.olx.com.br/norte-do-espirito-santo/imoveis/apartamento-com-3-dormitorios-para-alugar-80-m-por-r-3-455-mes-praia-de-itapoa-vila-1497866686,vila-velha,itapua,1,80.0,3,2,1,1,0,0,0,1,0,3000.0,0
1497847563,https://es.olx.com.br/norte-do-espirito-santo/imoveis/apartamento-para-locacao-anual-em-guarapari-1497847563,guarapari,centro,1,95.0,3,2,2,1,0,0,0,0,0,6000.0,0
1497847164,https://es.olx.com.br/norte-do-espirito-santo/imoveis/apartamento-para-locacao-anual-com-2-quartos-1497847164,guarapari,muquicaba,1,95.0,2,2,1,1,0,0,0,0,0,3300.0,0
1497846693,https://es.olx.com.br/norte-do-espirito-santo/imoveis/aparatamento-para-locacao-anual-praia-do-morro-1497846693,guarapari,praia-do-morro,1,80.0,2,2,1,1,0,0,0,0,0,4500.0,0
1497827834,https://es.olx.com.br/norte-do-espirito-santo/imoveis/apartamento-em-paul-vila-velha-1497827834,vila-velha,paul,1,35.0,1,1,0,0,0,0,0,0,0,800.0,0
1497827634,https://es.olx.com.br/norte-do-espirito-santo/imoveis/casa-comercial-em-santa-lucia-vitoria-1497827634,vitoria,santa-lucia,0,350.0,4,3,5,0,0,0,0,0,0,11500.0,0
1497794242,https://es.olx.com.br/norte-do-espirito-santo/imoveis/apartamento-com-2-dormitorios-para-alugar-60-m-por-r-2-542-06-mes-valparaiso-serra-1497794242,serra,valparaiso,1,60.0,2,2,1,1,0,1,0,1,0,2050.0,0
1497606355,https://es.olx.com.br/norte-do-espirito-santo/imoveis/imovel-para-aluguel-com-68-metros-quadrados-com-1-quarto-em-enseada-azul-guarapari-es-1497606355,guarapari,enseada-azul,1,68.0,1,1,1,1,1,1,0,0,1,2700.0,0
1497595124,https://es.olx.com.br/norte-do-espirito-santo/imoveis/apartamento-de-2-quartos-na-praia-da-costa-ref-600-1497595124,vila-velha,praia-da-costa,1,48.0,2,1,1,0,1,0,0,0,0,2800.0,0
1497568981,https://es.olx.com.br/norte-do-espirito-santo/imoveis/alianca-web-aluga-1497568981,vila-velha,praia-de-itaparica,1,70.0,2,2,2,1,1,1,0,1,0,4500.0,0
1497568551,https://es.olx.com.br/norte-do-espirito-santo/imoveis/apartamento-para-aluguel-3-quartos-1-suite-1-vaga-praia-da-costa-vila-velha-es-1497568551,vila-velha,praia-da-costa,1,170.0,3,3,1,1,1,0,0,1,0,4980.0,0
1497534169,https://es.olx.com.br/norte-do-espirito-santo/imoveis/alianca-web-aluga-1497534169,vila-velha,praia-de-itaparica,1,76.0,3,2,2,1,1,1,0,0,0,5000.0,0
1497499561,https://es.olx.com.br/norte-do-espirito-santo/imoveis/apartamento-com-4-dormitorios-para-alugar-200-m-por-r-12-080-00-mes-praia-de-itaparic-1497499561,vila-velha,praia-de-itaparica,1,200.0,4,3,2,1,1,1,0,1,1,11000.0,0
1497431757,https://es.olx.com.br/norte-do-espirito-santo/imoveis/apartamento-com-3-dormitorios-para-alugar-praia-do-canto-vitoria-es-1497431757,vitoria,praia-do-canto,1,140.0,3,3,1,1,1,0,0,0,1,5500.0,0
1497372890,https://es.olx.com.br/norte-do-espirito-santo/imoveis/apartamento-para-alugar-80-m-por-r-3-500-01-mes-centro-guarapari-es-1497372890,guarapari,centro,1,80.0,2,2,1,1,1,0,0,1,1,3500.0,0
1497372646,https://es.olx.com.br/norte-do-espirito-santo/imoveis/casa-para-locacao-na-aldeia-da-praia-em-guarapari-es-1497372646,guarapari,praia-do-morro,0,700.0,5,5,5,0,0,1,0,1,1,20000.0,0
1497362031,https://es.olx.com.br/norte-do-espirito-santo/imoveis/apartamento-frontal-mar-com-3-quartos-sendo-2-suites-na-praia-da-costa-1497362031,vila-velha,praia-da-costa,1,314.0,3,5,2,1,1,0,0,1,0,12000.0,0
1497340418,https://es.olx.com.br/norte-do-espirito-santo/imoveis/imovel-para-aluguel-tem-60-metros-quadrados-com-2-quartos-em-jardim-camburi-vitoria-es-1497340418,vitoria,jardim-camburi,1,60.0,2,1,1,0,1,1,0,0,0,2520.0,0
1497287679,https://es.olx.com.br/norte-do-espirito-santo/imoveis/excelente-imovel-na-prai-de-bacutia-1497287679,guarapari,enseada-azul,0,200.0,5,3,3,0,0,0,0,0,1,2500.0,0
1497275808,https://es.olx.com.br/norte-do-espirito-santo/imoveis/excelente-imovel-na-praia-do-morro-1497275808,guarapari,praia-do-morro,1,75.0,2,1,1,1,0,0,0,0,1,3500.0,0
1497271506,https://es.olx.com.br/norte-do-espirito-santo/imoveis/excelente-3-quartos-com-lazer-1497271506,guarapari,praia-do-morro,1,73.0,2,2,1,1,1,0,0,0,0,2500.0,0
1496947054,https://es.olx.com.br/norte-do-espirito-santo/imoveis/apto-03-qrts-no-cond-mestre-alvaro-morada-de-laranjeiras-1496947054,serra,morada-de-laranjeiras,1,55.0,3,1,1,0,1,1,0,1,0,2000.0,0
1496789976,https://es.olx.com.br/norte-do-espirito-santo/imoveis/apartamento-garden-com-2-quartos-105-m-venda-ou-aluguel-praia-de-itaparica-vila-ve-1496789976,vila-velha,jardim-guaranhuns,1,105.0,2,2,2,0,0,1,1,0,0,7000.0,0
1496771462,https://es.olx.com.br/norte-do-espirito-santo/imoveis/casa-com-3-dormitorios-260-m-venda-por-r-1-600-000-00-ou-aluguel-por-r-7-500-00-mes-1496771462,vila-velha,jockey-de-itaparica,0,260.0,3,5,3,0,0,0,0,1,0,7500.0,0
1496714887,https://es.olx.com.br/norte-do-espirito-santo/imoveis/imovel-para-aluguel-possui-35-metros-quadrados-com-1-quarto-em-itapua-vila-velha-es-1496714887,vila-velha,itapua,1,35.0,1,1,0,0,0,0,0,0,0,1600.0,1
1496665632,https://es.olx.com.br/norte-do-espirito-santo/imoveis/aluguel-2-quartos-46m--planalto-de-carapina-r-1-415-00-condominio-consumos-e-1496665632,serra,planalto-de-carapina,1,46.0,2,1,1,1,0,0,1,0,0,1415.0,0
1496662846,https://es.olx.com.br/norte-do-espirito-santo/imoveis/apartamento-mobiliado-em-jardim-camburi-1496662846,vitoria,jardim-camburi,1,75.0,2,1,1,0,0,0,0,0,0,2500.0,0
1496650775,https://es.olx.com.br/norte-do-espirito-santo/imoveis/kitnet-para-aluguel-com-35-metros-quadrados-com-1-quarto-em-itapua-vila-velha-es-1496650775,vila-velha,itapua,1,35.0,1,1,0,0,0,0,0,0,0,1600.0,0
1496637028,https://es.olx.com.br/norte-do-espirito-santo/imoveis/alianca-web-aluga-1496637028,vila-velha,praia-de-itaparica,1,65.0,2,2,1,1,1,1,1,1,0,2900.0,0
1496602028,https://es.olx.com.br/norte-do-espirito-santo/imoveis/imovel-para-aluguel-com-35-metros-quadrados-com-1-quarto-em-itapua-vila-velha-es-1496602028,vila-velha,itapua,1,35.0,1,1,0,0,0,0,0,0,0,1500.0,1
1496594839,https://es.olx.com.br/norte-do-espirito-santo/imoveis/locacao-apartamento-4-quartos-praia-de-itaparica-vila-velha-1496594839,vila-velha,praia-de-itaparica,1,174.0,4,4,3,1,0,1,1,0,0,6200.0,0
1496548300,https://es.olx.com.br/norte-do-espirito-santo/imoveis/oportunidade-cidade-continental-1496548300,serra,cidade-continental,0,180.0,2,3,4,0,0,0,0,0,0,2550.0,0
1496540880,https://es.olx.com.br/norte-do-espirito-santo/imoveis/1-quarto-mobiliado-e-climatizado-em-santa-helena-vitoria-es-1496540880,vitoria,santa-helena,1,42.0,1,1,2,1,1,1,1,1,0,3050.0,0
1496526620,https://es.olx.com.br/norte-do-espirito-santo/imoveis/apartamento-para-alugar-2-quartos-no-condominios-pracas-serra-1496526620,serra,praia-da-baleia,1,52.0,2,2,1,0,1,1,0,0,1,2200.0,0
1496524106,https://es.olx.com.br/norte-do-espirito-santo/imoveis/apartamento-de-3-quartos-na-praia-do-morro-1496524106,guarapari,praia-do-morro,1,115.0,3,1,1,0,0,0,0,0,0,3700.0,0
1496522568,https://es.olx.com.br/norte-do-espirito-santo/imoveis/luxuoso-apartamento-montado-com-3-quartos-em-enseada-do-sua-vitoria-es-1496522568,vitoria,enseada-do-sua,1,107.0,3,3,2,1,1,1,1,1,0,11000.0,0
1496522540,https://es.olx.com.br/norte-do-espirito-santo/imoveis/luxuoso-apartamento-montado-com-3-quartos-em-enseada-do-sua-vitoria-es-1496522540,vitoria,enseada-do-sua,1,107.0,3,3,2,1,1,1,1,1,0,11000.0,0
1496522127,https://es.olx.com.br/norte-do-espirito-santo/imoveis/luxuoso-apartamento-montado-com-3-quartos-em-enseada-do-sua-vitoria-es-1496522127,vitoria,enseada-do-sua,1,107.0,3,3,2,1,1,1,1,1,0,11000.0,0
1496520096,https://es.olx.com.br/norte-do-espirito-santo/imoveis/apartamento-com-1-dormitorio-para-alugar-40-m-por-r-1-837-50-mes-brisamar-vila-velh-1496520096,vila-velha,jardim-colorado,1,40.0,1,1,1,0,0,0,0,1,1,1800.0,0
1496518105,https://es.olx.com.br/norte-do-espirito-santo/imoveis/apartamento-com-1-dormitorio-para-alugar-40-m-por-r-1-837-50-mes-brisamar-vila-velh-1496518105,vila-velha,jardim-colorado,1,40.0,1,1,1,0,0,0,0,1,0,1800.0,0
1496403188,https://es.olx.com.br/norte-do-espirito-santo/imoveis/casa-com-2-quartos-para-alugar-80-m-por-r-2-700-ano-praia-do-morro-guarapari-es-1496403188,guarapari,praia-do-morro,0,80.0,2,3,1,0,0,0,0,0,0,2700.0,0
1496400123,https://es.olx.com.br/norte-do-espirito-santo/imoveis/apartamento-com-2-quartos-para-alugar-65-m-por-r-2-554-ano-praia-do-morro-guarapari-1496400123,guarapari,praia-do-morro,1,65.0,2,1,1,0,0,0,0,0,0,2500.0,0
1496399086,https://es.olx.com.br/norte-do-espirito-santo/imoveis/apartamento-com-1-quarto-para-alugar-na-praia-do-morro-em-guarapari-es-1496399086,guarapari,praia-do-morro,1,60.0,1,1,1,0,0,0,0,0,0,2500.0,0
1496398597,https://es.olx.com.br/norte-do-espirito-santo/imoveis/cobertura-com-3-dormitorios-para-alugar-217-m-por-r-4-463-83-mes-centro-guarapari-e-1496398597,guarapari,centro,1,217.0,3,3,1,0,0,0,0,1,0,3500.0,0
1496388781,https://es.olx.com.br/norte-do-espirito-santo/imoveis/apartamento-1-dormitorio-para-locacao-em-vila-velha-es-1496388781,vila-velha,praia-da-costa,1,45.0,1,1,1,1,0,0,0,0,0,3300.0,0
1496305432,https://es.olx.com.br/norte-do-espirito-santo/imoveis/apartamento-para-alugar-no-bairro-centro-vitoria-es-1496305432,vitoria,centro,1,27.0,1,1,0,0,0,0,0,0,1,2000.0,1
1496290800,https://es.olx.com.br/norte-do-espirito-santo/imoveis/cobertura-para-locacao-praia-de-itaparica-vila-velha-es-1496290800,vila-velha,praia-de-itaparica,1,145.0,3,4,2,1,1,1,0,1,1,8000.0,0
1496279151,https://es.olx.com.br/norte-do-espirito-santo/imoveis/apartamento-para-alugar-em-serra-jardim-limoeiro-com-3-quartos-com-69-m-1496279151,serra,jardim-limoeiro,1,69.0,3,2,0,0,1,1,1,0,1,4000.0,1
1496149404,https://es.olx.com.br/norte-do-espirito-santo/imoveis/lindo-apartamento-de-02-quartos-no-jockey-1496149404,vila-velha,praia-das-gaivotas,1,64.0,2,2,1,0,0,1,0,1,0,2400.0,0
1496136486,https://es.olx.com.br/norte-do-espirito-santo/imoveis/apto-3-quartos-itapua-vila-velha-es-1496136486,vila-velha,itapua,1,90.0,3,2,1,1,0,0,0,1,0,3500.0,0
1496116908,https://es.olx.com.br/norte-do-espirito-santo/imoveis/apartamento-com-2-dormitorios-para-alugar-70-m-por-r-3-800-00-mes-praia-de-itaparica-1496116908,vila-velha,praia-de-itaparica,1,70.0,2,1,1,1,0,1,0,0,1,3300.0,0
1496102877,https://es.olx.com.br/norte-do-espirito-santo/imoveis/ap-de-01-quarto-terreo-bem-localizado-av-principal-jockey-de-itaparica-1496102877,vila-velha,jockey-de-itaparica,1,33.0,1,1,1,0,0,0,0,0,0,1700.0,0
1496085990,https://es.olx.com.br/norte-do-espirito-santo/imoveis/espaco-comercial-duplex-232m-com-7-salas-em-jardim-da-penha-1496085990,vitoria,jardim-da-penha,0,233.0,4,4,2,0,0,0,0,1,0,8930.0,0
1496082852,https://es.olx.com.br/norte-do-espirito-santo/imoveis/casa-comercial-estruturada-436m-em-localizacao-estrategica-1496082852,vitoria,santa-lucia,0,436.0,5,5,0,0,0,0,0,0,0,24530.0,0
1492862392,https://es.olx.com.br/norte-do-espirito-santo/imoveis/apartamento-com-2-quartos-para-alugar-vale-encantado-vila-velha-es-1492862392,vila-velha,vale-encantado,1,50.0,2,1,1,1,0,1,0,0,0,2200.0,0
1495774292,https://es.olx.com.br/norte-do-espirito-santo/imoveis/viva-o-privilegio-de-morar-no-morro-do-moreno-1495774292,vila-velha,praia-da-costa,0,90.0,3,2,1,0,0,0,0,1,0,5000.0,0
1495774148,https://es.olx.com.br/norte-do-espirito-santo/imoveis/alianca-web-aluga-seu-novo-lar-em-itapoa-te-espera-1495774148,vila-velha,itapua,1,60.0,2,2,1,1,1,1,0,1,1,4500.0,0
1495716498,https://es.olx.com.br/norte-do-espirito-santo/imoveis/exclusivo-apartamento-3-quartos-1-suite-110-m-elevador-santa-lucia-1495716498,vitoria,santa-lucia,1,110.0,3,3,2,1,1,1,0,0,0,4000.0,0
1495660628,https://es.olx.com.br/norte-do-espirito-santo/imoveis/imovel-para-aluguel-possui-45-metros-quadrados-com-1-quarto-em-barro-vermelho-vitoria-1495660628,vitoria,barro-vermelho,1,45.0,1,1,1,1,1,1,0,1,0,3500.0,0
1495635431,https://es.olx.com.br/norte-do-espirito-santo/imoveis/imovel-para-aluguel-com-90-metros-quadrados-com-3-quartos-em-praia-de-itaparica-vila-vel-1495635431,vila-velha,praia-de-itaparica,1,90.0,3,2,2,1,1,1,1,0,0,3800.0,0
1495543660,https://es.olx.com.br/norte-do-espirito-santo/imoveis/praia-das-gaivotas-em-frente-a-pracinha-apto-02-qtos-65m2-arms-cozinha-e-banheiro-va-1495543660,vila-velha,praia-das-gaivotas,1,60.0,2,1,1,0,0,1,0,0,0,2200.0,0
1495543435,https://es.olx.com.br/norte-do-espirito-santo/imoveis/imovel-para-aluguel-tem-137-m-com-4-quartos-em-praia-da-costa-vila-velha-es-1495543435,vila-velha,praia-da-costa,1,137.0,4,4,3,1,0,1,0,1,0,7200.0,0
1495530087,https://es.olx.com.br/norte-do-espirito-santo/imoveis/imovel-para-aluguel-tem-120-metros-quadrados-com-3-quartos-em-novo-mexico-vila-velha-e-1495530087,vila-velha,novo-mexico,0,120.0,3,2,3,0,0,0,0,0,0,4000.0,0
1495486371,https://es.olx.com.br/norte-do-espirito-santo/imoveis/casa-na-mata-da-praia-1495486371,vitoria,mata-da-praia,0,370.0,5,5,3,0,0,0,0,1,0,15000.0,0
1495291423,https://es.olx.com.br/norte-do-espirito-santo/imoveis/venda-ou-locacao-casa-mata-da-praia-vitoria-1495291423,vitoria,mata-da-praia,0,283.0,4,5,4,0,0,1,0,1,0,12000.0,0
1495201235,https://es.olx.com.br/norte-do-espirito-santo/imoveis/apartamento-para-alugar-40-m-barro-vermelho-vitoria-es-1495201235,vitoria,barro-vermelho,1,45.0,1,1,1,1,0,1,0,0,0,3300.0,0
1494976187,https://es.olx.com.br/norte-do-espirito-santo/imoveis/apto-91m-em-predio-novo-com-armarios-3-quartos-e-2-suites-em-jardim-camburi-aluguel-po-1494976187,vitoria,jardim-camburi,1,91.0,3,3,2,0,1,1,1,0,0,6100.0,0
1494950959,https://es.olx.com.br/norte-do-espirito-santo/imoveis/imovel-para-aluguel-possui-68-metros-quadrados-com-2-quartos-em-praia-do-morro-guarapari-1494950959,guarapari,praia-do-morro,1,68.0,2,2,1,1,1,0,0,0,1,3000.0,0
1494831191,https://es.olx.com.br/norte-do-espirito-santo/imoveis/imovel-para-aluguel-com-20-metros-quadrados-em-jardim-camburi-vitoria-es-1494831191,vitoria,jardim-camburi,1,20.0,0,1,0,0,0,0,0,0,0,1300.0,1
1494733938,https://es.olx.com.br/norte-do-espirito-santo/imoveis/apartamento-com-2-dormitorios-para-alugar-80-m-por-r-4-914-17-mes-praia-da-costa-vi-1494733938,vila-velha,praia-da-costa,1,80.0,2,2,1,0,1,1,0,1,0,4000.0,0
1494713540,https://es.olx.com.br/norte-do-espirito-santo/imoveis/apartamento-com-vista-para-o-mar-na-praia-da-costa-mobiliado-2-quartos-suite-1494713540,vila-velha,praia-da-costa,1,75.0,2,2,1,1,0,0,0,1,1,4000.0,0
1494660925,https://es.olx.com.br/norte-do-espirito-santo/imoveis/apartamento-3-quartos-ed-anneti-vitali-cod-2459-f-1494660925,vila-velha,praia-de-itaparica,1,101.0,2,2,2,0,0,0,0,0,0,1680332.0,0
1494641449,https://es.olx.com.br/norte-do-espirito-santo/imoveis/acqua-marina-residencial-no-bairro-que-mais-cresce-em-vila-velha-praia-de-itaparica-1494641449,vila-velha,praia-de-itaparica,1,79.0,3,2,2,0,0,0,0,0,0,972923.0,0
1494629008,https://es.olx.com.br/norte-do-espirito-santo/imoveis/3-quartos-com-vista-mar-cod-22300-ff-1494629008,vila-velha,praia-de-itaparica,1,74.0,3,2,2,0,0,0,0,0,0,795003.0,0
1494625804,https://es.olx.com.br/norte-do-espirito-santo/imoveis/apartamento-com-3-quartos-para-alugar-120-m-por-r-4-700-mes-centro-guarapari-es-1494625804,guarapari,centro,1,120.0,3,2,2,1,1,0,0,1,1,4700.0,0
1494585710,https://es.olx.com.br/norte-do-espirito-santo/imoveis/belo-apartamento-em-itaparica-cod-20375-f-1494585710,vila-velha,praia-de-itaparica,1,77.0,3,2,2,0,0,0,0,0,0,945003.0,0
1494565641,https://es.olx.com.br/norte-do-espirito-santo/imoveis/casa-em-barcelona-disponivel-para-locacao-1494565641,serra,barcelona,0,60.0,2,2,0,0,0,0,0,1,0,2500.0,1
1494501206,https://es.olx.com.br/norte-do-espirito-santo/imoveis/locacao-apartamento-3-quartos-praia-de-itaparica-vila-velha-1494501206,vila-velha,praia-de-itaparica,1,77.0,3,2,2,1,0,1,1,1,0,3000.0,0
1494466784,https://es.olx.com.br/norte-do-espirito-santo/imoveis/aluguel-apartamento-2-quartos-c-varanda-porteira-fechada-sol-da-manha-vista-livre-1494466784,serra,praia-da-baleia,1,70.0,2,1,1,0,0,0,0,0,0,3000.0,0
1494416842,https://es.olx.com.br/norte-do-espirito-santo/imoveis/exclusiva-casa-residencial-4-suites-para-aluguel-na-ilha-do-frade-1494416842,vitoria,ilha-do-frade,0,370.0,4,3,4,0,0,0,0,0,0,18000.0,0
1494410061,https://es.olx.com.br/norte-do-espirito-santo/imoveis/imovel-para-aluguel-com-80-metros-quadrados-com-2-quartos-em-praia-de-itaparica-vila-vel-1494410061,vila-velha,praia-de-itaparica,1,80.0,2,2,1,1,1,1,1,0,0,3000.0,0
1494408514,https://es.olx.com.br/norte-do-espirito-santo/imoveis/imovel-para-aluguel-possui-123-metros-quadrados-com-3-quartos-1494408514,vila-velha,praia-de-itaparica,1,123.0,3,3,2,1,1,1,1,0,0,4500.0,0
1494402354,https://es.olx.com.br/norte-do-espirito-santo/imoveis/aparento-alto-padrao-com-3-suites-de-frene-para-o-mar-1494402354,guarapari,praia-do-morro,1,120.0,3,4,2,1,1,0,0,1,1,1500.0,0
1494395932,https://es.olx.com.br/norte-do-espirito-santo/imoveis/aprtamento-anual-de-frente-para-omar-1494395932,guarapari,praia-do-morro,1,110.0,3,2,2,1,1,0,0,0,1,4700.0,0
1494377689,https://es.olx.com.br/norte-do-espirito-santo/imoveis/cobertura-duplex-locacao-com-4-quartos-em-jardim-camburi-vitoria-es-1494377689,vitoria,jardim-camburi,1,160.0,4,3,2,1,0,1,0,0,0,6500.0,0
1494371669,https://es.olx.com.br/norte-do-espirito-santo/imoveis/apartamento-com-2-dormitorios-para-alugar-65-m-por-r-3-500-00-mes-praia-da-costa-vi-1494371669,vila-velha,praia-da-costa,1,65.0,2,1,1,1,0,0,0,1,1,2800.0,0
1494352170,https://es.olx.com.br/norte-do-espirito-santo/imoveis/apartamento-para-alugar-30-m-por-r-1-850-03-mes-centro-guarapari-es-1494352170,guarapari,centro,1,30.0,1,1,0,1,0,0,0,0,1,1850.0,0
1494288277,https://es.olx.com.br/norte-do-espirito-santo/imoveis/3-quartos-em-itapua-cod-33792-1494288277,vila-velha,itapua,1,162.0,3,3,2,0,0,0,0,0,0,990033.0,0
1494095880,https://es.olx.com.br/norte-do-espirito-santo/imoveis/frente-para-o-mar-1494095880,guarapari,praia-do-morro,1,115.0,3,2,2,1,1,0,0,0,1,4700.0,0
1494093764,https://es.olx.com.br/norte-do-espirito-santo/imoveis/apartamento-para-alugar-em-serra-jardim-limoeiro-com-3-quartos-com-70-m-villaggio-lim-1494093764,serra,jardim-limoeiro,1,70.0,3,2,1,1,1,1,1,1,0,2900.0,0
1494086045,https://es.olx.com.br/norte-do-espirito-santo/imoveis/3-quartos-no-ed-gilia-borgo-cod-23623-f-1494086045,vila-velha,itapua,1,115.0,3,3,2,0,0,0,0,0,0,950033.0,0
1494044257,https://es.olx.com.br/norte-do-espirito-santo/imoveis/apartamento-2-dormitorios-para-locacao-em-vila-velha-es-1494044257,vila-velha,praia-de-itaparica,1,60.0,2,1,1,1,0,0,0,0,0,4600.0,0
1493977343,https://es.olx.com.br/norte-do-espirito-santo/imoveis/lindo-apto-de-02-qts-em-colinas-de-laranjeiras-1493977343,serra,colina-de-laranjeiras,1,58.0,2,1,1,0,0,0,0,0,0,1300.0,0
1493839005,https://es.olx.com.br/norte-do-espirito-santo/imoveis/casa-com-8-dormitorios-360-m-venda-por-r-1-800-000-00-ou-aluguel-por-r-18-000-00-mes-1493839005,serra,helio-ferraz,0,360.0,5,5,4,0,0,0,0,0,0,18000.0,0
1493762927,https://es.olx.com.br/norte-do-espirito-santo/imoveis/apartamento-venda-ou-aluguel-de-3-quartos-na-praia-da-costa-vila-velha-es-1-suite-2-sal-1493762927,vila-velha,praia-da-costa,1,107.0,3,3,2,1,1,1,1,1,1,5000.0,0
1493308460,https://es.olx.com.br/norte-do-espirito-santo/imoveis/apartamento-de-3-quartos-com-2-suite-para-alugar-em-barro-vermelho-vitoria-1493308460,vitoria,barro-vermelho,1,120.0,3,3,0,1,0,1,1,1,0,5900.0,1
1493204201,https://es.olx.com.br/norte-do-espirito-santo/imoveis/apartamento-mobiliado-na-praia-da-costa-1493204201,vila-velha,praia-da-costa,1,112.0,4,2,3,1,0,1,0,1,1,10000.0,0
1493198534,https://es.olx.com.br/norte-do-espirito-santo/imoveis/apartamento-para-alugar-em-vila-velha-itapua-com-1-quarto-com-60-m-casa-itapua-1493198534,vila-velha,praia-da-costa,1,60.0,1,1,0,0,0,1,0,1,1,3200.0,1
1493185406,https://es.olx.com.br/norte-do-espirito-santo/imoveis/apartamento-de-luxo-para-aluguel-em-itapoa-190m-3-suites-3-vagas-varanda-gourmet-e-l-1493185406,vila-velha,itapua,1,190.0,3,5,3,0,1,1,1,1,1,10000.0,0
1493158308,https://es.olx.com.br/norte-do-espirito-santo/imoveis/locacao-apartamento-3-quartos-jardim-da-penha-vitoria-1493158308,vitoria,jardim-da-penha,1,85.0,3,2,2,1,0,0,0,1,0,4000.0,0
1492958135,https://es.olx.com.br/norte-do-espirito-santo/imoveis/casa-com-7-quartos-para-alugar-420m-centro-de-vila-velha-ref-557-1492958135,vila-velha,centro-de-vila-velha,0,420.0,5,5,2,0,0,0,0,0,0,16000.0,0
1492919491,https://es.olx.com.br/norte-do-espirito-santo/imoveis/locacao-apartamento-2-quartos-jardim-limoeiro-serra-1492919491,serra,jardim-limoeiro,1,42.0,2,1,1,0,0,0,0,0,0,1000.0,0
1492917194,https://es.olx.com.br/norte-do-espirito-santo/imoveis/locacao-apartamento-2-quartos-itapua-vila-velha-1492917194,vila-velha,itapua,1,60.0,2,2,1,1,0,1,0,0,0,3350.0,0
1492913185,https://es.olx.com.br/norte-do-espirito-santo/imoveis/apartamento-para-alugar-no-bairro-itapua-vila-velha-es-1492913185,vila-velha,itapua,1,115.0,3,3,2,0,0,1,0,0,0,8000.0,0
1492898539,https://es.olx.com.br/norte-do-espirito-santo/imoveis/apartamento-com-2-dormitorios-para-alugar-55-m-por-r-2-700-mes-praia-de-itaparica-v-1492898539,vila-velha,praia-de-itaparica,1,56.0,2,1,1,0,1,1,1,1,0,2700.0,0
1492847674,https://es.olx.com.br/norte-do-espirito-santo/imoveis/vendo-apto-3-quartos-jardim-camburi-1492847674,vitoria,jardim-camburi,1,90.0,3,2,2,0,0,0,0,0,1,4200.0,0
1492780251,https://es.olx.com.br/norte-do-espirito-santo/imoveis/imovel-para-aluguel-tem-100-metros-quadrados-com-3-quartos-em-itapua-vila-velha-es-1492780251,vila-velha,itapua,1,100.0,3,3,2,1,1,1,1,0,0,4700.0,0
1492765498,https://es.olx.com.br/norte-do-espirito-santo/imoveis/imovel-para-aluguel-com-90-metros-quadrados-com-3-quartos-em-praia-da-costa-vila-velha-1492765498,vila-velha,praia-da-costa,1,90.0,3,2,1,1,1,0,0,0,0,3500.0,0
1490989188,https://es.olx.com.br/norte-do-espirito-santo/imoveis/ed-vera-cruz-1490989188,vila-velha,praia-de-itaparica,1,67.0,2,2,1,1,1,1,1,1,1,3400.0,0
1492679034,https://es.olx.com.br/norte-do-espirito-santo/imoveis/imovel-para-aluguel-tem-65-metros-quadrados-com-2-quartos-em-praia-de-itaparica-vila-vel-1492679034,vila-velha,praia-de-itaparica,1,65.0,2,2,2,0,1,1,1,0,1,3500.0,0
1492622967,https://es.olx.com.br/norte-do-espirito-santo/imoveis/alugue-lindo-apto-com-2qts-e-66m-mobiliado-1492622967,vila-velha,praia-de-itaparica,1,66.0,2,2,1,0,0,1,0,1,1,3900.0,0
1492611718,https://es.olx.com.br/norte-do-espirito-santo/imoveis/apartamento-com-1-dormitorio-para-alugar-38-m-por-r-1-920-00-mes-praia-da-costa-vil-1492611718,vila-velha,praia-da-costa,1,38.0,1,1,0,1,0,0,0,0,0,1600.0,0
1492576246,https://es.olx.com.br/norte-do-espirito-santo/imoveis/apartamento-3-quartos-para-locacao-anual-em-guarapari-1492576246,guarapari,praia-do-morro,1,95.0,3,3,0,1,0,0,0,0,0,3600.0,1
1492427268,https://es.olx.com.br/norte-do-espirito-santo/imoveis/apartamento-para-locacao-anual-no-centro-com-3-dormitorios-guarapari-es-1492427268,guarapari,centro,1,100.0,3,3,1,1,0,0,0,1,1,2600.0,0
1492427272,https://es.olx.com.br/norte-do-espirito-santo/imoveis/apartamento-com-2-quartos-para-alugar-na-praia-do-morro-em-guarapari-es-1492427272,guarapari,praia-do-morro,1,75.0,2,2,1,1,1,1,0,1,1,4000.0,0
1492427135,https://es.olx.com.br/norte-do-espirito-santo/imoveis/apartamento-para-locacao-anual-com-3-dormitorios-guarapari-es-1492427135,guarapari,praia-do-morro,1,190.0,4,1,1,0,0,1,0,1,1,3800.0,0
1492427008,https://es.olx.com.br/norte-do-espirito-santo/imoveis/apartamento-com-2-dormitorios-para-alugar-na-praia-do-morro-em-guarapari-es-1492427008,guarapari,praia-do-morro,1,98.0,2,2,1,1,1,0,0,1,1,3000.0,0
1492426948,https://es.olx.com.br/norte-do-espirito-santo/imoveis/cobertura-para-alugar-260-m-por-r-6-883-33-mes-centro-guarapari-es-1492426948,guarapari,centro,1,260.0,4,5,3,1,0,1,0,1,0,6000.0,0
1492397293,https://es.olx.com.br/norte-do-espirito-santo/imoveis/casa-3-quartos-em-colina-de-laranjeiras-1492397293,serra,colina-de-laranjeiras,0,199.0,3,3,2,0,0,0,0,0,0,5000.0,0
1492305583,https://es.olx.com.br/norte-do-espirito-santo/imoveis/apartamento-de-2-quartos-na-mata-da-praia-vitoria-es-com-62m-e-suite-imperdivel-oport-1492305583,vitoria,mata-da-praia,1,62.0,2,2,2,1,0,1,1,1,0,4300.0,0
1492301961,https://es.olx.com.br/norte-do-espirito-santo/imoveis/apartamento-para-aluguel-3-quartos-1-suite-2-vagas-praia-da-costa-vila-velha-es-1492301961,vila-velha,praia-da-costa,1,120.0,3,3,2,0,0,1,0,1,0,4000.0,0
1492209476,https://es.olx.com.br/norte-do-espirito-santo/imoveis/vila-velha-apartamento-3-dormitorios-vista-mar-carolina-caliari-praia-de-itapua-1492209476,vila-velha,itapua,1,115.0,3,2,2,1,1,1,1,1,0,8000.0,0
1492164109,https://es.olx.com.br/norte-do-espirito-santo/imoveis/imovel-para-aluguel-possui-66-metros-quadrados-com-2-quartos-em-praia-da-costa-vila-velh-1492164109,vila-velha,praia-da-costa,1,66.0,2,1,1,0,1,1,1,0,0,6400.0,0
1491974965,https://es.olx.com.br/norte-do-espirito-santo/imoveis/ed-ilha-bela-1491974965,serra,colina-de-laranjeiras,1,52.0,2,1,1,1,1,1,1,1,0,2450.0,0
1491963475,https://es.olx.com.br/norte-do-espirito-santo/imoveis/lindo-apartamento-de-2-quartos-em-itapua-vila-velha-ref-ap4500-1491963475,vila-velha,itapua,1,66.0,2,2,1,1,0,1,0,0,1,3000.0,0
1491895527,https://es.olx.com.br/norte-do-espirito-santo/imoveis/apartamento-2-dormitorios-praia-de-itapua-lazer-completo-1491895527,vila-velha,itapua,1,68.0,2,2,1,1,0,1,1,1,0,3300.0,0
1491804739,https://es.olx.com.br/norte-do-espirito-santo/imoveis/apartamento-de-2-quartos-na-praia-do-canto-1491804739,vitoria,praia-do-canto,1,70.0,2,2,1,1,1,1,0,0,0,4800.0,0
1491792228,https://es.olx.com.br/norte-do-espirito-santo/imoveis/imovel-para-aluguel-possui-90-metros-quadrados-com-2-quartos-em-centro-guarapari-es-1491792228,guarapari,centro,1,90.0,2,1,1,0,0,0,0,0,0,3800.0,0
1491116246,https://es.olx.com.br/norte-do-espirito-santo/imoveis/excelente-apartamento-para-locacao-130m-praia-do-canto-3-quartos-1491116246,vitoria,praia-do-canto,1,130.0,3,3,1,1,1,0,0,0,1,5030.0,0
1491110089,https://es.olx.com.br/norte-do-espirito-santo/imoveis/locacao-anual-edificio-rene-rabello-com-3-quartos-sendo-1-suite-no-centro-1491110089,guarapari,centro,1,116.0,3,2,2,1,1,1,0,1,0,5700.0,0
1491066430,https://es.olx.com.br/norte-do-espirito-santo/imoveis/apartamento-para-locacao-praia-de-itaparica-vila-velha-es-1491066430,vila-velha,praia-de-itaparica,1,77.0,3,2,0,1,1,1,0,0,0,4800.0,0
1491034465,https://es.olx.com.br/norte-do-espirito-santo/imoveis/casa-comercial-com-4-quartos-para-alugar-200-m-centro-vila-velha-es-1491034465,vila-velha,centro-de-vila-velha,0,200.0,4,5,2,0,0,0,0,1,0,16000.0,0
1491027396,https://es.olx.com.br/norte-do-espirito-santo/imoveis/aluguel-3-quartos-85m--jardim-camburi-r-2-515-00-taxas-ref-r-030-1491027396,vitoria,jardim-camburi,1,85.0,3,2,1,0,0,0,0,0,0,2515.0,0
1490989251,https://es.olx.com.br/norte-do-espirito-santo/imoveis/casa-duplex-em-itapoa-1490989251,vila-velha,itapua,0,321.0,4,5,4,0,0,0,0,1,0,17000.0,0
1490932054,https://es.olx.com.br/norte-do-espirito-santo/imoveis/imovel-para-aluguel-com-68-metros-quadrados-com-2-quartos-em-centro-guarapari-es-1490932054,guarapari,centro,1,68.0,2,1,1,0,0,0,0,0,0,2800.0,0
1490891716,https://es.olx.com.br/norte-do-espirito-santo/imoveis/imovel-para-aluguel-possui-62-metros-quadrados-com-2-quartos-1490891716,vila-velha,jockey-de-itaparica,1,68.0,2,2,2,1,1,1,1,0,0,3000.0,0
1490810469,https://es.olx.com.br/norte-do-espirito-santo/imoveis/alianca-web-imoveis-aluga-apartamento-3-quartos-mobiliado-praia-da-costa-vila-velha-1490810469,vila-velha,praia-da-costa,1,95.0,3,3,2,1,1,0,0,1,0,5500.0,0
1490800012,https://es.olx.com.br/norte-do-espirito-santo/imoveis/locacao-casa-jardim-camburi-vitoria-1490800012,vitoria,jardim-camburi,0,300.0,3,3,2,0,0,0,0,1,0,10000.0,0
1490786833,https://es.olx.com.br/norte-do-espirito-santo/imoveis/aluga-cob-duplex-mobiliada-250m-em-vitoria-1490786833,vitoria,santos-dumont,1,250.0,5,3,1,0,0,0,0,0,0,6500.0,0
1490565366,https://es.olx.com.br/norte-do-espirito-santo/imoveis/imovel-para-aluguel-possui-110-metros-quadrados-com-2-quartos-em-praia-da-costa-vila-vel-1490565366,vila-velha,praia-da-costa,1,110.0,2,2,1,1,0,1,0,0,0,3200.0,0
1490543724,https://es.olx.com.br/norte-do-espirito-santo/imoveis/maravilhoso-apartamento-4-dormitorios-praia-da-costa-quadra-do-mar-1490543724,vila-velha,praia-da-costa,1,120.0,4,2,2,0,0,0,0,0,0,6500.0,0
1490513199,https://es.olx.com.br/norte-do-espirito-santo/imoveis/excelente-apartamento-com-vista-para-o-mar-e-montado-no-centro-de-guarapari-es-1490513199,guarapari,centro,1,100.0,3,2,2,0,0,1,0,1,1,5500.0,0
1490510930,https://es.olx.com.br/norte-do-espirito-santo/imoveis/apartamento-para-aluguel-3-quartos-1-suite-2-vagas-praia-da-costa-vila-velha-es-1490510930,vila-velha,praia-da-costa,1,120.0,3,3,2,0,1,0,0,1,1,5800.0,0
1490473672,https://es.olx.com.br/norte-do-espirito-santo/imoveis/aluguel-apartamento-com-2-quartos-60-m-por-r-3-100-mes-itaparica-vila-velha-es-1490473672,vila-velha,interlagos,1,61.0,2,2,1,0,0,1,0,1,0,3100.0,0
1490445175,https://es.olx.com.br/norte-do-espirito-santo/imoveis/excelente-3-quartos-1490445175,vila-velha,praia-da-costa,1,100.0,3,1,0,0,1,0,0,0,0,4200.0,1
1490232264,https://es.olx.com.br/norte-do-espirito-santo/imoveis/apartamento-2-quartos-1-vaga-e-lazer-em-sao-patricio-viva-la-serra-proximo-o-supermercado-1490232264,serra,sao-patricio,1,47.0,2,1,1,0,0,1,0,0,0,1600.0,0
1490210590,https://es.olx.com.br/norte-do-espirito-santo/imoveis/locacao-apartamento-2-quartos-praia-de-itaparica-vila-velha-1490210590,vila-velha,praia-de-itaparica,1,65.0,2,2,1,1,0,1,1,1,0,2500.0,0
1490210595,https://es.olx.com.br/norte-do-espirito-santo/imoveis/locacao-apartamento-2-quartos-praia-de-itaparica-vila-velha-1490210595,vila-velha,praia-de-itaparica,1,75.0,2,2,1,1,0,1,0,1,0,3000.0,0
1490192565,https://es.olx.com.br/norte-do-espirito-santo/imoveis/3-qtos-suite-arm-gar-elev-85-m2-port-24-hs-prox-ufes-1490192565,vitoria,jardim-da-penha,1,85.0,3,3,1,0,0,0,0,0,0,3200.0,0
1490035460,https://es.olx.com.br/norte-do-espirito-santo/imoveis/imovel-para-aluguel-possui-70-metros-quadrados-com-3-quartos-em-praia-de-itaparica-vila-1490035460,vila-velha,praia-de-itaparica,1,70.0,3,2,2,1,1,1,1,0,0,3800.0,0
1490018412,https://es.olx.com.br/norte-do-espirito-santo/imoveis/imovel-para-aluguel-com-138-metros-quadrados-com-3-quartos-em-praia-de-itaparica-vila-ve-1490018412,vila-velha,praia-de-itaparica,1,138.0,3,2,3,1,1,1,1,1,1,9500.0,0
1489788369,https://es.olx.com.br/norte-do-espirito-santo/imoveis/apartamento-de-2-quartos-locacao-anual-em-guarapari-na-enseada-verde-1489788369,guarapari,meaipe,1,70.0,2,2,1,0,0,0,0,1,1,1860.0,0
1489534252,https://es.olx.com.br/norte-do-espirito-santo/imoveis/apartamento-garden-com-102-metros-para-alugar-no-sky-garden-residence-praia-de-itaparica-v-1489534252,vila-velha,praia-de-itaparica,1,102.0,2,2,1,0,1,0,1,0,0,4500.0,0
1489510169,https://es.olx.com.br/norte-do-espirito-santo/imoveis/locacao-apartamento-3-quartos-campo-grande-cariacica-1489510169,cariacica,campo-grande,1,115.0,3,1,0,0,0,0,0,1,0,1800.0,1
1489497593,https://es.olx.com.br/norte-do-espirito-santo/imoveis/locacao-apartamento-2-quartos-jardim-limoeiro-serra-1489497593,serra,jardim-limoeiro,1,48.0,2,1,1,0,0,0,0,0,1,1500.0,0
1489497353,https://es.olx.com.br/norte-do-espirito-santo/imoveis/apartamento-garden-para-locacao-com-4-quartos-1-suite-no-centro-de-guarapari-1489497353,guarapari,centro,1,220.0,4,2,2,0,0,0,0,0,0,10000.0,0
1489427285,https://es.olx.com.br/norte-do-espirito-santo/imoveis/apartamento-para-alugar-na-praia-da-costa-vila-velha-1489427285,vila-velha,praia-da-costa,1,50.0,1,1,1,1,1,1,1,0,1,3400.0,0
1489304020,https://es.olx.com.br/norte-do-espirito-santo/imoveis/imovel-para-aluguel-com-150-metros-quadrados-com-2-quartos-em-praia-da-costa-vila-velha-1489304020,vila-velha,praia-da-costa,0,300.0,5,1,0,0,0,0,0,0,0,6000.0,1
1489281770,https://es.olx.com.br/norte-do-espirito-santo/imoveis/predio-de-frente-para-o-mar-da-praia-da-costa-1489281770,vila-velha,praia-da-costa,1,175.0,4,1,2,1,0,1,0,0,0,6500.0,0
1489258790,https://es.olx.com.br/norte-do-espirito-santo/imoveis/apartamento-no-centro-de-guarapari-3-quartos-mais-reversivel-1489258790,guarapari,centro,1,90.0,4,3,1,1,0,0,0,0,0,3900.0,0
1489244927,https://es.olx.com.br/norte-do-espirito-santo/imoveis/apartamento-residencial-em-vitoria-es-praia-do-canto-1489244927,vitoria,praia-do-canto,1,109.0,2,2,1,1,0,0,0,0,0,2900.0,0
1489207584,https://es.olx.com.br/norte-do-espirito-santo/imoveis/casa-210-m-venda-por-r-3-190-000-00-ou-aluguel-por-r-18-137-67-mes-jardim-camburi-1489207584,vitoria,jardim-camburi,0,210.0,4,5,2,0,0,1,0,0,0,18000.0,0
1489197204,https://es.olx.com.br/norte-do-espirito-santo/imoveis/apartamento-de-3-quartos-2-banheiros-1-vaga-de-garagem-com-aproximadamente-120m-para-lo-1489197204,vitoria,jabour,1,120.0,3,2,1,0,0,0,0,1,0,2295.0,0
1489058992,https://es.olx.com.br/norte-do-espirito-santo/imoveis/apartamento-mobiliado-no-bairro-jockey-de-itaparica-1489058992,vila-velha,jockey-de-itaparica,1,60.0,2,2,1,1,0,1,1,0,1,3500.0,0
1488979550,https://es.olx.com.br/norte-do-espirito-santo/imoveis/apartamento-para-aluguel-3-quartos-3-suites-4-vagas-praia-de-itaparica-vila-velha-es-1488979550,vila-velha,praia-de-itaparica,1,212.0,3,2,4,0,0,1,1,1,0,8000.0,0
1488920170,https://es.olx.com.br/norte-do-espirito-santo/imoveis/apartamento-com-2-dormitorios-para-alugar-60-m-por-r-4-009-58-mes-praia-da-costa-vi-1488920170,vila-velha,praia-da-costa,1,60.0,2,2,1,1,1,1,0,1,0,3100.0,0
1488895388,https://es.olx.com.br/norte-do-espirito-santo/imoveis/apartamento-mobiliado-na-enseada-do-sua-2-quartos-1-suite-3-banheiros-1488895388,vitoria,enseada-do-sua,1,90.0,2,3,1,1,0,1,0,0,0,4950.0,0
1488848797,https://es.olx.com.br/norte-do-espirito-santo/imoveis/3-quartos-com-suite-cod-29591-f-1488848797,vila-velha,praia-de-itaparica,1,85.0,2,2,2,0,0,0,0,0,0,1400332.0,0
1488718406,https://es.olx.com.br/norte-do-espirito-santo/imoveis/edificio-antonio-gottardo-com-3-quartos-sendo-2-suite-para-locacao-em-muquicaba-1488718406,guarapari,muquicaba,1,139.0,3,3,2,1,1,1,1,1,0,5500.0,0
1488697055,https://es.olx.com.br/norte-do-espirito-santo/imoveis/locacao-apartamento-2-quartos-vila-palestina-cariacica-1488697055,cariacica,vila-palestina,1,120.0,2,1,0,0,0,0,0,1,0,1150.0,0
1488692495,https://es.olx.com.br/norte-do-espirito-santo/imoveis/locacao-apartamento-2-quartos-praia-de-itaparica-vila-velha-1488692495,vila-velha,praia-de-itaparica,1,60.0,2,2,1,1,0,1,1,1,0,2450.0,0
1488691989,https://es.olx.com.br/norte-do-espirito-santo/imoveis/locacao-apartamento-2-quartos-jockey-de-itaparica-vila-velha-1488691989,vila-velha,jockey-de-itaparica,1,55.0,2,2,1,1,0,1,1,0,0,2300.0,0
1488681568,https://es.olx.com.br/norte-do-espirito-santo/imoveis/locacao-apartamento-2-quartos-sao-joao-batista-cariacica-1488681568,cariacica,sao-joao-batista,1,44.0,2,1,1,0,0,0,0,0,0,1200.0,0
1488628856,https://es.olx.com.br/norte-do-espirito-santo/imoveis/magnifica-cobertura-duplex-em-itaparica-vista-mar-e-porteira-fechada-1488628856,vila-velha,praia-de-itaparica,1,115.0,3,5,3,1,0,1,0,0,1,8000.0,0
1409362913,https://es.olx.com.br/norte-do-espirito-santo/imoveis/apartamento-com-1-quarto-para-alugar-25-m-brisamar-vila-velha-es-1409362913,vila-velha,jardim-guadalajara,1,25.0,1,1,0,0,0,0,0,0,0,1400.0,0
1384664959,https://es.olx.com.br/norte-do-espirito-santo/imoveis/casa-com-5-quartos-para-alugar-200-m-interlagos-vila-velha-es-1384664959,vila-velha,interlagos,0,200.0,5,4,2,0,0,1,0,0,0,6500.0,0
1488553042,https://es.olx.com.br/norte-do-espirito-santo/imoveis/imovel-para-aluguel-com-76-metros-quadrados-com-3-quartos-1488553042,serra,parque-residencial-laranjeiras,1,76.0,3,2,2,1,0,1,1,0,1,2600.0,0
1488427933,https://es.olx.com.br/norte-do-espirito-santo/imoveis/alianca-web-aluga-1488427933,vila-velha,praia-de-itaparica,1,59.0,2,2,1,1,1,0,0,1,0,2900.0,0
1488427634,https://es.olx.com.br/norte-do-espirito-santo/imoveis/alianca-web-aluga-1488427634,vila-velha,praia-de-itaparica,1,59.0,2,2,1,1,0,1,1,1,0,2900.0,0
1488427550,https://es.olx.com.br/norte-do-espirito-santo/imoveis/alianca-web-aluga-1488427550,vila-velha,praia-de-itaparica,1,76.0,3,2,2,1,0,1,1,1,0,4500.0,0
1488427516,https://es.olx.com.br/norte-do-espirito-santo/imoveis/alianca-web-aluga-1488427516,vila-velha,praia-de-itaparica,1,59.0,2,2,1,1,0,0,0,1,0,2900.0,0
1488061584,https://es.olx.com.br/norte-do-espirito-santo/imoveis/apartamento-1q-mobiliado-jardim-camburi-1488061584,vitoria,aeroporto,1,35.0,1,1,1,1,1,0,1,1,1,3500.0,0
1487704444,https://es.olx.com.br/norte-do-espirito-santo/imoveis/cobertura-duplex-na-praia-de-itaparica-113m-3-suites-2-vagas-e-lazer-1487704444,vila-velha,praia-de-itaparica,1,113.0,3,4,2,1,0,1,1,1,0,5500.0,0
1487467294,https://es.olx.com.br/norte-do-espirito-santo/imoveis/apartamento-2-quartos-a-venda-em-guarapari-na-enseada-azul-1487467294,guarapari,enseada-azul,1,75.0,2,2,1,1,0,1,0,1,1,3200.0,0
1487335943,https://es.olx.com.br/norte-do-espirito-santo/imoveis/apartamento-com-2-dormitorios-para-alugar-60-m-por-r-3-890-00-mes-praia-de-itaparica-1487335943,vila-velha,praia-de-itaparica,1,60.0,2,2,1,1,0,1,1,1,0,3300.0,0
1487318889,https://es.olx.com.br/norte-do-espirito-santo/imoveis/oportunidade-unica-casa-de-280m-na-gloria-perfeita-para-residencia-ou-comercio-1487318889,vila-velha,gloria,0,280.0,5,3,2,0,0,0,0,0,0,10000.0,0
1487187735,https://es.olx.com.br/norte-do-espirito-santo/imoveis/imovel-para-aluguel-possui-90-metros-quadrados-com-3-quartos-em-praia-da-costa-vila-velh-1487187735,vila-velha,praia-da-costa,1,90.0,3,2,1,1,0,1,0,0,0,3450.0,0
1487187633,https://es.olx.com.br/norte-do-espirito-santo/imoveis/imovel-para-aluguel-tem-140-metros-quadrados-com-2-quartos-em-praia-da-costa-vila-velha-1487187633,vila-velha,praia-da-costa,1,140.0,2,1,2,1,0,1,0,0,0,4000.0,0
1487118903,https://es.olx.com.br/norte-do-espirito-santo/imoveis/apartamento-em-mata-da-praia-vitoria-1487118903,vitoria,pontal-de-camburi,1,72.0,2,2,2,0,0,0,0,0,0,4200.0,0
1487073565,https://es.olx.com.br/norte-do-espirito-santo/imoveis/venda-ou-locacao-casa-mata-da-praia-vitoria-1487073565,vitoria,mata-da-praia,0,196.0,3,3,3,0,0,1,0,1,0,13500.0,0
1486966452,https://es.olx.com.br/norte-do-espirito-santo/imoveis/apartamento-com-3-dormitorios-120-m-venda-por-r-1-370-000-00-ou-aluguel-por-r-5-835-1486966452,vila-velha,praia-da-costa,1,120.0,3,3,2,0,1,1,0,1,0,5000.0,0
1486935503,https://es.olx.com.br/norte-do-espirito-santo/imoveis/imovel-para-aluguel-tem-48-metros-quadrados-com-2-quartos-em-aribiri-vila-velha-es-1486935503,vila-velha,aribiri,1,48.0,2,1,1,1,1,1,1,1,0,2450.0,0
1486888571,https://es.olx.com.br/norte-do-espirito-santo/imoveis/casa-comercial-ampla-para-locacao-em-regiao-de-alto-fluxo-laranjeiras-serra-es-1486888571,serra,parque-residencial-laranjeiras,0,250.0,4,2,4,0,0,0,0,0,0,10000.0,0
1486800076,https://es.olx.com.br/norte-do-espirito-santo/imoveis/apartamento-com-3-dormitorios-para-locacao-anual-no-centro-guarapari-es-1486800076,guarapari,centro,1,100.0,3,3,1,1,0,0,0,1,0,5800.0,0
1486786893,https://es.olx.com.br/norte-do-espirito-santo/imoveis/anderson-martins-vende-excelente-apartamento-de-3-quartos-1486786893,vila-velha,itapua,1,83.0,3,2,1,0,0,0,0,0,0,560000.0,0
1486713044,https://es.olx.com.br/norte-do-espirito-santo/imoveis/locacao-apartamento-3-quartos-itapua-vila-velha-1486713044,vila-velha,itapua,1,127.0,3,3,2,1,0,1,1,0,0,3900.0,0
1486646826,https://es.olx.com.br/norte-do-espirito-santo/imoveis/3-quartos-primeiro-andar-1486646826,guarapari,praia-do-morro,1,110.0,3,2,1,0,0,0,0,0,0,2800.0,0
1486644775,https://es.olx.com.br/norte-do-espirito-santo/imoveis/apartamento-para-locacao-em-guarapari-es-muquicaba-2-quartos-1-suite-1-sala-2-banheir-1486644775,guarapari,muquicaba,1,80.0,2,2,1,0,0,1,0,1,0,3000.0,0
1486577789,https://es.olx.com.br/norte-do-espirito-santo/imoveis/lancamento-mais-esperado-da-praia-da-costa-cod-33640-f-1486577789,vila-velha,praia-da-costa,1,127.0,3,2,2,0,0,0,0,0,0,1790332.0,0
1486557220,https://es.olx.com.br/norte-do-espirito-santo/imoveis/imovel-para-aluguel-com-60-metros-quadrados-com-2-quartos-em-itapua-vila-velha-es-1486557220,vila-velha,itapua,1,60.0,2,1,1,1,0,1,1,0,1,5500.0,0
1486515261,https://es.olx.com.br/norte-do-espirito-santo/imoveis/imovel-para-aluguel-possui-180-metros-quadrados-com-3-quartos-1486515261,vila-velha,centro-de-vila-velha,0,180.0,3,3,0,0,0,0,0,0,0,3600.0,0
1486438966,https://es.olx.com.br/norte-do-espirito-santo/imoveis/apartamento-2-quartos-reformado-andar-alto-com-vista-e-bem-localizado-em-sao-diogo-1486438966,serra,sao-diogo-i,1,52.0,2,1,1,1,1,1,0,0,0,1900.0,0
1486431259,https://es.olx.com.br/norte-do-espirito-santo/imoveis/apartamento-para-locacao-no-centro-de-guarapari-es-2-quartos-1-suite-1-sala-2-banheiro-1486431259,guarapari,centro,1,75.0,2,2,1,1,0,0,0,0,0,4000.0,0
1486367618,https://es.olx.com.br/norte-do-espirito-santo/imoveis/apartamentos-no-centro-com-3-quartos-1-suites-com-area-de-lazer-2-vagas-de-garagem-1486367618,guarapari,centro,1,116.0,3,2,2,0,0,0,0,0,0,5500.0,0
1485770330,https://es.olx.com.br/norte-do-espirito-santo/imoveis/luxo-e-conforto-casa-duplex-4-quartos-condominio-boulevard-mar-d-ule-residence-resort-1485770330,guarapari,recanto-da-sereia,0,273.0,4,3,2,0,1,0,1,0,1,10870.0,0
1485756647,https://es.olx.com.br/norte-do-espirito-santo/imoveis/oportunidade-02-quartos-em-coqueiral-de-itaparica-1485756647,vila-velha,coqueiral-de-itaparica,1,60.0,2,1,1,0,0,0,0,0,0,1600.0,0
1485718927,https://es.olx.com.br/norte-do-espirito-santo/imoveis/aluguel-anual-centro-de-guarapari-1485718927,guarapari,centro,1,70.0,2,2,1,0,0,0,0,0,0,3200.0,0
1485652779,https://es.olx.com.br/norte-do-espirito-santo/imoveis/apartamento-para-locacao-em-colina-de-laranjeiras-2-quartos-1485652779,serra,colina-de-laranjeiras,1,42.0,2,1,1,0,0,0,0,0,0,2700.0,0
1485601615,https://es.olx.com.br/norte-do-espirito-santo/imoveis/apartamento-alto-padrao-para-locacao-com-4-quartos-no-legacy-residence-torre-norte-vila-1485601615,vila-velha,itapua,1,155.0,4,4,2,1,0,1,1,0,0,7500.0,0
1485532648,https://es.olx.com.br/norte-do-espirito-santo/imoveis/casa-duplex-mobiliada-para-alugar-boulevard-lagoa-serra-es-1485532648,serra,boulevard-lagoa,0,287.0,4,5,4,0,1,1,1,0,1,10000.0,0
1485369774,https://es.olx.com.br/norte-do-espirito-santo/imoveis/locacao-apartamento-2-quartos-morada-de-laranjeiras-serra-1485369774,serra,morada-de-laranjeiras,1,52.0,2,2,1,1,0,1,1,0,0,1800.0,0
1485367126,https://es.olx.com.br/norte-do-espirito-santo/imoveis/apartamento-2-dormitorios-para-locacao-em-vila-velha-es-1485367126,vila-velha,praia-da-costa,1,70.0,2,2,1,1,1,0,0,0,0,4000.0,0
1485134540,https://es.olx.com.br/norte-do-espirito-santo/imoveis/apartamento-para-locacao-anual-na-praia-do-morro-com-3-dormitorios-guarapari-es-1485134540,guarapari,praia-do-morro,1,205.0,3,1,1,0,0,0,0,1,1,3500.0,0
1485134541,https://es.olx.com.br/norte-do-espirito-santo/imoveis/apartamento-com-3-quartos-para-alugar-no-centro-de-guarapari-es-1485134541,guarapari,centro,1,115.0,3,2,2,1,1,1,0,1,0,5000.0,0
1485124684,https://es.olx.com.br/norte-do-espirito-santo/imoveis/ap-3-quartos-em-excelente-localizacao-em-itapoa-agende-a-sua-visita-1485124684,vila-velha,praia-da-costa,1,90.0,3,2,1,0,1,1,0,0,0,3500.0,0
1484980933,https://es.olx.com.br/norte-do-espirito-santo/imoveis/apartamento-de-3-quartos-2-banheiros-1-suite-2-vagas-de-garagem-para-locacao-na-quadra-1484980933,vitoria,jardim-camburi,1,90.0,3,2,2,1,0,1,0,0,0,3795.0,0
1484561924,https://es.olx.com.br/norte-do-espirito-santo/imoveis/aluguel-2-quartos-c-suite-varanda-gourmet-e-100m-da-praia-itaparica-1484561924,vila-velha,praia-de-itaparica,1,60.0,2,2,1,1,1,1,1,1,0,2900.0,0
1484514882,https://es.olx.com.br/norte-do-espirito-santo/imoveis/imovel-para-aluguel-tem-90-metros-quadrados-com-3-quartos-em-praia-da-costa-vila-velha-1484514882,vila-velha,praia-da-costa,1,90.0,3,1,1,1,0,1,0,0,0,3500.0,0
1484427848,https://es.olx.com.br/norte-do-espirito-santo/imoveis/porteira-fechada-apartamento-3-quartos-recem-entregue-na-praia-de-itaparica-1484427848,vila-velha,praia-de-itaparica,1,75.0,3,2,1,1,0,1,1,0,1,4500.0,0
1484423248,https://es.olx.com.br/norte-do-espirito-santo/imoveis/maravilhoso-apartamento-galwan-com-3-dormitorios-para-alugar-100-m-por-r-7-561-mes-sa-1484423248,vitoria,santa-lucia,1,100.0,3,3,3,0,0,0,0,0,0,6500.0,0
1484390420,https://es.olx.com.br/norte-do-espirito-santo/imoveis/apartamento-para-locacao-jardim-da-penha-vitoria-es-1484390420,vitoria,jardim-da-penha,1,67.0,2,2,0,1,1,1,0,1,0,4500.0,0
1484159926,https://es.olx.com.br/norte-do-espirito-santo/imoveis/apartamento-com-02-quartos-praia-do-canto-vitoria-1484159926,vitoria,praia-do-canto,1,70.0,2,1,1,1,1,0,0,0,0,2500.0,0
1483762282,https://es.olx.com.br/norte-do-espirito-santo/imoveis/aluguel-casa-3-quartos-helio-ferraz-r-2-715-00-taxas-ref-r-028-1483762282,serra,helio-ferraz,0,105.0,3,2,0,0,0,0,0,0,0,2715.0,1
1483708714,https://es.olx.com.br/norte-do-espirito-santo/imoveis/more-na-praia-de-itaparica-3-quartos-suite-e-2-vagas-de-garagem-1483708714,vila-velha,praia-de-itaparica,1,70.0,3,2,2,1,1,1,1,1,0,4500.0,0
1483708692,https://es.olx.com.br/norte-do-espirito-santo/imoveis/alianca-web-aluga-1483708692,vila-velha,praia-de-itaparica,1,58.0,2,2,1,0,0,1,1,1,0,2900.0,0
1483708681,https://es.olx.com.br/norte-do-espirito-santo/imoveis/excelente-2-quartos-primeira-locacao-praia-de-itaparica-vila-velha-1483708681,vila-velha,praia-de-itaparica,1,59.0,2,2,1,1,1,1,1,1,0,2900.0,0
1483708691,https://es.olx.com.br/norte-do-espirito-santo/imoveis/apartamento-novinho-3-quartos-com-suite-2-vagas-lazer-de-clube-praia-de-itaparica-1483708691,vila-velha,praia-de-itaparica,1,70.0,3,2,1,1,1,1,1,1,0,4500.0,0
1483708634,https://es.olx.com.br/norte-do-espirito-santo/imoveis/alianca-web-aluga-1483708634,vila-velha,praia-de-itaparica,1,43.0,1,1,1,1,1,1,1,0,1,4000.0,0
1483701185,https://es.olx.com.br/norte-do-espirito-santo/imoveis/apto-3-quartos-mata-da-praia-1483701185,vitoria,mata-da-praia,1,100.0,3,2,2,0,0,1,1,0,0,6300.0,0
1483688657,https://es.olx.com.br/norte-do-espirito-santo/imoveis/alugo-apartamento-no-next-residence-3-quartos-1-suite-95m2-lazer-completo-alphaville-jacu-1483688657,serra,jacuhy,1,95.0,3,2,2,1,1,1,1,0,0,4500.0,0
1483665915,https://es.olx.com.br/norte-do-espirito-santo/imoveis/apartamento-com-2-dormitorios-para-alugar-70-m-por-r-2-550-praia-de-itaparica-vila-1483665915,vila-velha,praia-de-itaparica,1,70.0,2,2,2,1,0,1,0,1,0,2550.0,0
1483449303,https://es.olx.com.br/norte-do-espirito-santo/imoveis/apartamento-alto-luxo-frente-mar-mobiliado-para-alugar-no-bairro-praia-de-itaparica-vila-1483449303,vila-velha,praia-de-itaparica,1,277.0,4,4,2,1,0,1,1,1,1,10500.0,0
1483399669,https://es.olx.com.br/norte-do-espirito-santo/imoveis/casa-com-4-dormitorios-269-m-venda-por-r-1-750-000-00-ou-aluguel-por-r-8-500-00-mes-1483399669,serra,colina-de-laranjeiras,0,270.0,4,3,3,0,1,1,1,0,0,8500.0,0
1483335578,https://es.olx.com.br/norte-do-espirito-santo/imoveis/apartamento-em-santa-lucia-vitoria-1483335578,vitoria,santa-lucia,1,200.0,3,5,2,1,1,1,1,0,0,6000.0,0
1483322234,https://es.olx.com.br/norte-do-espirito-santo/imoveis/aluga-se-apartamento-novo-2-quartos-ao-lado-do-shopping-boulevard-jockey-de-itaparica-1483322234,vila-velha,jockey-de-itaparica,1,60.0,2,2,1,1,1,1,1,1,0,2500.0,0
1483211910,https://es.olx.com.br/norte-do-espirito-santo/imoveis/imovel-para-aluguel-com-120-metros-quadrados-com-3-quartos-em-centro-guarapari-es-1483211910,guarapari,centro,1,120.0,3,1,2,0,0,0,0,0,0,4950.0,0
1483199425,https://es.olx.com.br/norte-do-espirito-santo/imoveis/imovel-para-aluguel-possui-80-metros-quadrados-com-3-quartos-em-jardim-da-penha-vitoria-1483199425,vitoria,jardim-da-penha,1,80.0,3,2,1,0,0,0,0,0,1,3200.0,0
1483198331,https://es.olx.com.br/norte-do-espirito-santo/imoveis/imovel-para-aluguel-com-30-metros-quadrados-com-1-quarto-em-itapua-vila-velha-es-1483198331,vila-velha,itapua,1,30.0,1,1,0,0,0,0,0,0,0,1000.0,1
1483155802,https://es.olx.com.br/norte-do-espirito-santo/imoveis/apartamento-de-1-quarto-de-frente-para-o-mar-na-praia-da-costa-1483155802,vila-velha,praia-da-costa,1,50.0,1,1,1,1,0,1,0,0,0,5500.0,0
1482866053,https://es.olx.com.br/norte-do-espirito-santo/imoveis/excelente-oportunidade-para-curtir-dias-inesqueciveis-na-belissima-enseada-azul-em-guarap-1482866053,guarapari,enseada-azul,1,110.0,3,2,2,1,0,0,0,0,1,500.0,0
1482855232,https://es.olx.com.br/norte-do-espirito-santo/imoveis/excelente-opcao-para-quem-busca-conforto-espaco-e-exclusividade-na-charmosa-regiao-da-ens-1482855232,guarapari,enseada-azul,1,120.0,3,3,3,1,0,0,0,1,1,800.0,0
1482847435,https://es.olx.com.br/norte-do-espirito-santo/imoveis/imovel-para-aluguel-com-77-metros-quadrados-com-2-quartos-em-itapua-vila-velha-es-1482847435,vila-velha,itapua,1,77.0,2,2,1,1,1,1,1,0,1,5500.0,0
1482812467,https://es.olx.com.br/norte-do-espirito-santo/imoveis/apartamento-para-aluguel-4-quartos-4-suites-3-vagas-praia-de-itaparica-vila-velha-es-1482812467,vila-velha,praia-de-itaparica,1,250.0,4,5,3,1,1,1,1,1,0,13300.0,0
1482812335,https://es.olx.com.br/norte-do-espirito-santo/imoveis/apartamento-para-locacao-de-alto-padrao-na-mata-da-praia-vitoria-es-151-00-m-de-confort-1482812335,vitoria,mata-da-praia,1,124.0,3,1,2,1,1,1,1,0,0,9000.0,0
1482808028,https://es.olx.com.br/norte-do-espirito-santo/imoveis/casa-para-fins-comerciais-399-m-venda-por-r-3-000-000-00-ou-aluguel-por-r-10-000-00-1482808028,vitoria,bento-ferreira,0,399.0,5,4,0,0,0,0,0,0,0,10000.0,1
1482624469,https://es.olx.com.br/norte-do-espirito-santo/imoveis/alugo-apartamento-de-2-quartos-em-morada-de-laranjeiras-1482624469,serra,morada-de-laranjeiras,1,45.0,2,1,1,0,0,0,0,0,0,1950.0,0
1482517800,https://es.olx.com.br/norte-do-espirito-santo/imoveis/apartamento-para-locacao-anual-na-praia-do-morro-com-2-dormitorios-guarapari-1482517800,guarapari,pontal-de-santa-monica,1,63.0,2,1,1,0,0,0,0,0,1,2600.0,0
1482517812,https://es.olx.com.br/norte-do-espirito-santo/imoveis/apartamento-para-locacao-anual-na-praia-do-morro-com-3-dormitorios-guarapari-es-1482517812,guarapari,pontal-de-santa-monica,1,140.0,3,2,1,1,0,0,0,1,1,2800.0,0
1482517656,https://es.olx.com.br/norte-do-espirito-santo/imoveis/apartamento-para-locacao-anual-no-centro-com-2-dormitorios-guarapari-es-1482517656,guarapari,centro,1,80.0,2,2,1,1,0,0,0,0,1,3200.0,0
1482517546,https://es.olx.com.br/norte-do-espirito-santo/imoveis/apto-ed-mirante-do-mar-com-3-quartos-em-praia-de-itaparica-vila-velha-es-1482517546,vila-velha,praia-de-itaparica,1,105.0,3,1,2,0,0,0,0,0,0,3500.0,0
1482497329,https://es.olx.com.br/norte-do-espirito-santo/imoveis/apartamento-em-jardim-atlantico-serra-1482497329,serra,jardim-atlantico,1,45.0,2,1,1,0,0,0,0,0,0,1220.0,0
1482465785,https://es.olx.com.br/norte-do-espirito-santo/imoveis/locacao-apartamento-1-quarto-praia-de-santa-helena-vitoria-1482465785,vitoria,santa-helena,1,35.0,1,1,1,1,0,1,1,0,0,3800.0,0
1482458591,https://es.olx.com.br/norte-do-espirito-santo/imoveis/apartamento-para-locacao-castelandia-serra-es-1482458591,serra,castelandia,1,60.0,2,1,1,0,0,0,0,0,0,1300.0,0
1482447609,https://es.olx.com.br/norte-do-espirito-santo/imoveis/apartamento-para-alugar-45-m-por-r-2-988-00-mes-jardim-da-penha-vitoria-es-1482447609,vitoria,jardim-da-penha,1,45.0,2,1,1,0,0,0,0,0,1,2500.0,0
1482442461,https://es.olx.com.br/norte-do-espirito-santo/imoveis/locacao-casa-morada-de-santa-fe-cariacica-1482442461,cariacica,morada-de-santa-fe,0,90.0,2,2,0,0,0,0,0,0,0,1850.0,0
1482377498,https://es.olx.com.br/norte-do-espirito-santo/imoveis/casa-para-aluguel-com-100m-com-3-quartos-em-mata-da-praia-vitoria-es-1482377498,vitoria,mata-da-praia,0,100.0,3,3,5,0,0,0,0,0,0,10000.0,0
1482247827,https://es.olx.com.br/norte-do-espirito-santo/imoveis/more-entre-o-shopping-e-o-mar-cond-reserva-vitoria-1482247827,vitoria,enseada-do-sua,1,185.0,4,5,3,1,1,1,1,0,0,19000.0,0
1481512532,https://es.olx.com.br/norte-do-espirito-santo/imoveis/imovel-para-aluguel-possui-70-metros-quadrados-com-2-quartos-em-sao-judas-tadeu-guarapar-1481512532,guarapari,sao-judas-tadeu,1,70.0,2,1,0,0,0,0,0,0,0,2200.0,1
1481239702,https://es.olx.com.br/norte-do-espirito-santo/imoveis/apartamento-um-quarto-para-alugar-em-itaparica-1481239702,vila-velha,praia-de-itaparica,1,45.0,1,1,1,1,0,0,0,0,0,3590.0,0
1481197297,https://es.olx.com.br/norte-do-espirito-santo/imoveis/alugo-apartamento-3-quartos-na-praia-da-costa-1481197297,vila-velha,praia-da-costa,1,140.0,3,3,1,1,0,1,0,1,0,3450.0,0
1481163359,https://es.olx.com.br/norte-do-espirito-santo/imoveis/aluga-se-apartamento-03-quartos-com-02-suites-na-praia-da-costa-1481163359,vila-velha,praia-da-costa,1,135.0,3,3,2,1,0,1,0,1,0,4200.0,0
1480948897,https://es.olx.com.br/norte-do-espirito-santo/imoveis/apartamento-de-2-quartos-para-locacao-anual-no-centro-de-guarapari-1480948897,guarapari,centro,1,70.0,2,2,1,1,1,1,0,1,1,1920.0,0
1480874719,https://es.olx.com.br/norte-do-espirito-santo/imoveis/casa-comercial-duplex-para-locacao-balneario-de-jacaraipe-ideal-para-empresas-e-alojame-1480874719,serra,jardim-atlantico,0,400.0,5,5,5,0,0,0,0,0,1,15000.0,0
1480727190,https://es.olx.com.br/norte-do-espirito-santo/imoveis/casa-linear-a-venda-em-fradinhos-160m-ideal-para-comercio-ou-servicos-1480727190,vitoria,fradinhos,0,160.0,4,2,0,0,0,0,0,0,0,3000.0,0
1480482818,https://es.olx.com.br/norte-do-espirito-santo/imoveis/apartamento-para-locacao-na-praia-do-canto-vitoria-2-quartos-75m-1480482818,vitoria,praia-do-canto,1,75.0,2,2,2,0,1,1,0,1,1,8000.0,0
1480442198,https://es.olx.com.br/norte-do-espirito-santo/imoveis/apto-3q-c-suite-sol-da-manha-spazio-vanguardia-parque-residencial-laranjeiras-1480442198,serra,santa-luzia,1,64.0,3,2,1,1,0,1,1,0,0,2200.0,0
1480424039,https://es.olx.com.br/norte-do-espirito-santo/imoveis/apartamento-com-3-quartos-para-alugar-180-m-praia-da-costa-vila-velha-es-1480424039,vila-velha,praia-da-costa,1,180.0,3,3,3,1,0,1,0,1,1,11000.0,0
1480377814,https://es.olx.com.br/norte-do-espirito-santo/imoveis/cobertura-3-qts-frente-mar-mata-da-praia-1480377814,vitoria,mata-da-praia,1,120.0,3,2,1,0,0,0,1,0,1,8500.0,0
1480377817,https://es.olx.com.br/norte-do-espirito-santo/imoveis/flat-em-jardim-da-penha-mobiliado-1480377817,vitoria,jardim-da-penha,1,45.0,1,1,1,0,0,0,0,0,1,3900.0,0
1480225835,https://es.olx.com.br/norte-do-espirito-santo/imoveis/apto-comercial-para-aluguel-com-145-metros-quadrados-com-2-quartos-em-campo-grande-caria-1480225835,cariacica,campo-grande,0,145.0,2,1,0,0,0,0,0,0,0,3500.0,1
1480219075,https://es.olx.com.br/norte-do-espirito-santo/imoveis/leia-toda-a-descricao-visitas-atraves-do-whatsapp-1480219075,vitoria,jardim-camburi,0,150.0,3,3,2,0,0,0,0,0,0,4700.0,0
1480197086,https://es.olx.com.br/norte-do-espirito-santo/imoveis/casa-para-locacao-condominio-igarape-colina-de-laranjeira-1480197086,serra,colina-de-laranjeiras,0,224.0,4,3,2,0,0,0,0,0,1,7500.0,0
1480126458,https://es.olx.com.br/norte-do-espirito-santo/imoveis/locacao-apartamento-4-quartos-praia-de-itaparica-vila-velha-1480126458,vila-velha,praia-de-itaparica,1,152.0,4,5,3,1,0,1,1,1,0,10000.0,0
1479975905,https://es.olx.com.br/norte-do-espirito-santo/imoveis/imovel-para-aluguel-com-25-metros-quadrados-com-1-quarto-em-praia-de-itaparica-vila-velh-1479975905,vila-velha,praia-de-itaparica,1,25.0,1,1,0,1,0,0,0,0,0,1850.0,1
1479934224,https://es.olx.com.br/norte-do-espirito-santo/imoveis/imovel-para-aluguel-possui-60-metros-quadrados-com-2-quartos-em-itapua-vila-velha-es-1479934224,vila-velha,itapua,1,60.0,2,1,1,0,0,0,0,0,0,3600.0,0
1479878029,https://es.olx.com.br/norte-do-espirito-santo/imoveis/imovel-para-aluguel-possui-120-metros-quadrados-com-2-quartos-1479878029,vila-velha,praia-de-itaparica,1,120.0,2,2,0,0,1,0,0,1,1,2900.0,0
1479584305,https://es.olx.com.br/norte-do-espirito-santo/imoveis/aluguel-na-mata-da-praia-duplex-2-quartos-2-vagas-vitoria-es-1479584305,vitoria,mata-da-praia,1,90.0,2,2,2,0,1,1,0,0,0,5200.0,0
1479358715,https://es.olx.com.br/norte-do-espirito-santo/imoveis/apartamento-com-1-dormitorio-para-alugar-65-m-por-r-2-100-00-mes-praia-dos-recifes-1479358715,vila-velha,morro-da-lagoa,1,65.0,1,1,0,0,0,0,0,0,1,2100.0,0
1479344235,https://es.olx.com.br/norte-do-espirito-santo/imoveis/apartamento-com-vista-para-o-mar-na-praia-1479344235,vila-velha,itapua,1,147.0,4,4,3,1,0,1,0,0,0,12000.0,0
1479280356,https://es.olx.com.br/norte-do-espirito-santo/imoveis/casa-triplex-450-m-praia-da-costa-vila-velha-es-1479280356,vila-velha,praia-da-costa,0,450.0,4,5,2,0,0,0,0,0,0,15000.0,0
1479202084,https://es.olx.com.br/norte-do-espirito-santo/imoveis/imovel-para-aluguel-possui-50-metros-quadrados-com-2-quartos-em-sao-patricio-serra-es-1479202084,serra,sao-patricio,1,50.0,2,1,1,0,1,0,0,0,0,1500.0,0
1479138114,https://es.olx.com.br/norte-do-espirito-santo/imoveis/apartamento-com-3-quarts-para-alugar-na-praia-do-morro-em-guarapari-es-1479138114,guarapari,praia-do-morro,1,90.0,3,2,2,1,1,1,0,1,0,4300.0,0
1479138108,https://es.olx.com.br/norte-do-espirito-santo/imoveis/apartamento-com-2-quartos-para-alugar-na-praia-do-morro-em-guarapari-es-1479138108,guarapari,praia-do-morro,1,73.0,2,2,2,1,0,0,0,1,0,3500.0,0
1479138122,https://es.olx.com.br/norte-do-espirito-santo/imoveis/apartamento-para-locacao-anual-com-2-quartos-em-guarapari-es-1479138122,guarapari,praia-do-morro,1,95.0,2,2,1,1,0,0,0,1,1,3800.0,0
1479137951,https://es.olx.com.br/norte-do-espirito-santo/imoveis/apartamento-para-locacao-anual-no-centro-com-3-dormitorios-guarapari-es-1479137951,guarapari,centro,1,115.0,3,2,1,1,0,0,0,1,1,4000.0,0
1479137953,https://es.olx.com.br/norte-do-espirito-santo/imoveis/apartamento-com-2-dormitorios-para-alugar-125-m-por-r-4-236-00-mes-praia-do-morro-g-1479137953,guarapari,praia-do-morro,1,125.0,2,2,1,1,0,1,0,1,0,3500.0,0
1479137805,https://es.olx.com.br/norte-do-espirito-santo/imoveis/apartamento-para-locacao-anual-com-2-quartos-guarapari-es-1479137805,guarapari,muquicaba,1,155.0,2,1,1,0,0,0,0,1,1,3000.0,0
1479086992,https://es.olx.com.br/norte-do-espirito-santo/imoveis/super-partamento-de-2-quartos-a-1-quadra-do-mar-conforto-e-praticidade-1479086992,vila-velha,praia-da-costa,1,85.0,2,2,1,0,0,0,0,0,0,3499.0,0
1479054224,https://es.olx.com.br/norte-do-espirito-santo/imoveis/apartamento-01-quarto-bairro-resistencia-vitoria-es-1479054224,vitoria,resistencia,1,50.0,1,1,0,0,0,0,0,0,0,1000.0,0
1479038846,https://es.olx.com.br/norte-do-espirito-santo/imoveis/casa-com-4-quartos-388-m-venda-por-r-3-890-000-ou-aluguel-por-r-15-000-mes-alphavi-1479038846,serra,jacuhy,0,388.0,4,4,4,0,1,1,1,1,0,15000.0,0
1479038838,https://es.olx.com.br/norte-do-espirito-santo/imoveis/apartamento-1-quarto-em-macafe-serra-sede-1479038838,serra,residencial-centro-da-serra,1,37.0,1,1,0,0,0,0,0,0,0,800.0,0
1479031380,https://es.olx.com.br/norte-do-espirito-santo/imoveis/eurico-salles-3-quartos-suite-sol-manha-e-lazer-nao-e-mobiliado-contato-watssap-1479031380,serra,rosario-de-fatima,1,62.0,3,2,1,0,1,1,0,0,0,2700.0,0
1478767156,https://es.olx.com.br/norte-do-espirito-santo/imoveis/apartamento-para-locacao-praia-do-canto-vitoria-es-1478767156,vitoria,praia-do-canto,1,165.0,3,2,0,1,1,1,0,1,0,6450.0,0
1478676922,https://es.olx.com.br/norte-do-espirito-santo/imoveis/apartamento-na-praia-da-costa-ed-viverde-residencial-cod-6612-f-1478676922,vila-velha,praia-da-costa,1,96.0,3,2,2,0,0,0,0,0,0,1325003.0,0
1478279137,https://es.olx.com.br/norte-do-espirito-santo/imoveis/casa-388-m-venda-por-r-3-890-000-00-ou-aluguel-por-r-16-360-25-mes-jacuhy-serra-1478279137,serra,jacuhy,0,388.0,4,1,4,0,0,0,0,0,0,15000.0,0
1478231645,https://es.olx.com.br/norte-do-espirito-santo/imoveis/alugo-imovel-composto-de-duas-residencias-em-jardim-atlantico-jacaraipe-es-1478231645,serra,jardim-atlantico,0,360.0,5,5,0,0,0,0,0,0,0,4200.0,1
1477786296,https://es.olx.com.br/norte-do-espirito-santo/imoveis/apartamento-residencial-em-guarapari-es-praia-do-morro-1477786296,guarapari,praia-do-morro,1,95.0,3,2,2,1,0,0,0,0,0,4000.0,0
1477776716,https://es.olx.com.br/norte-do-espirito-santo/imoveis/locacao-apartamento-1-quarto-praia-de-santa-helena-vitoria-1477776716,vitoria,santa-helena,1,39.0,1,1,1,1,0,1,1,0,0,4300.0,0
1477546096,https://es.olx.com.br/norte-do-espirito-santo/imoveis/apartamento-02-quartos-em-morada-de-laranjeiras-no-via-parque-sol-da-manha-e-andar-alto-1477546096,serra,morada-de-laranjeiras,1,48.0,2,1,1,1,1,1,0,1,0,2500.0,0
1477496952,https://es.olx.com.br/norte-do-espirito-santo/imoveis/apartamento-locacao-anual-2-quartos-praia-do-morro-1477496952,guarapari,praia-do-morro,1,80.0,2,2,1,1,1,0,0,0,0,5000.0,0
1477478783,https://es.olx.com.br/norte-do-espirito-santo/imoveis/apartamento-2-quartos-sendo-uma-suite-1-vaga-de-garagem-praia-de-itaparica-vila-velha-1477478783,vila-velha,praia-de-itaparica,1,59.0,2,2,1,1,1,1,1,1,0,2900.0,0
1477478684,https://es.olx.com.br/norte-do-espirito-santo/imoveis/alianca-web-aluga-1477478684,vila-velha,praia-de-itaparica,1,60.0,2,2,1,1,0,1,1,1,0,2900.0,0
1477214405,https://es.olx.com.br/norte-do-espirito-santo/imoveis/apartamento-para-locacao-na-praia-do-morro-em-guarapari-es-2-quartos-1-suite-1-sala-1-1477214405,guarapari,praia-do-morro,1,100.0,2,1,1,1,0,1,0,1,0,3500.0,0
1477214412,https://es.olx.com.br/norte-do-espirito-santo/imoveis/apartamento-para-locacao-anual-na-praia-do-morro-1477214412,guarapari,praia-do-morro,1,75.0,2,2,1,1,0,0,0,0,0,3500.0,0
1477184888,https://es.olx.com.br/norte-do-espirito-santo/imoveis/alianca-web-imoveis-aluga-apartamento-com-2-quartos-na-praia-de-itaparica-vila-velha-es-1477184888,vila-velha,praia-de-itaparica,1,58.0,2,2,1,1,1,1,1,1,0,3000.0,0
1477082295,https://es.olx.com.br/norte-do-espirito-santo/imoveis/imovel-para-aluguel-com-500-metros-quadrados-com-8-quartos-em-santa-ines-vila-velha-es-1477082295,vila-velha,santa-ines,0,500.0,5,5,5,0,0,0,0,0,0,4000.0,0
1476885895,https://es.olx.com.br/norte-do-espirito-santo/imoveis/casa-para-aluguel-praia-da-costa-ideal-para-escritorios-1476885895,vila-velha,praia-da-costa,0,267.0,4,4,0,0,0,0,0,0,0,6900.0,0
1476879124,https://es.olx.com.br/norte-do-espirito-santo/imoveis/loft-para-locacao-jardim-da-penha-vitoria-es-1476879124,vitoria,jardim-da-penha,1,32.0,1,1,0,0,0,0,0,0,0,3500.0,0
1476869888,https://es.olx.com.br/norte-do-espirito-santo/imoveis/apartamento-padrao-para-locacao-praia-da-costa-vila-velha-es-1476869888,vila-velha,praia-da-costa,1,50.0,2,2,1,0,0,0,0,0,0,3500.0,0
1476811561,https://es.olx.com.br/norte-do-espirito-santo/imoveis/apartamento-climatizado-com-1-quarto-com-suite-tv-wifi-e-jogo-de-cama-completo-1476811561,vitoria,centro,1,40.0,1,1,0,0,0,0,0,0,1,200.0,1
1476684346,https://es.olx.com.br/norte-do-espirito-santo/imoveis/imovel-para-venda-com-75-metros-quadrados-com-2-quartos-em-praia-do-morro-guarapari-es-1476684346,guarapari,praia-do-morro,1,75.0,2,1,1,0,0,0,0,0,0,2800.0,0
1476683000,https://es.olx.com.br/norte-do-espirito-santo/imoveis/imovel-para-venda-com-95-metros-quadrados-com-3-quartos-em-praia-do-morro-guarapari-es-1476683000,guarapari,praia-do-morro,1,95.0,3,1,1,0,0,0,0,0,0,4200.0,0
1476566538,https://es.olx.com.br/norte-do-espirito-santo/imoveis/alianca-web-aluga-1476566538,vila-velha,praia-de-itaparica,1,83.0,3,2,1,1,1,1,0,1,0,5200.0,0
1476547147,https://es.olx.com.br/norte-do-espirito-santo/imoveis/apartamento-para-alugar-em-vila-velha-praia-de-itaparica-com-4-quartos-com-277-m-burl-1476547147,vila-velha,praia-de-itaparica,1,277.0,4,4,2,0,1,1,1,0,0,10500.0,0
1476527636,https://es.olx.com.br/norte-do-espirito-santo/imoveis/venda-ou-locacao-casa-em-condominio-praia-da-baleia-serra-1476527636,serra,sao-geraldo,0,107.0,3,3,2,0,0,1,0,0,0,2500.0,0
1476325455,https://es.olx.com.br/norte-do-espirito-santo/imoveis/apartamento-para-alugar-2-quartos-sao-judas-tadeu-guarapari-es-1476325455,guarapari,sao-judas-tadeu,1,135.0,2,2,1,0,0,0,0,1,0,2200.0,0
1476325152,https://es.olx.com.br/norte-do-espirito-santo/imoveis/apartamento-para-locacao-anual-na-praia-do-morro-com-2-dormitorios-guarapari-es-1476325152,guarapari,praia-do-morro,1,85.0,2,2,2,1,0,1,0,1,0,4100.0,0
1475876811,https://es.olx.com.br/norte-do-espirito-santo/imoveis/imovel-para-aluguel-possui-277-metros-quadrados-com-4-quartos-1475876811,vila-velha,praia-de-itaparica,1,277.0,4,4,2,1,1,1,1,1,1,11500.0,0
1475858509,https://es.olx.com.br/norte-do-espirito-santo/imoveis/casa-com-4-dormitorios-210-m-venda-por-r-590-000-00-ou-aluguel-por-r-4-500-00-mes-1475858509,guarapari,recanto-da-sereia,0,210.0,4,2,2,0,0,1,0,1,0,4500.0,0
1475762604,https://es.olx.com.br/norte-do-espirito-santo/imoveis/imovel-para-aluguel-com-150-metros-quadrados-com-3-quartos-em-praia-de-itaparica-vila-ve-1475762604,vila-velha,praia-de-itaparica,1,150.0,3,3,3,1,1,1,1,0,1,7200.0,0
1475723006,https://es.olx.com.br/norte-do-espirito-santo/imoveis/apartamento-para-alugar-na-praia-de-itaparica-vila-velha-1475723006,vila-velha,praia-de-itaparica,1,277.0,4,5,2,1,1,1,1,1,0,10500.0,0
1475699304,https://es.olx.com.br/norte-do-espirito-santo/imoveis/excelente-apartamento-3-quartos-disponivel-para-locacao-1475699304,vitoria,centro,1,100.0,3,1,0,0,0,0,0,0,0,2600.0,0
1475691987,https://es.olx.com.br/norte-do-espirito-santo/imoveis/excelente-apartamento-3-quartos-disponivel-para-locacao-1475691987,vitoria,centro,1,150.0,3,1,1,0,0,0,0,0,0,2950.0,0
1475682902,https://es.olx.com.br/norte-do-espirito-santo/imoveis/aluguel-de-casa-03-quartos-1-suite-em-colina-de-laranjeiras-com-3-vagas-e-lazer-privativ-1475682902,serra,colina-de-laranjeiras,0,180.0,3,2,3,0,0,0,0,0,0,6000.0,0
1475596655,https://es.olx.com.br/norte-do-espirito-santo/imoveis/locacao-anual-2-quartos-sendo-1-suite-centro-em-guarapari-1475596655,guarapari,centro,1,72.0,2,2,1,0,1,0,0,1,1,3400.0,0
1475594242,https://es.olx.com.br/norte-do-espirito-santo/imoveis/alianca-web-aluga-1475594242,vila-velha,praia-de-itaparica,1,76.0,3,2,2,1,0,1,1,1,0,5000.0,0
1475576356,https://es.olx.com.br/norte-do-espirito-santo/imoveis/apartamento-frente-mar-para-locacao-370-m-sol-da-manha-e-piscina-1475576356,vila-velha,praia-da-costa,1,370.0,4,5,2,1,0,1,0,0,0,15000.0,0
1475308103,https://es.olx.com.br/norte-do-espirito-santo/imoveis/alianca-web-imoveis-apartemento-com-2-quartos-na-praia-de-itaparica-vila-velha-es-1475308103,vila-velha,praia-de-itaparica,1,62.0,2,2,1,1,0,1,1,1,0,2900.0,0
1475308033,https://es.olx.com.br/norte-do-espirito-santo/imoveis/alianca-web-aluga-praia-de-itaparica-o-mais-novo-lancamento-esta-chegando-para-voce-1475308033,vila-velha,praia-de-itaparica,1,59.0,2,2,1,1,1,1,1,1,0,2900.0,0
1475284685,https://es.olx.com.br/norte-do-espirito-santo/imoveis/apartamento-residencial-locacao-praia-da-costa-vila-velha-ap0600-1475284685,vila-velha,praia-da-costa,1,370.0,4,5,2,1,1,1,0,1,1,15000.0,0
1475209300,https://es.olx.com.br/norte-do-espirito-santo/imoveis/apartamento-p-locacao-com-vista-mar-em-enseada-do-sua-vitoria-es-1475209300,vitoria,enseada-do-sua,1,107.0,3,3,2,1,1,1,1,1,0,8000.0,0
1475202676,https://es.olx.com.br/norte-do-espirito-santo/imoveis/apartamento-2-dormitorios-para-locacao-em-vila-velha-es-1475202676,vila-velha,praia-de-itaparica,1,60.0,2,2,1,1,1,1,0,0,0,5000.0,0
1475053378,https://es.olx.com.br/norte-do-espirito-santo/imoveis/imovel-para-aluguel-tem-100-metros-quadrados-com-3-quartos-em-aribiri-vila-velha-es-1475053378,vila-velha,aribiri,0,150.0,3,2,2,0,0,0,0,0,0,2100.0,0
1474995094,https://es.olx.com.br/norte-do-espirito-santo/imoveis/4-quartos-semi-mobiliado-apartamento-de-luxo-frente-mar-1474995094,vila-velha,praia-de-itaparica,1,277.0,4,5,2,1,0,1,0,1,0,11000.0,0
1474991023,https://es.olx.com.br/norte-do-espirito-santo/imoveis/alianca-web-aluga-1474991023,vila-velha,praia-das-gaivotas,1,75.0,3,2,2,1,0,1,0,1,0,4500.0,0
1474983732,https://es.olx.com.br/norte-do-espirito-santo/imoveis/apartamento-com-2-dormitorios-para-alugar-58-m-jockey-de-itaparica-vila-velha-es-1474983732,vila-velha,jockey-de-itaparica,1,58.0,2,2,1,1,1,1,0,1,0,2700.0,0
1474977527,https://es.olx.com.br/norte-do-espirito-santo/imoveis/oportunidade-em-jardim-camburi-1474977527,vitoria,jardim-camburi,1,65.0,3,2,1,0,0,0,0,1,0,2700.0,0
1474972563,https://es.olx.com.br/norte-do-espirito-santo/imoveis/loja-para-locacao-12-vagas-700m-enseada-do-sua-vitoria-es-corporate-office-1474972563,vitoria,jardim-da-penha,1,700.0,1,5,5,0,0,0,0,0,0,25000.0,0
1474859922,https://es.olx.com.br/norte-do-espirito-santo/imoveis/imovel-para-aluguel-possui-150-metros-quadrados-com-3-quartos-1474859922,vila-velha,praia-de-itaparica,1,150.0,3,2,3,1,0,0,1,0,1,7200.0,0
1474826336,https://es.olx.com.br/norte-do-espirito-santo/imoveis/imovel-para-aluguel-com-58-metros-quadrados-com-2-quartos-em-praia-de-itaparica-vila-vel-1474826336,vila-velha,praia-de-itaparica,1,58.0,2,1,2,1,0,1,1,0,0,3200.0,0
1474764822,https://es.olx.com.br/norte-do-espirito-santo/imoveis/apartamento-2-quartos-com-suite-para-locacao-praia-do-canto-vitoria-1474764822,vitoria,praia-do-canto,1,98.0,2,2,2,0,0,0,0,0,0,3700.0,0
1474689330,https://es.olx.com.br/norte-do-espirito-santo/imoveis/impecavel-cobertura-duplex-porteira-fechada-a-pouco-passos-da-praia-de-itaparica-1474689330,vila-velha,praia-de-itaparica,1,165.0,3,4,3,1,0,1,0,1,1,7500.0,0
1473787475,https://es.olx.com.br/norte-do-espirito-santo/imoveis/locacao-apartamento-3-quartos-mata-da-praia-vitoria-1473787475,vitoria,mata-da-praia,1,96.0,3,2,2,1,0,1,1,1,0,6900.0,0
1473778652,https://es.olx.com.br/norte-do-espirito-santo/imoveis/casa-linear-de-3-quartos-suite-quintal-e-piscina-mata-da-praia-vitoria-es-1473778652,vitoria,mata-da-praia,0,196.0,3,4,4,0,0,1,0,1,0,13000.0,0
1473744848,https://es.olx.com.br/norte-do-espirito-santo/imoveis/ap-novo-no-sky-garden-residence-na-rodovia-do-sol-1473744848,vila-velha,praia-de-itaparica,1,60.0,2,2,1,1,1,1,1,1,0,3000.0,0
1473586750,https://es.olx.com.br/norte-do-espirito-santo/imoveis/cobertura-mata-praia-2-qtos-3-vgs-mobiliada-decorada-suite-hidromassagem-80m2-lazer-total-1473586750,vitoria,mata-da-praia,1,100.0,2,2,3,0,0,0,0,1,1,10000.0,0
1473199595,https://es.olx.com.br/norte-do-espirito-santo/imoveis/locacao-apartamento-3-quartos-praia-do-canto-vitoria-1473199595,vitoria,praia-do-canto,1,150.0,3,3,3,1,0,1,1,1,0,6500.0,0
1473010544,https://es.olx.com.br/norte-do-espirito-santo/imoveis/apartamento-de-02-quartos-na-praia-de-itaparica-com-vista-mar-1473010544,vila-velha,sao-conrado,1,60.0,2,2,1,1,0,1,0,1,0,2500.0,0
1472873403,https://es.olx.com.br/norte-do-espirito-santo/imoveis/vendo-e-alugo-um-imovel-com-duas-residencias-em-jardim-atlantico-jacaraipe-serra-es-1472873403,serra,jardim-atlantico,0,360.0,5,4,0,0,0,0,0,0,0,4200.0,1
1471902339,https://es.olx.com.br/norte-do-espirito-santo/imoveis/alianca-web-aluga-1471902339,vila-velha,praia-das-gaivotas,1,60.0,2,1,1,1,0,1,0,1,1,2400.0,0
1471757709,https://es.olx.com.br/norte-do-espirito-santo/imoveis/casa-para-locacao-2-quartos-75m-0614-fradinhos-vitoria-es-1471757709,vitoria,fradinhos,0,75.0,2,1,0,0,0,0,0,0,0,1500.0,0
1471360884,https://es.olx.com.br/norte-do-espirito-santo/imoveis/imovel-para-aluguel-possui-55-metros-quadrados-com-2-quartos-em-ataide-vila-velha-es-1471360884,vila-velha,ataide,1,55.0,2,1,1,1,1,1,0,1,0,1750.0,0
1471321644,https://es.olx.com.br/norte-do-espirito-santo/imoveis/apartamento-de-2-quartos-1-suite-localizado-na-quadra-do-mar-1471321644,vila-velha,riviera-da-barra,1,70.0,2,2,1,1,0,1,1,1,0,2990.0,0
1471243696,https://es.olx.com.br/norte-do-espirito-santo/imoveis/apartamento-mobiliado-frente-mar-340m-4-quartos-5-banheiros-na-praia-da-costa-1471243696,vila-velha,praia-da-costa,1,340.0,4,5,2,1,0,1,0,1,0,15000.0,0
1470893463,https://es.olx.com.br/norte-do-espirito-santo/imoveis/apartamento-alto-padrao-praia-costa-4-suites-e-dependencia-completa-1470893463,vila-velha,praia-da-costa,1,410.0,5,5,2,1,1,0,0,0,0,28700.0,0
1470825479,https://es.olx.com.br/norte-do-espirito-santo/imoveis/apartamento-para-aluguel-3-quartos-1-suite-2-vagas-praia-da-costa-vila-velha-es-1470825479,vila-velha,praia-da-costa,1,107.0,3,3,2,0,1,1,1,1,0,5000.0,0
1470197307,https://es.olx.com.br/norte-do-espirito-santo/imoveis/casa-moderna-a-venda-em-fradinhos-vitoria-3-suites-piscina-area-gourmet-1470197307,vitoria,fradinhos,0,338.0,3,5,3,0,0,1,0,1,0,12000.0,0
1470128709,https://es.olx.com.br/norte-do-espirito-santo/imoveis/kitnet-studio-com-1-quarto-s-e-1-banheiro-s-para-alugar-34-m-por-r-760-mes-1470128709,serra,central-carapina,1,34.0,1,1,0,0,0,0,0,0,0,760.0,1
1470128650,https://es.olx.com.br/norte-do-espirito-santo/imoveis/apartamento-com-2-quarto-s-e-1-banheiro-s-para-alugar-52-m-por-r-2500-mes-1470128650,serra,morada-de-laranjeiras,1,52.0,2,1,1,1,0,1,1,0,0,2500.0,0
1470020781,https://es.olx.com.br/norte-do-espirito-santo/imoveis/apartamento-para-locacao-praia-de-manguinhos-1470020781,serra,ourimar,1,50.0,2,1,1,1,1,1,1,1,0,1900.0,0
1469655982,https://es.olx.com.br/norte-do-espirito-santo/imoveis/maravilhosa-casa-para-locacao-com-5-quartos-sendo-todos-suites-mata-da-praia-vitoria-e-1469655982,vitoria,mata-da-praia,0,320.0,5,5,0,0,1,1,0,0,0,14000.0,0
1469530108,https://es.olx.com.br/norte-do-espirito-santo/imoveis/casa-residencial-duplex-de-04-quartos-02-suites-com-quintal-amplo-na-mata-da-praia-1469530108,vitoria,mata-da-praia,0,290.0,4,4,4,0,0,0,0,0,0,11500.0,0
1469370369,https://es.olx.com.br/norte-do-espirito-santo/imoveis/apartamento-de-2-quartos-na-praia-do-morro-guarapari-es-75m-suite-sala-e-vaga-de-gara-1469370369,guarapari,praia-do-morro,1,75.0,2,2,1,1,0,0,0,0,0,500.0,0
1469318523,https://es.olx.com.br/norte-do-espirito-santo/imoveis/excelente-03-quartos-na-castanheiras-1469318523,vila-velha,praia-da-costa,1,107.0,3,3,2,1,0,1,0,1,0,5000.0,0
1469240258,https://es.olx.com.br/norte-do-espirito-santo/imoveis/imovel-para-aluguel-com-103m-com-3-quartos-1469240258,vila-velha,coqueiral-de-itaparica,1,103.0,3,3,1,1,1,1,1,0,0,3000.0,0
1469022900,https://es.olx.com.br/norte-do-espirito-santo/imoveis/apartamento-3-quartos-frente-mar-com-suite-e-2-vagas-em-vila-velha-es-1469022900,vila-velha,praia-de-itaparica,1,115.0,3,3,2,1,1,1,0,0,0,4300.0,0
1468353783,https://es.olx.com.br/norte-do-espirito-santo/imoveis/kitnet-studio-com-1-quarto-s-e-1-banheiro-s-para-alugar-25-m-por-r-800-mes-1468353783,serra,central-carapina,1,25.0,1,1,0,0,0,0,0,0,0,800.0,0
1468022553,https://es.olx.com.br/norte-do-espirito-santo/imoveis/casa-335-m-fradinhos-vitoria-es-1468022553,vitoria,fradinhos,0,335.0,3,5,2,0,0,1,0,0,1,12000.0,0
1467843570,https://es.olx.com.br/norte-do-espirito-santo/imoveis/excelente-apartamento-de-03-quartos-suite-em-quadra-mar-na-mata-da-praia-1467843570,vitoria,mata-da-praia,1,120.0,3,3,1,1,1,1,0,0,0,5000.0,0
1467774273,https://es.olx.com.br/norte-do-espirito-santo/imoveis/imovel-para-aluguel-possui-107-metros-quadrados-com-3-quartos-em-praia-da-costa-vila-vel-1467774273,vila-velha,praia-da-costa,1,107.0,3,3,2,1,1,1,1,0,0,4900.0,0
1467702500,https://es.olx.com.br/norte-do-espirito-santo/imoveis/apartamento-com-3-dormitorios-para-alugar-68-m-por-r-5-041-42-mes-praia-de-itaparica-1467702500,vila-velha,coqueiral-de-itaparica,1,68.0,3,2,2,0,1,1,1,1,0,3900.0,0
1467668627,https://es.olx.com.br/norte-do-espirito-santo/imoveis/apartamento-com-2-dormitorios-para-alugar-50-m-por-r-2-100-00-mes-jockey-de-itaparica-1467668627,vila-velha,jockey-de-itaparica,1,50.0,2,1,1,0,0,0,0,0,0,1800.0,0
1467411469,https://es.olx.com.br/norte-do-espirito-santo/imoveis/casa-com-4-dormitorios-147-m-venda-por-r-1-113-810-78-ou-aluguel-por-r-4-300-00-mes-1467411469,serra,manguinhos,0,147.0,4,3,2,0,0,1,0,1,0,4300.0,0
1467237965,https://es.olx.com.br/norte-do-espirito-santo/imoveis/imovel-para-aluguel-com-25-metros-quadrados-com-1-quarto-em-praia-de-itaparica-vila-velh-1467237965,vila-velha,praia-de-itaparica,1,25.0,1,1,0,1,0,0,0,0,0,1850.0,1
1467203931,https://es.olx.com.br/norte-do-espirito-santo/imoveis/apartamento-para-alugar-na-praia-da-costa-vila-velha-1467203931,vila-velha,praia-da-costa,1,340.0,4,5,2,0,1,1,0,1,1,15000.0,0
1467111167,https://es.olx.com.br/norte-do-espirito-santo/imoveis/casa-a-venda-condominio-jardins-veneza-vila-velha-es-1467111167,vila-velha,interlagos,0,500.0,5,5,4,0,1,1,1,0,0,22000.0,0
1467110256,https://es.olx.com.br/norte-do-espirito-santo/imoveis/apartamento-de-3-quartos-na-praia-do-morro-1467110256,guarapari,praia-do-morro,1,100.0,3,2,2,1,0,0,0,0,0,600.0,0
1466613228,https://es.olx.com.br/norte-do-espirito-santo/imoveis/apartamento-3-quartos-frente-para-o-mar-1466613228,guarapari,praia-do-morro,1,100.0,3,3,2,1,1,0,0,0,1,980.0,0
1466546630,https://es.olx.com.br/norte-do-espirito-santo/imoveis/imovel-para-venda-possui-110-metros-quadrados-com-3-quartos-em-santa-luiza-vitoria-es-1466546630,vitoria,santa-luiza,0,110.0,3,2,1,0,0,0,0,0,0,3000.0,0
1466522672,https://es.olx.com.br/norte-do-espirito-santo/imoveis/mata-praia-3-qtos-suite-140m2-sol-manha-todo-montado-e-mobiliado-1466522672,vitoria,mata-da-praia,1,140.0,3,2,2,0,0,0,0,1,1,6850.0,0
1465507323,https://es.olx.com.br/norte-do-espirito-santo/imoveis/apartamento-de-3-quartos-na-praia-do-morro-1465507323,guarapari,praia-do-morro,1,90.0,3,2,1,1,0,0,0,0,0,500.0,0
1465427817,https://es.olx.com.br/norte-do-espirito-santo/imoveis/apartamento-2qtos-dce-cond-fechado-maruipe-perto-da-ufes-1465427817,vitoria,sao-cristovao,1,75.0,2,1,1,0,0,0,0,0,1,2800.0,0
1465410882,https://es.olx.com.br/norte-do-espirito-santo/imoveis/apartamento-para-alugar-105-m-por-r-6-625-01-mes-centro-guarapari-es-1465410882,guarapari,sao-judas-tadeu,1,105.0,3,3,2,0,0,1,0,1,0,6500.0,0
1465386945,https://es.olx.com.br/norte-do-espirito-santo/imoveis/apartamento-para-locacao-anual-com-2-dormitorios-guarapari-es-1465386945,guarapari,praia-do-morro,1,72.0,2,2,1,1,0,1,0,1,1,5000.0,0
1464922039,https://es.olx.com.br/norte-do-espirito-santo/imoveis/apartamento-com-3-dormitorios-para-alugar-125-m-por-r-4-114-00-praia-da-costa-vila-1464922039,vila-velha,praia-da-costa,1,125.0,3,3,1,1,1,1,0,1,0,3500.0,0
1464586533,https://es.olx.com.br/norte-do-espirito-santo/imoveis/kitnet-studio-com-1-quarto-s-e-1-banheiro-s-para-alugar-20-m-por-r-750-mes-1464586533,serra,central-carapina,1,20.0,1,1,0,0,0,0,0,0,0,750.0,0
1464321924,https://es.olx.com.br/norte-do-espirito-santo/imoveis/3-quartos-para-no-miolo-da-praia-do-canto-2-vagas-1464321924,vitoria,praia-do-canto,1,100.0,3,3,2,0,1,1,0,0,0,7000.0,0
1464054746,https://es.olx.com.br/norte-do-espirito-santo/imoveis/casa-em-colonia-de-ferias-na-praia-grande-fundao-es-2-quartos-1-suite-1-sala-2-banhei-1464054746,fundao,praia-grande,0,50.0,2,2,2,0,1,1,0,0,0,600.0,0
1411074288,https://es.olx.com.br/norte-do-espirito-santo/imoveis/apartamento-com-3-quartos-para-locacao-anual-em-nova-guarapari-proximo-a-praia-1411074288,guarapari,nova-guarapari,1,133.0,3,2,2,1,0,1,0,1,0,5771.0,0
1463534232,https://es.olx.com.br/norte-do-espirito-santo/imoveis/pontos-comercias-para-o-seu-negocio-em-mata-da-serra-es-1463534232,serra,mata-da-serra,0,100.0,1,1,0,0,0,0,0,0,0,2600.0,0
1463237684,https://es.olx.com.br/norte-do-espirito-santo/imoveis/cobertura-na-praia-de-itaparica-1463237684,vila-velha,praia-de-itaparica,1,150.0,3,4,2,1,0,1,1,0,0,5500.0,0
1463191805,https://es.olx.com.br/norte-do-espirito-santo/imoveis/imovel-para-aluguel-com-2-quartos-em-planicie-da-serra-serra-es-1463191805,serra,planicie-da-serra,0,70.0,2,1,1,0,0,0,0,0,0,1500.0,0
1462940493,https://es.olx.com.br/norte-do-espirito-santo/imoveis/apartamento-alto-padrao-para-venda-e-locacao-com-4-quartos-no-legacy-residence-torre-nor-1462940493,vila-velha,itapua,1,155.0,4,4,2,1,0,1,1,0,0,7500.0,0
1462816872,https://es.olx.com.br/norte-do-espirito-santo/imoveis/apto-montado-4-quartos-160m-ed-meridien-praia-do-canto-vitoria-es-1462816872,vitoria,praia-do-canto,1,160.0,4,4,2,1,0,1,0,1,1,10000.0,0
1462679561,https://es.olx.com.br/norte-do-espirito-santo/imoveis/apartamento-com-3-quartos-para-alugar-102-m-centro-vila-velha-es-1462679561,vila-velha,centro-de-vila-velha,1,102.0,3,2,0,1,0,1,0,0,0,3300.0,0
1461612376,https://es.olx.com.br/norte-do-espirito-santo/imoveis/casa-comercial-itaparica-1461612376,vila-velha,praia-de-itaparica,0,320.0,4,5,5,0,0,0,0,0,0,15000.0,0
1460908086,https://es.olx.com.br/norte-do-espirito-santo/imoveis/apartamento-para-locacao-na-praia-da-costa-parque-das-castanheiras-1460908086,vila-velha,praia-da-costa,1,110.0,3,3,2,1,1,1,1,0,0,5500.0,0
1460763076,https://es.olx.com.br/norte-do-espirito-santo/imoveis/casa-com-6-dormitorios-500-m-venda-por-r-5-950-000-00-ou-aluguel-por-r-22-000-00-men-1460763076,vila-velha,interlagos,0,500.0,5,5,5,0,0,1,0,1,0,22000.0,0
1460648200,https://es.olx.com.br/norte-do-espirito-santo/imoveis/imovel-para-aluguel-possui-450-metros-quadrados-com-6-quartos-1460648200,vila-velha,centro-de-vila-velha,0,450.0,5,1,3,0,0,0,0,0,0,16500.0,0
1460226972,https://es.olx.com.br/norte-do-espirito-santo/imoveis/casa-duplex-porteira-fechada-1460226972,serra,boulevard-lagoa,0,285.0,4,4,4,0,0,0,0,0,0,10500.0,0
1460187570,https://es.olx.com.br/norte-do-espirito-santo/imoveis/imovel-para-aluguel-com-59-metros-quadrados-com-2-quartos-em-jockey-de-itaparica-vila-ve-1460187570,vila-velha,jockey-de-itaparica,1,59.0,2,1,1,1,0,1,1,0,0,2900.0,0
1459843637,https://es.olx.com.br/norte-do-espirito-santo/imoveis/apartamento-para-locacao-anual-com-3-dormitorios-guarapari-es-1459843637,guarapari,praia-do-morro,1,106.0,3,2,1,1,0,1,0,1,0,5000.0,0
1459605454,https://es.olx.com.br/norte-do-espirito-santo/imoveis/casa-duplex-com-300mts-de-area-construida-laranjeiras-serra-es-1459605454,serra,parque-residencial-laranjeiras,0,300.0,4,3,4,0,0,0,0,1,0,5300.0,0
1459367190,https://es.olx.com.br/norte-do-espirito-santo/imoveis/alugo-ponto-comercial-na-avenida-1459367190,serra,jose-de-anchieta,0,100.0,1,1,0,0,0,0,0,0,0,2330.0,0
1459115851,https://es.olx.com.br/norte-do-espirito-santo/imoveis/aluguel-apartamento-3-quartos-2-suites-mais-escritorio-na-praia-do-canto-1459115851,vitoria,praia-do-canto,1,156.0,3,4,2,0,0,0,0,0,0,10000.0,0
1459035864,https://es.olx.com.br/norte-do-espirito-santo/imoveis/lindo-apartamento-2-quartos-1459035864,serra,conjunto-jacaraipe,1,52.0,2,2,1,0,0,0,0,0,0,1500.0,0
1458953186,https://es.olx.com.br/norte-do-espirito-santo/imoveis/imovel-para-aluguel-tem-230-metros-quadrados-com-3-quartos-em-praia-de-itaparica-vila-ve-1458953186,vila-velha,praia-de-itaparica,0,230.0,3,2,5,0,0,1,0,1,0,16000.0,0
1458945724,https://es.olx.com.br/norte-do-espirito-santo/imoveis/cobertura-de-alto-padrao-na-praia-de-itaparica-1458945724,vila-velha,praia-de-itaparica,1,159.0,3,4,2,1,0,1,1,0,0,7500.0,0
1458731200,https://es.olx.com.br/norte-do-espirito-santo/imoveis/imovel-para-aluguel-tem-150-metros-quadrados-com-5-quartos-em-bento-ferreira-vitoria-e-1458731200,vitoria,bento-ferreira,0,150.0,5,3,0,0,0,0,0,0,0,8000.0,1
1458353512,https://es.olx.com.br/norte-do-espirito-santo/imoveis/oportunidade-unica-casa-duplex-de-alto-padrao-na-barra-do-jucu-apenas-2-minutos-da-praia-1458353512,vila-velha,barra-do-jucu,0,350.0,4,3,5,0,0,1,0,0,0,6100.0,0
1458041818,https://es.olx.com.br/norte-do-espirito-santo/imoveis/aluguel-comercial-espaco-amplo-e-versatil-1458041818,vila-velha,praia-da-costa,0,700.0,4,5,5,0,0,0,0,1,0,18000.0,0
1457991400,https://es.olx.com.br/norte-do-espirito-santo/imoveis/cobertura-no-ed-caiobas-alto-padrao-238-m2-4-quartos-3-suites-3-vagas-lazer-completo-1457991400,serra,parque-residencial-laranjeiras,1,238.0,4,4,3,1,1,1,1,0,0,7500.0,0
1457153787,https://es.olx.com.br/norte-do-espirito-santo/imoveis/murano-imoveis-aluga-apartamento-recem-entregue-2-quartos-com-suite-e-lazer-completo-na-pr-1457153787,vila-velha,praia-de-itaparica,1,65.0,2,2,1,1,0,1,0,1,0,4100.0,0
1457149833,https://es.olx.com.br/norte-do-espirito-santo/imoveis/casa-duplex-de-luxo-260-m-3-suites-com-closet-2-vagas-800-m-do-shopping-boulevard-1457149833,vila-velha,jockey-de-itaparica,0,260.0,3,4,2,0,0,0,0,0,0,7000.0,0
1457020746,https://es.olx.com.br/norte-do-espirito-santo/imoveis/imovel-para-aluguel-tem-40metros-quadrados-com-2-quartos-em-soteco-vila-velha-es-1457020746,vila-velha,soteco,1,40.0,2,1,0,0,0,0,0,0,0,1300.0,0
1456725595,https://es.olx.com.br/norte-do-espirito-santo/imoveis/apartamento-mobiliado-2-quartos-para-aluguel-frente-mar-em-praia-da-costa-vila-velha-1456725595,vila-velha,praia-da-costa,1,100.0,2,2,1,1,0,1,0,1,1,4500.0,0
1456724711,https://es.olx.com.br/norte-do-espirito-santo/imoveis/imovel-para-aluguel-com-100-metros-quadrados-com-3-quartos-em-santa-lucia-vitoria-es-1456724711,vitoria,santa-lucia,1,100.0,3,3,3,1,1,1,1,1,0,6500.0,0
1456301238,https://es.olx.com.br/norte-do-espirito-santo/imoveis/apartamento-3-quartos-com-lazer-completo-1456301238,vitoria,jardim-camburi,1,75.0,3,2,1,1,0,1,1,0,0,4200.0,0
1455094605,https://es.olx.com.br/norte-do-espirito-santo/imoveis/apartamento-para-locacao-anual-com-3-quartos-guarapari-es-1455094605,guarapari,praia-do-morro,1,107.0,3,2,2,1,0,1,0,1,0,10000.0,0
1455010871,https://es.olx.com.br/norte-do-espirito-santo/imoveis/duplex-para-aluguel-possui-130-metros-quadrados-com-3-quartos-1455010871,vila-velha,praia-de-itaparica,1,137.0,3,3,3,1,0,1,1,0,0,5500.0,0
1454743715,https://es.olx.com.br/norte-do-espirito-santo/imoveis/apartamento-totalmente-montado-em-jardim-da-penha-1454743715,vitoria,jardim-da-penha,1,30.0,1,1,1,1,1,1,0,0,1,2500.0,0
1454720251,https://es.olx.com.br/norte-do-espirito-santo/imoveis/apartamento-em-enseada-azul-guarapari-1454720251,guarapari,enseada-azul,1,125.0,3,1,2,0,0,0,0,0,0,4300.0,0
1454621665,https://es.olx.com.br/norte-do-espirito-santo/imoveis/alugo-apartamento-2-qts-jardim-da-penha-c-vaga-garagem-1454621665,vitoria,jardim-da-penha,1,90.0,2,2,1,0,0,0,0,0,0,3200.0,0
1454561829,https://es.olx.com.br/norte-do-espirito-santo/imoveis/casa-com-3-dormitorios-132-m-venda-por-r-1-216-000-00-ou-aluguel-por-r-4-500-00-mes-1454561829,serra,jardim-limoeiro,0,132.0,3,2,2,0,0,0,0,1,0,4500.0,0
1454388149,https://es.olx.com.br/norte-do-espirito-santo/imoveis/imovel-para-aluguel-com-105-metros-quadrados-com-3-quartos-em-praia-da-costa-vila-velha-1454388149,vila-velha,praia-da-costa,1,105.0,3,3,2,1,1,1,1,1,0,5500.0,0
1454379622,https://es.olx.com.br/norte-do-espirito-santo/imoveis/cobertura-duplex-para-aluguel-com-terraco-privativo-em-praia-da-costa-vila-velha-es-1454379622,vila-velha,praia-da-costa,1,159.0,2,3,2,1,1,1,1,1,0,5000.0,0
1454259618,https://es.olx.com.br/norte-do-espirito-santo/imoveis/imovel-para-aluguel-com-165-metros-quadrados-com-4-quartos-em-mata-da-praia-vitoria-es-1454259618,vitoria,mata-da-praia,1,160.0,4,4,3,1,1,1,1,1,0,12000.0,0
1454253171,https://es.olx.com.br/norte-do-espirito-santo/imoveis/imovel-para-aluguel-possui-91-metros-quadrados-com-3-quartos-em-mata-da-praia-vitoria-1454253171,vitoria,mata-da-praia,1,91.0,3,3,2,1,1,1,1,1,0,7500.0,0
1453027534,https://es.olx.com.br/norte-do-espirito-santo/imoveis/apartamento-para-aluguel-com-3-quartos-com-suite-em-planicie-da-serra-serra-es-1453027534,serra,planicie-da-serra,1,70.0,3,2,1,0,0,0,0,0,0,1900.0,0
1452876792,https://es.olx.com.br/norte-do-espirito-santo/imoveis/aluga-se-apartamento-03-quartos-com-suite-na-praia-da-costa-1452876792,vila-velha,praia-da-costa,1,116.0,3,3,1,1,0,1,0,0,0,6000.0,0
1452490982,https://es.olx.com.br/norte-do-espirito-santo/imoveis/casa-para-aluguel-2-quartos-4-vagas-republica-vitoria-es-1452490982,vitoria,republica,0,114.0,2,1,4,0,0,0,0,0,0,8000.0,0
1451500294,https://es.olx.com.br/norte-do-espirito-santo/imoveis/casa-comercial-em-itaparica-1451500294,vila-velha,praia-de-itaparica,0,100.0,3,2,0,0,0,0,0,0,0,8400.0,1
1451112710,https://es.olx.com.br/norte-do-espirito-santo/imoveis/casa-para-alugar-no-balneario-de-meaipe-de-guarapari-es-1451112710,guarapari,meaipe,0,500.0,5,2,2,0,0,1,0,0,1,6500.0,0
1449865622,https://es.olx.com.br/norte-do-espirito-santo/imoveis/aluga-lindo-apartamento-2-quartos-1449865622,serra,conjunto-jacaraipe,1,52.0,2,1,1,0,0,0,0,0,0,1500.0,0
1449446723,https://es.olx.com.br/norte-do-espirito-santo/imoveis/kitnet-studio-com-1-quarto-s-e-1-banheiro-s-para-alugar-22-m-por-r-866-mes-1449446723,serra,central-carapina,1,22.0,1,1,0,0,0,0,0,0,0,866.0,0
1449436052,https://es.olx.com.br/norte-do-espirito-santo/imoveis/kitnet-studio-com-1-quarto-s-e-1-banheiro-s-para-alugar-25-m-por-r-780-mes-1449436052,serra,central-carapina,1,25.0,1,1,0,0,0,0,0,0,0,780.0,0
1449356371,https://es.olx.com.br/norte-do-espirito-santo/imoveis/apartamento-amplo-e-moderno-para-locacao-em-jardim-da-penha-vitoria-es-3-quartos-2-suit-1449356371,vitoria,jardim-da-penha,1,172.0,3,1,2,1,0,1,0,0,0,10000.0,0
1448849400,https://es.olx.com.br/norte-do-espirito-santo/imoveis/apartamento-residencial-em-vitoria-es-jardim-da-penha-1448849400,vitoria,jardim-da-penha,1,125.0,3,3,2,1,0,0,0,0,0,4800.0,0
1447534252,https://es.olx.com.br/norte-do-espirito-santo/imoveis/casa-para-alugar-76-m-por-r-700-01-dia-enseada-azul-guarapari-es-1447534252,guarapari,enseada-azul,0,76.0,2,3,1,0,0,1,0,0,1,700.0,0
1447322117,https://es.olx.com.br/norte-do-espirito-santo/imoveis/casa-comercial-480m2-1447322117,vila-velha,praia-de-itaparica,0,480.0,4,4,0,0,0,0,0,0,0,15000.0,1
1447182024,https://es.olx.com.br/norte-do-espirito-santo/imoveis/cobertura-com-2-quartos-para-alugar-100-m-por-r-2-800-mes-centro-guarapari-es-1447182024,guarapari,centro,1,100.0,2,2,1,1,0,0,0,1,1,2800.0,0
1446920488,https://es.olx.com.br/norte-do-espirito-santo/imoveis/apartamento-de-2-quartos-mobiliado-para-locacao-na-enseada-do-sua-1446920488,vitoria,praia-do-sua,1,75.0,2,3,1,0,0,1,0,0,1,4950.0,0
1446742065,https://es.olx.com.br/norte-do-espirito-santo/imoveis/aluguel-imperdivel-proximo-ao-mar-1446742065,vila-velha,praia-de-itaparica,1,70.0,2,2,1,1,1,1,0,1,0,2800.0,0
1428837319,https://es.olx.com.br/norte-do-espirito-santo/imoveis/apartamento-para-venda-tem-89-metros-quadrados-com-2-quartos-em-praia-do-morro-guarapari-1428837319,guarapari,praia-do-morro,1,89.0,2,1,1,1,0,1,0,1,0,3100.0,0
1360612914,https://es.olx.com.br/norte-do-espirito-santo/imoveis/imovel-para-aluguel-possui-120-metros-quadrados-com-2-quartos-1360612914,guarapari,pontal-de-santa-monica,1,120.0,2,2,0,0,0,0,0,0,0,3500.0,1
1446287584,https://es.olx.com.br/norte-do-espirito-santo/imoveis/locacao-casa-jabour-vitoria-1446287584,vitoria,jabour,0,560.0,4,4,3,0,0,1,0,0,0,15000.0,0
1445284679,https://es.olx.com.br/norte-do-espirito-santo/imoveis/imovel-para-aluguel-com-150-metros-quadrados-com-4-quartos-em-praia-de-itaparica-vila-ve-1445284679,vila-velha,praia-de-itaparica,1,150.0,4,4,3,1,1,1,1,1,0,7500.0,0
1445249184,https://es.olx.com.br/norte-do-espirito-santo/imoveis/apartamento-novo-02-quartos-suite-com-vista-para-o-mar-lazer-completo-1445249184,vila-velha,jockey-de-itaparica,1,60.0,2,2,1,1,1,1,1,1,0,2800.0,0
1444889407,https://es.olx.com.br/norte-do-espirito-santo/imoveis/apartamento-2-quartos-mobiliado-itaparica-lazer-completo-pronto-para-morar-1444889407,vila-velha,praia-de-itaparica,1,60.0,2,1,1,1,0,1,1,0,1,4500.0,0
1444112408,https://es.olx.com.br/norte-do-espirito-santo/imoveis/ed-pasargada-1-quarto-de-luxo-frente-mar-na-praia-da-costa-1444112408,vila-velha,praia-da-costa,1,50.0,1,1,1,1,0,1,0,0,0,5500.0,0
1443742782,https://es.olx.com.br/norte-do-espirito-santo/imoveis/o-melhor-03-quartos-de-itapua-em-frente-a-academia-visual-1443742782,vila-velha,itapua,1,110.0,3,3,2,1,1,1,1,1,0,4600.0,0
1443238466,https://es.olx.com.br/norte-do-espirito-santo/imoveis/locacao-apartamento-2-quartos-mobiliado-itaparica-1443238466,vila-velha,praia-de-itaparica,1,60.0,2,2,1,1,0,0,0,0,1,4500.0,0
1442696747,https://es.olx.com.br/norte-do-espirito-santo/imoveis/venha-fazer-sua-visita-e-proposta-em-praia-de-itaparica-vila-velha-es-1442696747,vila-velha,praia-de-itaparica,1,130.0,3,3,3,1,0,1,0,0,0,5200.0,0
1442125401,https://es.olx.com.br/norte-do-espirito-santo/imoveis/venha-morar-no-parque-das-castanheiras-em-praia-da-costa-vila-velha-es-1442125401,vila-velha,praia-da-costa,1,70.0,2,2,1,1,1,1,0,0,0,3100.0,0
1442103466,https://es.olx.com.br/norte-do-espirito-santo/imoveis/apartamento-de-alto-padrao-frente-mar-praia-de-itaparica-vila-velha-es-1442103466,vila-velha,praia-de-itaparica,1,250.0,4,4,3,1,1,1,1,0,0,7500.0,0
1441206646,https://es.olx.com.br/norte-do-espirito-santo/imoveis/kitnet-studio-com-1-quarto-s-e-1-banheiro-s-para-alugar-22-m-por-r-750-mes-1441206646,serra,central-carapina,1,22.0,1,1,0,0,0,0,0,0,0,750.0,0
1441206500,https://es.olx.com.br/norte-do-espirito-santo/imoveis/apartamento-com-1-quarto-s-e-1-banheiro-s-para-alugar-36-m-por-r-780-mes-1441206500,serra,central-carapina,1,36.0,1,1,0,0,0,0,0,0,0,780.0,0
1441206227,https://es.olx.com.br/norte-do-espirito-santo/imoveis/kitnet-studio-com-1-quarto-s-e-1-banheiro-s-para-alugar-20-m-por-r-750-mes-1441206227,serra,central-carapina,1,20.0,1,1,0,0,0,0,0,0,0,750.0,0
1441205622,https://es.olx.com.br/norte-do-espirito-santo/imoveis/kitnet-studio-com-1-quarto-s-e-1-banheiro-s-para-alugar-32-m-por-r-780-mes-1441205622,serra,central-carapina,1,32.0,1,1,0,0,0,0,0,0,0,780.0,0
1441030178,https://es.olx.com.br/norte-do-espirito-santo/imoveis/apartamento-com-4-quartos-para-alugar-na-enseada-azul-em-guarapari-es-e-nas-imobiliarias-i-1441030178,guarapari,enseada-azul,1,372.0,4,5,3,1,0,0,0,0,0,2800.0,0
1440891703,https://es.olx.com.br/norte-do-espirito-santo/imoveis/imovel-para-aluguel-possui-101-metros-quadrados-com-3-quartos-1440891703,vila-velha,praia-de-itaparica,1,101.0,3,2,2,1,1,1,1,0,0,3300.0,0
1439650179,https://es.olx.com.br/norte-do-espirito-santo/imoveis/apartamento-para-locacao-anual-na-praia-do-morro-com-3-quartos-guarapari-es-1439650179,guarapari,praia-do-morro,1,90.0,3,2,1,1,1,1,0,1,1,5000.0,0
1439526159,https://es.olx.com.br/norte-do-espirito-santo/imoveis/casa-residencial-ou-comercial-com-4-dormitorios-1500-m-venda-por-r-6-730-000-00-ou-al-1439526159,vitoria,santa-lucia,0,1500.0,4,5,5,0,0,0,0,0,0,23000.0,0
1438684218,https://es.olx.com.br/norte-do-espirito-santo/imoveis/locacao-apartamento-3-quartos-praia-do-canto-vitoria-1438684218,vitoria,praia-do-canto,1,180.0,3,2,2,1,0,1,1,1,0,8000.0,0
1438659252,https://es.olx.com.br/norte-do-espirito-santo/imoveis/3q-ste-2-vagas-lazer-completo-novinho-em-santa-lucia-vitoria-es-1438659252,vitoria,santa-lucia,1,100.0,3,3,2,1,1,1,1,1,0,7200.0,0
1438597168,https://es.olx.com.br/norte-do-espirito-santo/imoveis/casa-154m-jucutuquara-vitoria-es-1438597168,vitoria,jucutuquara,0,154.0,5,2,0,0,0,0,0,0,0,6500.0,0
1438257715,https://es.olx.com.br/norte-do-espirito-santo/imoveis/apartamento-para-alugar-com-4-quartos-na-enseada-azul-em-guarapari-es-e-nas-imobiliarias-i-1438257715,guarapari,enseada-azul,1,112.0,4,3,2,1,0,0,0,1,1,1000.0,0
1437842812,https://es.olx.com.br/norte-do-espirito-santo/imoveis/imovel-para-aluguel-tem-70-metros-quadrados-com-2-quartos-em-praia-de-itaparica-vila-vel-1437842812,vila-velha,praia-de-itaparica,1,70.0,2,2,1,1,1,1,1,0,0,2700.0,0
1437574822,https://es.olx.com.br/norte-do-espirito-santo/imoveis/apartamento-para-locacao-anual-na-praia-do-morro-com-3-quartos-guarapari-es-1437574822,guarapari,praia-do-morro,1,96.0,3,2,1,1,1,0,0,1,1,3500.0,0
1437569893,https://es.olx.com.br/norte-do-espirito-santo/imoveis/cobertura-com-4-quartos-para-alugar-na-praia-do-morro-em-guarapari-es-e-nas-imobiliarias-i-1437569893,guarapari,praia-do-morro,1,280.0,4,4,4,1,0,1,0,1,0,15000.0,0
1436522148,https://es.olx.com.br/norte-do-espirito-santo/imoveis/imovel-para-aluguel-com-80-metros-quadrados-com-3-quartos-em-campo-grande-cariacica-es-1436522148,cariacica,campo-grande,1,80.0,3,1,0,0,0,0,0,0,0,1600.0,0
1436209922,https://es.olx.com.br/norte-do-espirito-santo/imoveis/jardim-penha-2-qtos-gar-70m2-todo-mobiliado-prox-praia-1436209922,vitoria,jardim-da-penha,1,70.0,2,1,1,0,0,0,0,0,1,5000.0,0
1435952335,https://es.olx.com.br/norte-do-espirito-santo/imoveis/cobertura-com-4-quartos-para-alugar-na-praia-do-morro-em-guarapari-es-e-nas-imobiliarias-i-1435952335,guarapari,praia-do-morro,1,173.0,4,5,3,1,0,0,0,1,0,4700.0,0
1435304402,https://es.olx.com.br/norte-do-espirito-santo/imoveis/imovel-para-aluguel-tem-58-metros-quadrados-com-1-quarto-em-itapua-vila-velha-es-1435304402,vila-velha,itapua,1,58.0,1,1,1,1,0,1,0,0,0,2900.0,0
1435271352,https://es.olx.com.br/norte-do-espirito-santo/imoveis/imovel-para-aluguel-e-venda-tem-500-metros-quadrados-com-4-quartos-em-interlagos-vila-ve-1435271352,vila-velha,interlagos,0,500.0,4,5,2,0,1,1,1,0,1,25000.0,0
1435263786,https://es.olx.com.br/norte-do-espirito-santo/imoveis/mansao-para-aluguel-com-550-metros-quadrados-com-5-quartos-em-interlagos-vila-velha-es-1435263786,vila-velha,interlagos,0,550.0,5,5,4,0,1,1,1,0,1,25000.0,0
1434719106,https://es.olx.com.br/norte-do-espirito-santo/imoveis/imovel-de-luxo-na-praia-do-morro-3-quartos-1-suite-2-salas-2-banheiros-e-vaga-de-gara-1434719106,guarapari,praia-do-morro,1,117.0,3,2,1,1,1,0,0,0,0,4500.0,0
1434573872,https://es.olx.com.br/norte-do-espirito-santo/imoveis/apartamento-com-3-quartos-para-alugar-na-enseada-azul-em-guarapari-es-e-nas-imobiliarias-i-1434573872,guarapari,enseada-azul,1,105.0,3,3,2,1,1,1,0,1,1,1900.0,0
1434570540,https://es.olx.com.br/norte-do-espirito-santo/imoveis/cobertura-com-4-quartos-para-alugar-na-enseada-azul-em-guarapari-es-e-nas-imobiliarias-ita-1434570540,guarapari,enseada-azul,1,250.0,4,5,4,1,1,1,0,1,1,3700.0,0
1434132669,https://es.olx.com.br/norte-do-espirito-santo/imoveis/casa-3-quartos-em-serra-dourada-iii-entrada-individual-e-quintal-amplo-1434132669,serra,serra-dourada-iii,0,70.0,3,1,0,0,0,0,0,0,0,2000.0,0
1433218278,https://es.olx.com.br/norte-do-espirito-santo/imoveis/imovel-para-aluguel-e-venda-possui-60-metros-quadrados-com-2-quartos-1433218278,vila-velha,praia-de-itaparica,1,60.0,2,1,1,1,1,1,1,0,0,2500.0,0
1432741975,https://es.olx.com.br/norte-do-espirito-santo/imoveis/casa-para-aluguel-5-quartos-5-suites-4-vagas-interlagos-vila-velha-es-1432741975,vila-velha,interlagos,0,555.0,5,5,4,0,0,1,0,0,0,25000.0,0
1432435491,https://es.olx.com.br/norte-do-espirito-santo/imoveis/locacao-apartamento-2-quartos-taquaras-i-serra-1432435491,serra,taquara-i,1,42.0,2,1,1,0,0,0,0,0,0,1000.0,0
1432227364,https://es.olx.com.br/norte-do-espirito-santo/imoveis/apartamento-para-aluguel-2-quartos-1-vaga-itapua-vila-velha-es-1432227364,vila-velha,itapua,1,65.0,2,1,1,1,1,1,0,1,0,3500.0,0
1432118730,https://es.olx.com.br/norte-do-espirito-santo/imoveis/imovel-para-aluguel-possui-60-metros-quadrados-com-2-quartos-1432118730,vila-velha,jockey-de-itaparica,1,60.0,2,1,1,1,1,1,1,1,1,3000.0,0
1431985173,https://es.olx.com.br/norte-do-espirito-santo/imoveis/casa-comercial-proximo-ao-shopping-vitoria-1431985173,vitoria,enseada-do-sua,0,600.0,5,5,5,0,0,1,1,0,0,50000.0,0
1431631219,https://es.olx.com.br/norte-do-espirito-santo/imoveis/casa-com-6-quartos-para-alugar-enseada-azul-guarapari-es-e-nas-imobiliarias-itamar-imov-1431631219,guarapari,nova-guarapari,0,250.0,5,3,3,0,0,0,0,1,1,1900.0,0
1430903801,https://es.olx.com.br/norte-do-espirito-santo/imoveis/venda-apartamento-com-2-dormitorios-58-m-por-r-2-500-00-mes-consumo-praia-de-itap-1430903801,vila-velha,jockey-de-itaparica,1,58.0,2,2,1,1,1,1,1,1,0,2500.0,0
1430826925,https://es.olx.com.br/norte-do-espirito-santo/imoveis/lindo-apartamento-compazer-completo-1430826925,vila-velha,praia-de-itaparica,1,89.0,2,2,1,1,1,1,1,1,0,3000.0,0
1430601754,https://es.olx.com.br/norte-do-espirito-santo/imoveis/apartamento-2-quartos-em-jacaraipe-1430601754,serra,conjunto-jacaraipe,1,52.0,2,1,1,0,0,0,0,0,0,1500.0,0
1428817324,https://es.olx.com.br/norte-do-espirito-santo/imoveis/seu-novo-lar-1428817324,vila-velha,praia-da-costa,1,55.0,2,2,1,1,1,1,1,0,0,4200.0,0
1428672297,https://es.olx.com.br/norte-do-espirito-santo/imoveis/imovel-para-aluguel-tem-55-metros-quadrados-com-1-quarto-em-gloria-vila-velha-es-1428672297,vila-velha,gloria,0,55.0,1,1,0,0,0,0,0,0,0,2000.0,1
1428136872,https://es.olx.com.br/norte-do-espirito-santo/imoveis/imovel-para-aluguel-possui-400-metros-quadrados-com-4-quartos-em-boulevard-lagoa-serra-1428136872,serra,boulevard-lagoa,1,400.0,4,5,5,1,1,1,1,0,0,12000.0,0
1428025175,https://es.olx.com.br/norte-do-espirito-santo/imoveis/apartamento-para-aluguel-03-quartos-c-suite-em-praia-da-costa-vila-velha-es-1428025175,vila-velha,praia-da-costa,1,107.0,3,3,2,1,1,1,0,0,0,5000.0,0
1427907409,https://es.olx.com.br/norte-do-espirito-santo/imoveis/imovel-para-aluguel-tem-60-metros-quadrados-com-2-quartos-em-jockey-de-itaparica-vila-ve-1427907409,vila-velha,jockey-de-itaparica,1,60.0,2,1,1,1,1,1,1,1,1,2850.0,0
1426390816,https://es.olx.com.br/norte-do-espirito-santo/imoveis/imovel-para-aluguel-tem-120-metros-quadrados-com-3-quartos-em-praia-da-costa-vila-velha-1426390816,vila-velha,praia-da-costa,1,120.0,3,1,2,1,0,1,1,0,0,4800.0,0
1425802237,https://es.olx.com.br/norte-do-espirito-santo/imoveis/casa-duplex-aluguel-possui-140-metros-quadrados-com-3-quartos-em-colina-de-laranjeiras-1425802237,serra,colina-de-laranjeiras,0,140.0,3,1,1,0,0,0,0,1,0,4350.0,0
1424490514,https://es.olx.com.br/norte-do-espirito-santo/imoveis/apartamento-para-alugar-com-3-quartos-110-m-praia-do-morro-guarapari-es-1424490514,guarapari,praia-do-morro,1,110.0,3,3,2,1,0,0,0,1,1,6500.0,0
1423360228,https://es.olx.com.br/norte-do-espirito-santo/imoveis/cobertura-para-alugar-330-m-por-r-11-391-68-dia-enseada-azul-guarapari-es-1423360228,guarapari,enseada-azul,1,330.0,4,5,3,1,0,0,0,1,1,11100.0,0
1423301867,https://es.olx.com.br/norte-do-espirito-santo/imoveis/alugo-apartamento-de-um-quarto-sem-garagem-para-carros-na-avenida-guarani-em-jacaraipe-se-1423301867,serra,das-laranjeiras,1,30.0,1,1,0,0,0,0,0,0,0,900.0,0
1423283444,https://es.olx.com.br/norte-do-espirito-santo/imoveis/casa-com-2-quartos-e-suite-em-jardim-limoeiro-serra-es-1423283444,serra,jardim-limoeiro,0,366.0,2,2,0,0,0,0,0,1,0,3000.0,1
1422874108,https://es.olx.com.br/norte-do-espirito-santo/imoveis/apartamento-com-4-quartos-para-alugar-na-enseada-azul-em-guarapari-es-e-nas-imobiliarias-i-1422874108,guarapari,enseada-azul,1,142.0,4,4,3,1,1,1,0,1,1,1400.0,0
1422730813,https://es.olx.com.br/norte-do-espirito-santo/imoveis/venda-ou-locacao-casa-bento-ferreira-vitoria-1422730813,vitoria,bento-ferreira,0,399.0,5,4,0,0,0,0,0,0,0,10000.0,0
1422480607,https://es.olx.com.br/norte-do-espirito-santo/imoveis/imovel-para-aluguel-com-80-metros-quadrados-com-3-quartos-em-jardim-camburi-vitoria-es-1422480607,vitoria,jardim-camburi,1,80.0,3,2,1,0,0,0,0,0,1,3420.0,0
1422407374,https://es.olx.com.br/norte-do-espirito-santo/imoveis/apartamento-para-locacao-anual-na-enseada-azul-com-4-dormitorios-guarapari-es-1422407374,guarapari,enseada-azul,1,80.0,4,2,1,1,0,1,0,1,1,5000.0,0
1420063851,https://es.olx.com.br/norte-do-espirito-santo/imoveis/casa-para-locacao-em-vila-velha-itapua-4-dormitorios-4-suites-6-banheiros-3-vagas-1420063851,vila-velha,itapua,0,350.0,4,5,3,0,0,0,0,0,0,20000.0,0
1419809820,https://es.olx.com.br/norte-do-espirito-santo/imoveis/cobertura-com-3-dormitorios-para-alugar-138-m-por-r-2-990-00-dia-enseada-azul-guara-1419809820,guarapari,enseada-azul,1,138.0,3,4,3,1,0,0,0,0,1,2000.0,0
1418735998,https://es.olx.com.br/norte-do-espirito-santo/imoveis/casa-com-4-quartos-para-alugar-300-m-morada-de-interlagos-vila-velha-es-1418735998,vila-velha,interlagos,0,300.0,4,4,0,0,0,0,0,1,0,8000.0,0
1416567022,https://es.olx.com.br/norte-do-espirito-santo/imoveis/apartamento-para-aluguel-2-quartos-1-suite-1-vaga-praia-da-costa-vila-velha-es-1416567022,vila-velha,praia-da-costa,1,70.0,2,2,1,0,0,0,0,1,1,5500.0,0
1416194516,https://es.olx.com.br/norte-do-espirito-santo/imoveis/apartamento-para-alugar-130-m-por-r-1-910-00-dia-enseada-azul-guarapari-es-1416194516,guarapari,enseada-azul,1,130.0,4,4,2,0,0,0,0,0,0,1500.0,0
1380153665,https://es.olx.com.br/norte-do-espirito-santo/imoveis/casa-para-fins-comerciais-1380153665,guarapari,centro,0,100.0,4,1,0,0,0,0,0,0,0,6000.0,1
1415523959,https://es.olx.com.br/norte-do-espirito-santo/imoveis/apartamento-em-ataide-aluguel-condominio-incluso-2-quartos-1-banheiro-1415523959,vila-velha,ataide,1,50.0,2,1,1,0,0,0,0,0,1,1600.0,0
1414466708,https://es.olx.com.br/norte-do-espirito-santo/imoveis/apartamento-para-aluguel-com-60m-com-2-quartos-em-jardim-camburi-vitoria-es-1414466708,vitoria,jardim-camburi,1,60.0,2,1,1,1,1,1,1,1,1,3600.0,0
1413466292,https://es.olx.com.br/norte-do-espirito-santo/imoveis/imovel-para-aluguel-tem-360-metros-quadrados-com-4-quartos-em-praia-do-morro-guarapari-1413466292,guarapari,praia-do-morro,0,360.0,4,2,4,0,0,0,0,0,0,2800.0,0
1411489246,https://es.olx.com.br/norte-do-espirito-santo/imoveis/cobertura-com-5-quartos-varanda-e-piscina-de-frente-para-o-mar-na-praia-do-morro-1411489246,guarapari,praia-do-morro,1,220.0,5,4,1,1,1,1,0,1,1,12600.0,0
1410843101,https://es.olx.com.br/norte-do-espirito-santo/imoveis/flat-01-suite-com-varanda-no-calcadao-de-camburi-1410843101,vitoria,jardim-da-penha,1,45.0,1,1,1,0,0,0,0,0,1,4300.0,0
1407098315,https://es.olx.com.br/norte-do-espirito-santo/imoveis/espetacular-cobertura-duplex-4-quartos-e-piscina-privativa-no-condominio-jardins-1407098315,vitoria,jardim-camburi,1,280.0,4,3,4,1,1,1,1,1,0,13800.0,0
1408571893,https://es.olx.com.br/norte-do-espirito-santo/imoveis/imovel-para-aluguel-com-140-metros-quadrados-com-2-quartos-em-nova-guarapari-guarapari-1408571893,guarapari,nova-guarapari,0,140.0,2,2,5,0,0,0,0,0,0,3000.0,0
1408088892,https://es.olx.com.br/norte-do-espirito-santo/imoveis/imovel-para-aluguel-com-70-metros-quadrados-com-2-quartos-em-santa-helena-vitoria-es-1408088892,vitoria,santa-helena,1,70.0,2,2,1,1,1,1,1,0,0,3500.0,0
1407963762,https://es.olx.com.br/norte-do-espirito-santo/imoveis/apartamento-para-alugar-110-m-por-r-1-254-17-dia-enseada-azul-guarapari-es-1407963762,guarapari,enseada-azul,1,110.0,3,4,2,1,0,0,0,1,1,500.0,0
1406502351,https://es.olx.com.br/norte-do-espirito-santo/imoveis/apartamento-2-quartos-com-suite-em-manguinhos-1406502351,serra,praia-da-baleia,1,60.0,2,2,1,1,1,1,1,1,0,2300.0,0
1405363286,https://es.olx.com.br/norte-do-espirito-santo/imoveis/casa-comercial-480m2-1405363286,vila-velha,praia-de-itaparica,0,480.0,4,4,0,0,0,0,0,0,0,15000.0,1
1405361919,https://es.olx.com.br/norte-do-espirito-santo/imoveis/excelente-apartamento-quarto-sala-em-jardim-da-penha-vitoria-es-1405361919,vitoria,jardim-da-penha,1,49.0,1,1,1,1,1,1,0,0,0,2500.0,0
1404402510,https://es.olx.com.br/norte-do-espirito-santo/imoveis/3-quartos-em-itaparica-1404402510,vila-velha,praia-de-itaparica,1,115.0,3,3,2,1,1,1,1,1,0,4500.0,0
1404145389,https://es.olx.com.br/norte-do-espirito-santo/imoveis/casa-com-13-dormitorios-600-m-venda-por-r-4-500-000-00-ou-aluguel-por-r-23-000-00-me-1404145389,vila-velha,centro-de-vila-velha,0,600.0,5,5,5,0,0,1,0,1,0,23000.0,0
1403964802,https://es.olx.com.br/norte-do-espirito-santo/imoveis/casa-para-aluguel-3-quartos-centro-de-vila-velha-vila-velha-es-1403964802,vila-velha,centro-de-vila-velha,0,541.0,3,2,0,0,0,0,0,1,0,6000.0,0
1403254331,https://es.olx.com.br/norte-do-espirito-santo/imoveis/casa-para-aluguel-com-2-quartos-em-planicie-da-serra-serra-es-1403254331,serra,planicie-da-serra,0,80.0,2,1,2,0,0,0,0,0,0,1850.0,0
1401778343,https://es.olx.com.br/norte-do-espirito-santo/imoveis/imovel-para-aluguel-com-695-metros-quadrados-com-3-quartos-em-centro-de-vila-velha-vila-1401778343,vila-velha,centro-de-vila-velha,0,695.0,3,1,5,0,0,0,0,0,0,30000.0,0
1399778135,https://es.olx.com.br/norte-do-espirito-santo/imoveis/imovel-para-aluguel-tem-60-metros-quadrados-com-2-quartos-em-praia-de-itaparica-vila-vel-1399778135,vila-velha,praia-de-itaparica,1,60.0,2,2,1,0,0,0,0,0,0,3000.0,0
1397993802,https://es.olx.com.br/norte-do-espirito-santo/imoveis/apartamento-mobiliado-terreo-01-quarto-maruipe-vitoria-es-proximo-a-ufes-e-hosp-1397993802,vitoria,maruipe,1,35.0,1,1,0,0,0,0,0,0,1,1800.0,1
1397748354,https://es.olx.com.br/norte-do-espirito-santo/imoveis/linda-casa-duplex-1397748354,guarapari,muquicaba,0,750.0,4,4,4,0,0,1,0,0,1,10000.0,0
1393826053,https://es.olx.com.br/norte-do-espirito-santo/imoveis/apartamento-com-4-dormitorios-para-alugar-186-m-por-r-4-000-02-dia-enseada-azul-gua-1393826053,guarapari,enseada-azul,1,186.0,4,5,4,0,1,0,0,0,0,4000.0,0
1391441307,https://es.olx.com.br/norte-do-espirito-santo/imoveis/alugo-lindo-apto-kitnet-1391441307,vitoria,santa-tereza,1,50.0,1,1,1,0,0,0,0,0,0,1700.0,0
1390783404,https://es.olx.com.br/norte-do-espirito-santo/imoveis/imovel-para-aluguel-possui-428-metros-quadrados-com-5-quartos-em-meaipe-guarapari-es-1390783404,guarapari,meaipe,0,428.0,5,3,5,0,1,1,0,0,1,2800.0,0
1390290596,https://es.olx.com.br/norte-do-espirito-santo/imoveis/apartamento-com-4-dormitorios-para-alugar-150-m-por-r-6-320-83-dia-enseada-azul-gua-1390290596,guarapari,enseada-azul,1,150.0,4,5,3,1,1,1,0,1,1,5000.0,0
1388344866,https://es.olx.com.br/norte-do-espirito-santo/imoveis/oportunidade-casa-duplex-mobiliada-para-locacao-1388344866,vila-velha,ponta-da-fruta,0,600.0,5,4,0,0,0,0,0,0,0,15000.0,0
1386296935,https://es.olx.com.br/norte-do-espirito-santo/imoveis/01-quartos-na-saida-da-3-ponte-1386296935,vila-velha,centro-de-vila-velha,1,50.0,1,1,0,0,0,0,0,0,0,1400.0,0
1384667215,https://es.olx.com.br/norte-do-espirito-santo/imoveis/apartamento-para-locacao-praia-da-costa-vila-velha-es-1384667215,vila-velha,praia-da-costa,1,360.0,4,5,5,0,0,0,0,0,0,15000.0,0
1381132405,https://es.olx.com.br/norte-do-espirito-santo/imoveis/praia-grande-linda-casa-duplex-piscina-3-quartos-com-ar-split-1-suite-churrasqueira-1381132405,fundao,praia-grande,0,360.0,3,3,4,0,0,0,0,1,1,600.0,0
1380562598,https://es.olx.com.br/norte-do-espirito-santo/imoveis/todo-mobiliado-3-quartos-na-praia-da-costa-vista-permanente-para-o-mar-segunda-quadra-do-1380562598,vila-velha,praia-da-costa,1,100.0,3,2,2,0,0,1,0,0,1,3990.0,0
1376908141,https://es.olx.com.br/norte-do-espirito-santo/imoveis/casa-residencial-em-vitoria-es-mata-da-praia-1376908141,vitoria,mata-da-praia,0,373.0,5,5,3,0,1,1,0,1,0,12000.0,0
1375698563,https://es.olx.com.br/norte-do-espirito-santo/imoveis/casa-duplex-a-venda-ou-aluguel-na-enseada-do-sua-proximo-a-churrascaria-victoria-grill-1375698563,vitoria,enseada-do-sua,0,300.0,4,4,3,0,0,0,0,0,0,14990.0,0
1372602821,https://es.olx.com.br/norte-do-espirito-santo/imoveis/sobrado-para-aluguel-com-500-metros-quadrados-com-4-quartos-em-santa-cecilia-vitoria-e-1372602821,vitoria,santa-cecilia,0,500.0,4,5,3,0,0,1,0,1,0,8000.0,0
1371201154,https://es.olx.com.br/norte-do-espirito-santo/imoveis/alianca-web-aluga-1371201154,vila-velha,praia-da-costa,1,160.0,4,3,2,1,1,1,1,1,0,9500.0,0
1369913173,https://es.olx.com.br/norte-do-espirito-santo/imoveis/casa-para-aluguel-4-quartos-2-suites-6-vagas-praia-de-itaparica-vila-velha-es-1369913173,vila-velha,praia-de-itaparica,0,320.0,4,5,5,0,0,0,0,1,0,22000.0,0
1359643520,https://es.olx.com.br/norte-do-espirito-santo/imoveis/apartamento-2-quartos-com-varanda-mobiliado-condominio-via-jardins-morada-de-laranjeira-1359643520,serra,morada-de-laranjeiras,1,48.0,2,1,1,1,1,1,1,0,1,2200.0,0
1354815663,https://es.olx.com.br/norte-do-espirito-santo/imoveis/casa-920m-fradinhos-vitoria-es-1354815663,vitoria,fradinhos,0,920.0,3,4,4,0,0,1,0,1,0,12000.0,0
1354495295,https://es.olx.com.br/norte-do-espirito-santo/imoveis/apartamento-de-02-suites-com-garagem-a-poucos-metros-da-orla-da-praia-do-morro-p-locacao-1354495295,guarapari,praia-do-morro,1,70.0,2,3,1,0,0,1,0,0,1,250.0,0
1352642575,https://es.olx.com.br/norte-do-espirito-santo/imoveis/imovel-para-aluguel-tem-150-metros-quadrados-com-3-quartos-em-centro-de-vila-velha-vila-1352642575,vila-velha,centro-de-vila-velha,0,150.0,3,1,1,0,0,0,0,0,0,4500.0,0
1348533406,https://es.olx.com.br/norte-do-espirito-santo/imoveis/apartamento-vista-mar-praia-do-morro-disponivel-1348533406,guarapari,praia-do-morro,1,120.0,3,2,2,1,1,0,0,0,1,690.0,0
1347469190,https://es.olx.com.br/norte-do-espirito-santo/imoveis/espetacular-casa-alto-padrao-com-3-quartos-e-piscina-no-boulevard-lagoa-1347469190,serra,boulevard-lagoa,0,265.0,3,3,4,0,1,1,1,0,1,20000.0,0
1346981092,https://es.olx.com.br/norte-do-espirito-santo/imoveis/apartamento-para-aluguel-4-quartos-3-suites-2-vagas-enseada-azul-guarapari-es-1346981092,guarapari,enseada-azul,1,162.0,4,4,2,0,0,1,0,0,0,5500.0,0
1344613139,https://es.olx.com.br/norte-do-espirito-santo/imoveis/apartamento-luxuoso-na-mata-da-praia-4-quartos-3-suites-3-vagas-de-garagem-154m-vit-1344613139,vitoria,mata-da-praia,1,154.0,4,2,0,1,1,1,0,0,0,12000.0,1
1341819734,https://es.olx.com.br/norte-do-espirito-santo/imoveis/flat-praia-camburi-40m2-mobiliado-var-gar-lazer-total-frente-mar-1341819734,vitoria,jardim-da-penha,1,40.0,1,1,1,0,0,0,0,0,1,4000.0,0
1337158478,https://es.olx.com.br/norte-do-espirito-santo/imoveis/imovel-para-aluguel-com-70-metros-quadrados-com-2-quartos-em-parque-residencial-tubarao-1337158478,serra,parque-residencial-tubarao,0,70.0,2,1,0,0,0,0,0,0,0,1200.0,0
1330326505,https://es.olx.com.br/norte-do-espirito-santo/imoveis/imovel-para-aluguel-anual-73-metros-2-quartos-em-praia-do-morro-guarapari-es-1330326505,guarapari,praia-do-morro,1,73.0,2,2,1,1,1,1,0,1,1,3200.0,0
1319572445,https://es.olx.com.br/norte-do-espirito-santo/imoveis/lindo-apartamento-2-quartos-com-suite-70m-mobiliado-aluguel-com-tudo-incluido-1319572445,vitoria,santa-helena,1,70.0,2,2,1,1,0,1,0,0,1,6500.0,0
1317803252,https://es.olx.com.br/norte-do-espirito-santo/imoveis/04-quartos-sendo-04-suites-na-praia-da-costa-vila-velha-es-1317803252,vila-velha,praia-da-costa,1,310.0,4,5,3,1,1,1,1,0,0,8000.0,0
1315641779,https://es.olx.com.br/norte-do-espirito-santo/imoveis/casa-para-aluguel-3-quartos-2-suites-4-vagas-praia-de-itaparica-vila-velha-es-1315641779,vila-velha,praia-de-itaparica,0,324.0,3,3,4,0,0,0,0,1,0,12000.0,0
1306327505,https://es.olx.com.br/norte-do-espirito-santo/imoveis/apartamento-para-aluguel-com-140-metros-quadrados-com-4-quartos-em-praia-do-morro-guarap-1306327505,guarapari,praia-do-morro,1,140.0,4,3,2,1,1,0,0,1,1,800.0,0
1287929496,https://es.olx.com.br/norte-do-espirito-santo/imoveis/apartamento-residencial-em-guarapari-es-praia-do-morro-1287929496,guarapari,praia-do-morro,1,70.0,2,2,1,0,0,0,0,0,0,4200.0,0
1284843601,https://es.olx.com.br/norte-do-espirito-santo/imoveis/oportunidade-imperdivel-espaco-comercial-de-prestigio-na-praia-da-costa-1284843601,vila-velha,praia-da-costa,0,300.0,5,5,4,0,0,0,0,0,0,20000.0,0
1283974886,https://es.olx.com.br/norte-do-espirito-santo/imoveis/apartamento-para-aluguel-tem-120-metros-quadrados-com-4-quartos-em-praia-do-morro-guarap-1283974886,guarapari,praia-do-morro,1,120.0,4,3,2,0,0,0,0,0,0,600.0,0
1283963862,https://es.olx.com.br/norte-do-espirito-santo/imoveis/apartamento-para-aluguel-tem-120-metros-quadrados-com-3-quartos-em-praia-do-morro-guarap-1283963862,guarapari,praia-do-morro,1,120.0,3,3,2,1,1,0,0,0,0,700.0,0
1269824133,https://es.olx.com.br/norte-do-espirito-santo/imoveis/alianca-web-aluga-1269824133,vila-velha,praia-da-costa,1,110.0,3,2,0,0,0,0,0,0,1,4000.0,0
1246828366,https://es.olx.com.br/norte-do-espirito-santo/imoveis/2-quartos-1-suite-1-vaga-1246828366,vila-velha,praia-de-itaparica,1,64.0,2,2,1,1,0,1,1,0,0,2800.0,0
1242128923,https://es.olx.com.br/norte-do-espirito-santo/imoveis/casa-para-aluguel-com-400-metros-quadrados-com-1-quarto-em-olaria-vila-velha-es-1242128923,vila-velha,olaria,0,400.0,1,5,5,0,0,0,0,0,0,13000.0,0
1235729252,https://es.olx.com.br/norte-do-espirito-santo/imoveis/apartamento-3-quartos-vista-do-horizonte-em-jardim-limoeiro-sol-da-manha-elevador-lazer-co-1235729252,serra,jardim-limoeiro,1,60.0,3,1,1,1,0,1,1,0,0,2200.0,0
1233841038,https://es.olx.com.br/norte-do-espirito-santo/imoveis/casa-para-aluguel-tem-220-metros-quadrados-com-4-quartos-em-santa-lucia-vitoria-es-1233841038,vitoria,santa-lucia,0,220.0,4,4,5,0,0,0,0,0,0,17000.0,0
1229427047,https://es.olx.com.br/norte-do-espirito-santo/imoveis/apartamento-para-aluguel-tem-75-metros-quadrados-com-2-quartos-em-praia-do-morro-guarapa-1229427047,guarapari,praia-do-morro,1,75.0,2,1,1,0,0,0,0,1,1,230.0,0
1229421238,https://es.olx.com.br/norte-do-espirito-santo/imoveis/apartamento-para-aluguel-possui-90-metros-quadrados-com-3-quartos-em-praia-do-morro-guar-1229421238,guarapari,praia-do-morro,1,90.0,3,1,1,0,0,0,0,0,1,400.0,0
1229416498,https://es.olx.com.br/norte-do-espirito-santo/imoveis/apartamento-para-aluguel-com-90-metros-quadrados-com-3-quartos-em-praia-do-morro-guarapa-1229416498,guarapari,praia-do-morro,1,90.0,3,1,1,1,0,0,0,1,1,300.0,0
1229208207,https://es.olx.com.br/norte-do-espirito-santo/imoveis/ferias-de-julho-na-praia-do-morro-guarapari-es-1229208207,guarapari,praia-do-morro,1,70.0,2,2,2,1,1,1,1,1,1,200.0,0
1227400635,https://es.olx.com.br/norte-do-espirito-santo/imoveis/kitnet-com-1-quarto-e-uma-vaga-de-garagem-disponivel-para-alugar-em-campo-grande-1227400635,cariacica,sao-geraldo,1,40.0,1,1,1,0,0,0,0,0,0,1210.0,0
1223670656,https://es.olx.com.br/norte-do-espirito-santo/imoveis/apartamento-para-aluguel-com-112-metros-quadrados-com-4-quartos-em-praia-do-morro-guarap-1223670656,guarapari,praia-do-morro,1,112.0,4,3,2,1,1,0,0,1,1,600.0,0
1214587381,https://es.olx.com.br/norte-do-espirito-santo/imoveis/aluga-apartamento-mobiliado-01-quarto-1214587381,cariacica,campo-grande,1,45.0,1,1,0,0,0,0,0,0,1,1350.0,0
1208337498,https://es.olx.com.br/norte-do-espirito-santo/imoveis/ap-do-lado-do-shopping-e-a-uvv-1208337498,vila-velha,itapua,1,72.0,2,1,1,0,0,0,0,0,1,2800.0,0
1204781346,https://es.olx.com.br/norte-do-espirito-santo/imoveis/casa-para-aluguel-4-quartos-1-suite-centro-vila-velha-vila-velha-es-1204781346,vila-velha,olaria,0,200.0,4,3,0,0,0,0,0,1,0,6000.0,0
1203790395,https://es.olx.com.br/norte-do-espirito-santo/imoveis/excelente-casa-para-fins-comerciais-no-centro-de-vila-velha-1203790395,vila-velha,ilha-dos-ayres,0,100.0,3,2,4,0,0,0,0,0,0,7000.0,0
1201597299,https://es.olx.com.br/norte-do-espirito-santo/imoveis/alianca-web-imoveis-linda-casa-na-praia-da-costa-residencial-ou-comercial-1201597299,vila-velha,praia-da-costa,0,313.0,4,5,5,0,0,0,0,1,0,25000.0,0
1193118771,https://es.olx.com.br/norte-do-espirito-santo/imoveis/casa-para-locacao-ilha-do-frade-vitoria-es-1193118771,vitoria,ilha-do-frade,0,1000.0,5,5,5,0,0,1,0,1,0,30000.0,0
1062542598,https://es.olx.com.br/norte-do-espirito-santo/imoveis/casa-condominio-fechado-05-suites-03-vagas-315-m-mata-da-praia-1062542598,vitoria,mata-da-praia,0,315.0,4,5,3,0,0,1,1,0,1,13000.0,0
1051190968,https://es.olx.com.br/norte-do-espirito-santo/imoveis/chacara-espetacular-em-meaipe-guarapari-11-suites-com-ar-condicionado-tv-wi-fi-piscina-chu-1051190968,guarapari,condados,1,4000.0,1,5,5,0,0,0,0,0,1,1000.0,0
959849622,https://es.olx.com.br/norte-do-espirito-santo/imoveis/casa-comercial-para-aluguel-tem-180-m2-560-m2-de-terreno-4-quartos-em-santa-lucia-vito-959849622,vitoria,santa-lucia,0,180.0,4,3,5,0,0,0,0,0,0,15000.0,0
991094394,https://es.olx.com.br/norte-do-espirito-santo/imoveis/apartamento-2-quartos-c-suite-na-beira-mar-da-praia-do-morro-991094394,guarapari,praia-do-morro,1,70.0,2,2,1,1,1,0,0,1,1,280.0,0
997785086,https://es.olx.com.br/norte-do-espirito-santo/imoveis/04-suites-com-03-vagas-e-265-m-frente-mar-mata-da-praia-997785086,vitoria,mata-da-praia,1,265.0,4,5,3,1,0,1,0,1,1,30000.0,0
1042892806,https://es.olx.com.br/norte-do-espirito-santo/imoveis/casa-para-venda-com-776-metros-quadrados-com-14-quartos-em-enseada-do-sua-vitoria-es-1042892806,vitoria,enseada-do-sua,0,776.0,5,5,5,0,0,0,0,0,0,70000.0,0
945908228,https://es.olx.com.br/norte-do-espirito-santo/imoveis/casa-comercial-273m-proxima-a-fernando-ferrari-mata-da-praia-945908228,vitoria,mata-da-praia,0,273.0,5,5,2,0,0,0,0,0,0,16000.0,0
1020616797,https://es.olx.com.br/norte-do-espirito-santo/imoveis/apartamento-para-aluguel-com-150-metros-quadrados-com-4-quartos-em-praia-do-morro-guarap-1020616797,guarapari,praia-do-morro,1,220.0,4,5,4,0,0,1,0,0,0,1800.0,0
1020274367,https://es.olx.com.br/norte-do-espirito-santo/imoveis/flat-mata-praia-1-qto-30m2-suite-mobiliado-split-tv-cabo-wifi-lazer-total-frente-praia-1020274367,vitoria,mata-da-praia,1,25.0,1,1,1,1,1,1,1,1,1,4500.0,0
991094349,https://es.olx.com.br/norte-do-espirito-santo/imoveis/apartamento-2-quartos-c-suite-internet-e-sky-otima-localizacao-praia-do-morro-991094349,guarapari,praia-do-morro,1,70.0,2,2,1,1,1,0,0,0,1,220.0,0
1105071019,https://es.olx.com.br/norte-do-espirito-santo/imoveis/apartamento-para-aluguel-tem-65-metros-quadrados-com-3-quartos-em-praia-do-morro-guarapa-1105071019,guarapari,praia-do-morro,1,65.0,3,2,2,1,1,0,0,0,1,350.0,0
1016427456,https://es.olx.com.br/norte-do-espirito-santo/imoveis/apartamento-para-aluguel-possui-80-metros-quadrados-com-3-quartos-em-praia-do-morro-guar-1016427456,guarapari,praia-do-morro,1,80.0,3,2,2,1,1,0,0,0,1,550.0,0
989449386,https://es.olx.com.br/norte-do-espirito-santo/imoveis/casa-para-aluguel-3-quartos-5-vagas-centro-vila-velha-es-989449386,vila-velha,praia-da-costa,0,150.0,3,4,5,0,0,0,0,1,0,25000.0,0
1041672921,https://es.olx.com.br/norte-do-espirito-santo/imoveis/apartamento-para-aluguel-com-112-metros-quadrados-com-3-quartos-em-praia-do-morro-guarap-1041672921,guarapari,praia-do-morro,1,154.0,3,3,3,1,0,0,0,1,1,750.0,0
1151513565,https://es.olx.com.br/norte-do-espirito-santo/imoveis/casa-para-aluguel-3-quartos-1-suite-centro-de-vila-velha-vila-velha-es-1151513565,vila-velha,centro-de-vila-velha,0,180.0,3,3,0,0,0,1,0,1,0,20000.0,0
1016432812,https://es.olx.com.br/norte-do-espirito-santo/imoveis/apartamento-para-aluguel-tem-98-metros-quadrados-com-4-quartos-em-praia-do-morro-guarapa-1016432812,guarapari,praia-do-morro,1,98.0,4,3,3,1,1,0,0,1,1,700.0,0
1020570087,https://es.olx.com.br/norte-do-espirito-santo/imoveis/apartamento-para-aluguel-possui-65-metros-quadrados-com-2-quartos-em-praia-do-morro-guar-1020570087,guarapari,praia-do-morro,1,65.0,2,2,1,0,0,0,0,0,1,600.0,0
1081040713,https://es.olx.com.br/norte-do-espirito-santo/imoveis/apartamento-para-aluguel-com-50-metros-quadrados-com-2-quartos-em-praia-do-morro-guarapa-1081040713,guarapari,praia-do-morro,1,50.0,2,2,1,1,1,0,0,0,1,350.0,0
1069576927,https://es.olx.com.br/norte-do-espirito-santo/imoveis/2-quartos-mobiliado-com-vista-para-o-mar-e-lazer-na-praia-de-manguinhos-1069576927,serra,ourimar,1,55.0,2,1,0,1,1,1,1,0,0,1750.0,0
1035921633,https://es.olx.com.br/norte-do-espirito-santo/imoveis/area-de-lazer-com-duas-suites-1035921633,guarapari,praia-do-morro,0,200.0,2,4,5,0,0,1,0,0,1,399.0,0
1033750773,https://es.olx.com.br/norte-do-espirito-santo/imoveis/casa-do-barco-1033750773,guarapari,praia-do-morro,0,200.0,4,5,5,0,0,1,0,1,1,499.0,0
1037555883,https://es.olx.com.br/norte-do-espirito-santo/imoveis/kitnet-para-aluguel-possui-25-metros-quadrados-com-1-quarto-1037555883,vila-velha,praia-de-itaparica,1,25.0,1,1,0,1,1,0,0,1,0,1900.0,0
768440,https://www.netimoveis.com/imovel/aluguel-apartamento-1-quarto-espirito-santo-vitoria-enseada-do-sua/768440/?tipoUrl=apartamento-1-quarto&bairroUrl=enseada-do-sua,vitoria,enseada-do-sua,1,42.05,1,1,1,1,0,1,1,0,0,2800.0,0
928874,https://www.netimoveis.com/imovel/aluguel-apartamento-2-quartos-espirito-santo-vila-velha-praia-de-itaparica/928874/,vila-velha,praia-de-itaparica,1,61.73,2,2,1,1,0,1,0,0,0,2650.0,0
1173533,https://www.netimoveis.com/imovel/aluguel-apartamento-3-quartos-espirito-santo-vila-velha-praia-de-itaparica/1173533/,vila-velha,praia-de-itaparica,1,77.32,3,2,2,1,0,1,1,0,0,3000.0,0
1179997,https://www.netimoveis.com/imovel/aluguel-casa-espirito-santo-serra-chacara-parreiral/1179997/,serra,chacara-parreiral,1,60.0,3,1,3,0,0,0,0,0,0,2500.0,0
1163236,https://www.netimoveis.com/imovel/aluguel-casa-comercial-espirito-santo-vitoria-jardim-da-penha/1163236/,vitoria,jardim-da-penha,1,257.4,9,4,3,0,0,0,0,0,0,20000.0,0
1169404,https://www.netimoveis.com/imovel/aluguel-apartamento-2-quartos-espirito-santo-cariacica-vila-palestina/1169404/,cariacica,vila-palestina,1,120.0,2,1,0,0,0,0,0,0,0,1150.0,1
1185091,https://www.netimoveis.com/imovel/aluguel-apartamento-2-quartos-espirito-santo-serra-sao-patricio/1185091/,serra,sao-patricio,1,48.0,2,1,0,0,0,1,0,0,0,1350.0,1
1029667,https://www.netimoveis.com/imovel/aluguel-casa-espirito-santo-cariacica-itapemirim/1029667/,cariacica,itapemirim,1,70.0,3,1,0,0,0,0,0,0,0,1400.0,1
911715,https://www.netimoveis.com/imovel/aluguel-apartamento-2-quartos-espirito-santo-serra-planalto-de-carapina/911715/,serra,planalto-de-carapina,1,54.66,2,2,1,1,0,1,1,0,0,1850.0,0
1176844,https://www.netimoveis.com/imovel/aluguel-apartamento-2-quartos-espirito-santo-cariacica-rio-branco/1176844/,cariacica,rio-branco,1,64.95,2,1,2,1,0,1,1,0,0,2000.0,0
1181831,https://www.netimoveis.com/imovel/aluguel-apartamento-3-quartos-espirito-santo-vila-velha-itapua/1181831/,vila-velha,itapua,1,90.0,3,3,2,1,0,1,1,0,0,2000.0,0
1186114,https://www.netimoveis.com/imovel/aluguel-casa-espirito-santo-serra-enseada-de-jacaraipe/1186114/,serra,enseada-de-jacaraipe,1,61.31,2,2,3,0,0,0,0,0,0,2200.0,0
1182600,https://www.netimoveis.com/imovel/aluguel-apartamento-1-quarto-espirito-santo-vitoria-jardim-da-penha/1182600/?tipoUrl=apartamento-1-quarto&bairroUrl=jardim-da-penha,vitoria,jardim-da-penha,1,23.0,1,1,0,0,0,0,0,0,0,2250.0,1
1168569,https://www.netimoveis.com/imovel/aluguel-apartamento-2-quartos-espirito-santo-vila-velha-jockey-de-itaparica/1168569/,vila-velha,jockey-de-itaparica,1,55.19,2,2,1,1,0,1,1,0,0,2300.0,0
1184961,https://www.netimoveis.com/imovel/aluguel-apartamento-2-quartos-espirito-santo-cariacica-rio-branco/1184961/,cariacica,rio-branco,1,56.0,2,1,1,1,0,1,1,0,0,2300.0,0
1171195,https://www.netimoveis.com/imovel/aluguel-apartamento-2-quartos-espirito-santo-cariacica-rio-branco/1171195/,cariacica,rio-branco,1,54.0,2,2,1,1,0,1,1,0,0,2300.0,0
76016,https://www.netimoveis.com/imovel/aluguel-apartamento-2-quartos-espirito-santo-vitoria-jardim-camburi/76016/,vitoria,jardim-camburi,1,55.0,2,1,1,1,0,1,0,0,0,2400.0,0
1187054,https://www.netimoveis.com/imovel/aluguel-apartamento-2-quartos-espirito-santo-vitoria-jardim-camburi/1187054/,vitoria,jardim-camburi,1,70.0,2,2,1,0,0,0,0,0,0,2500.0,0
772100,https://www.netimoveis.com/imovel/aluguel-apartamento-3-quartos-espirito-santo-serra-laranjeiras/772100/?tipoUrl=apartamento-3-quartos&bairroUrl=laranjeiras,serra,laranjeiras,1,129.0,3,3,2,1,0,1,1,0,0,2500.0,0
1187359,https://www.netimoveis.com/imovel/aluguel-apartamento-3-quartos-espirito-santo-vitoria-jardim-da-penha/1187359/,vitoria,jardim-da-penha,1,72.0,3,2,1,0,0,0,0,0,0,2500.0,0
1178716,https://www.netimoveis.com/imovel/aluguel-casa-espirito-santo-vila-velha-ibes/1178716/?tipoUrl=casa&bairroUrl=ibes,vila-velha,ibes,1,150.0,3,2,1,0,0,0,0,0,0,2500.0,0
1186047,https://www.netimoveis.com/imovel/aluguel-apartamento-2-quartos-espirito-santo-vila-velha-praia-de-itaparica/1186047/,vila-velha,praia-de-itaparica,1,50.0,2,1,1,0,0,1,1,0,0,2600.0,0
1181648,https://www.netimoveis.com/imovel/aluguel-apartamento-3-quartos-espirito-santo-vitoria-jardim-da-penha/1181648/,vitoria,jardim-da-penha,1,76.29,3,2,1,0,0,0,0,0,0,2800.0,0
1182551,https://www.netimoveis.com/imovel/aluguel-apartamento-2-quartos-espirito-santo-vitoria-mata-da-praia/1182551/,vitoria,mata-da-praia,1,61.83,2,1,1,0,0,0,0,0,0,3000.0,0
858407,https://www.netimoveis.com/imovel/aluguel-apartamento-1-quarto-espirito-santo-vitoria-jardim-camburi/858407/,vitoria,jardim-camburi,1,35.0,1,1,1,1,0,0,1,0,0,3200.0,0
1185695,https://www.netimoveis.com/imovel/aluguel-apartamento-3-quartos-espirito-santo-vitoria-jardim-da-penha/1185695/,vitoria,jardim-da-penha,1,112.0,3,2,1,0,0,0,0,0,0,3300.0,0
782516,https://www.netimoveis.com/imovel/aluguel-apartamento-2-quartos-espirito-santo-vila-velha-praia-de-itaparica/782516/,vila-velha,praia-de-itaparica,1,62.0,2,2,1,1,0,1,1,0,0,3500.0,0
935970,https://www.netimoveis.com/imovel/aluguel-apartamento-1-quarto-espirito-santo-vitoria-barro-vermelho/935970/,vitoria,barro-vermelho,1,45.0,1,1,1,1,0,1,1,0,0,3600.0,0
1167918,https://www.netimoveis.com/imovel/aluguel-apartamento-3-quartos-espirito-santo-vila-velha-itapua/1167918/,vila-velha,itapua,1,127.39,3,3,2,1,0,1,1,0,0,3900.0,0
1186535,https://www.netimoveis.com/imovel/aluguel-casa-espirito-santo-serra-valparaiso/1186535/,serra,valparaiso,1,242.0,4,3,3,0,0,0,0,0,0,4000.0,0
1178264,https://www.netimoveis.com/imovel/aluguel-apartamento-3-quartos-espirito-santo-vila-velha-praia-da-costa/1178264/,vila-velha,praia-da-costa,1,160.0,3,3,2,1,0,0,0,0,0,5000.0,0
1185749,https://www.netimoveis.com/imovel/aluguel-casa-espirito-santo-serra-laranjeiras/1185749/,serra,laranjeiras,1,253.0,4,4,4,0,0,0,0,0,0,5000.0,0
941621,https://www.netimoveis.com/imovel/aluguel-apartamento-3-quartos-espirito-santo-vila-velha-praia-da-costa/941621/,vila-velha,praia-da-costa,1,107.0,3,3,2,1,0,1,1,0,0,5800.0,0
1176633,https://www.netimoveis.com/imovel/aluguel-apartamento-3-quartos-espirito-santo-vitoria-praia-do-canto/1176633/?tipoUrl=apartamento-3-quartos&bairroUrl=praia-do-canto,vitoria,praia-do-canto,1,100.0,3,3,2,1,0,1,1,0,0,6500.0,0
1157697,https://www.netimoveis.com/imovel/aluguel-apartamento-3-quartos-espirito-santo-vitoria-praia-do-canto/1157697/,vitoria,praia-do-canto,1,150.0,3,3,3,1,0,1,1,0,0,6500.0,0
1159456,https://www.netimoveis.com/imovel/aluguel-apartamento-3-quartos-espirito-santo-vitoria-mata-da-praia/1159456/,vitoria,mata-da-praia,1,96.93,3,2,2,1,0,1,1,0,0,6900.0,0
1180589,https://www.netimoveis.com/imovel/aluguel-apartamento-4-quartos-espirito-santo-vila-velha-praia-de-itaparica/1180589/,vila-velha,praia-de-itaparica,1,204.0,4,3,2,1,0,1,1,0,0,7500.0,0
1187309,https://www.netimoveis.com/imovel/aluguel-casa-em-condominio-espirito-santo-serra-balneario-de-carapebus/1187309/,serra,balneario-de-carapebus,1,70.24,2,1,1,0,0,1,0,0,0,1700.0,0
951617,https://www.netimoveis.com/imovel/aluguel-apartamento-4-quartos-espirito-santo-vitoria-praia-do-canto/951617/?tipoUrl=apartamento-4-quartos&bairroUrl=praia-do-canto,vitoria,praia-do-canto,1,220.0,4,5,2,1,0,0,0,0,0,4850.0,0
1169916,https://www.netimoveis.com/imovel/aluguel-apartamento-3-quartos-espirito-santo-cariacica-campo-grande/1169916/,cariacica,campo-grande,1,115.29,3,1,0,0,0,0,0,0,0,1800.0,1
1170189,https://www.netimoveis.com/imovel/aluguel-apartamento-2-quartos-espirito-santo-vila-velha-praia-de-itaparica/1170189/,vila-velha,praia-de-itaparica,1,65.0,2,2,1,1,0,1,1,0,0,2500.0,0
1185908,https://www.netimoveis.com/imovel/aluguel-apartamento-2-quartos-espirito-santo-vila-velha-jockey-de-itaparica/1185908/,vila-velha,jockey-de-itaparica,1,55.19,2,2,1,1,0,1,1,0,0,3000.0,0
891182,https://www.netimoveis.com/imovel/aluguel-apartamento-1-quarto-espirito-santo-vitoria-enseada-do-sua/891182/,vitoria,enseada-do-sua,1,39.61,1,1,1,1,0,1,1,0,0,4500.0,0
1174701,https://www.netimoveis.com/imovel/aluguel-apartamento-4-quartos-espirito-santo-vila-velha-praia-de-itaparica/1174701/,vila-velha,praia-de-itaparica,1,174.0,4,4,3,1,0,1,1,0,0,6200.0,0
842522,https://www.netimoveis.com/imovel/aluguel-apartamento-4-quartos-espirito-santo-vila-velha-itapua/842522/,vila-velha,itapua,1,241.7,4,5,4,1,0,1,1,0,0,13500.0,0
1070688,https://www.netimoveis.com/imovel/aluguel-casa-comercial-espirito-santo-vitoria-enseada-do-sua/1070688/,vitoria,enseada-do-sua,1,574.3,5,1,0,0,0,0,0,0,0,45000.0,1
1022562,https://www.netimoveis.com/imovel/aluguel-apartamento-3-quartos-espirito-santo-guarapari-nova-guarapari/1022562/,guarapari,nova-guarapari,1,110.0,3,3,2,1,0,1,0,0,0,3000.0,0
937479,https://www.netimoveis.com/imovel/aluguel-apartamento-3-quartos-espirito-santo-vila-velha-praia-da-costa/937479/,vila-velha,praia-da-costa,1,107.0,3,2,2,1,0,1,1,0,0,5000.0,0
467603,https://www.netimoveis.com/imovel/aluguel-kitchenette-espirito-santo-vila-velha-itapua/467603/,vila-velha,itapua,1,30.0,1,1,0,1,0,0,0,0,0,1000.0,1
1179362,https://www.netimoveis.com/imovel/aluguel-apartamento-2-quartos-espirito-santo-vila-velha-praia-dos-recifes/1179362/,vila-velha,praia-dos-recifes,1,60.0,2,1,1,0,0,0,0,0,0,1600.0,0
1083598,https://www.netimoveis.com/imovel/aluguel-casa-espirito-santo-vitoria-bento-ferreira/1083598/,vitoria,bento-ferreira,1,399.02,6,4,0,0,0,0,0,0,0,10000.0,1
1157257,https://www.netimoveis.com/imovel/aluguel-casa-espirito-santo-vila-velha-jaburuna/1157257/,vila-velha,jaburuna,1,256.0,3,5,0,0,0,0,0,0,0,10000.0,1
571670,https://www.netimoveis.com/imovel/aluguel-apartamento-3-quartos-espirito-santo-vitoria-jardim-camburi/571670/?tipoUrl=apartamento-3-quartos&bairroUrl=jardim-camburi,vitoria,jardim-camburi,1,120.0,3,1,2,1,0,0,0,0,0,4700.0,0
872690,https://www.netimoveis.com/imovel/aluguel-casa-espirito-santo-vitoria-mata-da-praia/872690/,vitoria,mata-da-praia,1,283.0,4,5,4,0,0,1,0,0,0,12000.0,0
455713,https://www.netimoveis.com/imovel/aluguel-casa-espirito-santo-vitoria-mata-da-praia/455713/,vitoria,mata-da-praia,1,196.75,3,3,3,0,0,1,0,0,0,13500.0,0
1179351,https://www.netimoveis.com/imovel/aluguel-apartamento-2-quartos-espirito-santo-vila-velha-praia-dos-recifes/1179351/,vila-velha,praia-dos-recifes,1,60.0,2,1,1,0,0,0,0,0,0,1600.0,0
1179360,https://www.netimoveis.com/imovel/aluguel-apartamento-2-quartos-espirito-santo-vila-velha-praia-dos-recifes/1179360/,vila-velha,praia-dos-recifes,1,60.0,2,1,1,0,0,0,0,0,0,1600.0,0
372270,https://www.netimoveis.com/imovel/aluguel-casa-comercial-espirito-santo-vila-velha-praia-da-costa/372270/?tipoUrl=casa-comercial&bairroUrl=praia-da-costa,vila-velha,praia-da-costa,1,152.0,3,1,1,0,0,0,0,0,0,5650.0,0
1128518,https://www.netimoveis.com/imovel/aluguel-casa-comercial-espirito-santo-vitoria-santa-lucia/1128518/,vitoria,santa-lucia,1,468.47,6,5,2,0,0,0,0,0,0,15000.0,0
1128836,https://www.netimoveis.com/imovel/aluguel-apartamento-2-quartos-espirito-santo-serra-taquaras-i/1128836/,serra,taquaras-i,1,42.35,2,1,1,0,0,0,0,0,0,1000.0,0
1165469,https://www.netimoveis.com/imovel/aluguel-apartamento-2-quartos-espirito-santo-serra-jardim-limoeiro/1165469/,serra,jardim-limoeiro,1,42.0,2,1,1,0,0,0,0,0,0,1000.0,0
983439,https://www.netimoveis.com/imovel/aluguel-apartamento-2-quartos-espirito-santo-serra-jardim-limoeiro/983439/,serra,jardim-limoeiro,1,44.0,2,1,1,0,0,1,1,0,0,1200.0,0
839495,https://www.netimoveis.com/imovel/aluguel-apartamento-2-quartos-espirito-santo-serra-jacaraipe/839495/?tipoUrl=apartamento-2-quartos&bairroUrl=jacaraipe,serra,jacaraipe,1,52.56,2,1,1,1,0,1,0,0,0,1300.0,0
1169889,https://www.netimoveis.com/imovel/aluguel-apartamento-2-quartos-espirito-santo-serra-jardim-limoeiro/1169889/,serra,jardim-limoeiro,1,48.0,2,1,1,0,0,0,0,0,0,1500.0,0
1084724,https://www.netimoveis.com/imovel/aluguel-apartamento-2-quartos-espirito-santo-serra-porto-canoa/1084724/,serra,porto-canoa,1,45.66,2,1,1,1,0,1,1,0,0,1650.0,0
558505,https://www.netimoveis.com/imovel/aluguel-apartamento-2-quartos-espirito-santo-serra-morada-de-laranjeiras/558505/,serra,morada-de-laranjeiras,1,52.29,2,2,1,1,0,1,1,0,0,1800.0,0
632641,https://www.netimoveis.com/imovel/aluguel-apartamento-2-quartos-espirito-santo-serra-jardim-limoeiro/632641/,serra,jardim-limoeiro,1,64.45,2,2,1,1,0,1,1,0,0,1800.0,0
723985,https://www.netimoveis.com/imovel/aluguel-apartamento-2-quartos-espirito-santo-vitoria-jardim-da-penha/723985/,vitoria,jardim-da-penha,1,38.0,2,1,0,0,0,0,0,0,0,2000.0,1
1030958,https://www.netimoveis.com/imovel/aluguel-apartamento-2-quartos-espirito-santo-vila-velha-aribiri/1030958/,vila-velha,aribiri,1,55.23,2,2,1,1,0,1,0,0,0,2000.0,0
173063,https://www.netimoveis.com/imovel/aluguel-apartamento-1-quarto-espirito-santo-vitoria-praia-do-canto/173063/,vitoria,praia-do-canto,1,44.0,1,1,1,1,0,0,0,0,0,2200.0,0
830784,https://www.netimoveis.com/imovel/aluguel-apartamento-2-quartos-espirito-santo-serra-colina-de-laranjeiras/830784/,serra,colina-de-laranjeiras,1,52.75,2,1,1,1,0,1,1,0,0,2200.0,0
1170433,https://www.netimoveis.com/imovel/aluguel-apartamento-2-quartos-espirito-santo-vitoria-jardim-camburi/1170433/,vitoria,jardim-camburi,1,72.0,2,2,1,0,0,0,0,0,0,2200.0,0
1164011,https://www.netimoveis.com/imovel/aluguel-apartamento-3-quartos-espirito-santo-serra-parque-residencial-laranjeiras/1164011/?tipoUrl=apartamento-3-quartos&bairroUrl=parque-residencial-laranjeiras,serra,parque-residencial-laranjeiras,1,64.61,3,2,1,1,0,1,1,0,0,2200.0,0
743877,https://www.netimoveis.com/imovel/aluguel-apartamento-2-quartos-espirito-santo-vila-velha-praia-de-itaparica/743877/,vila-velha,praia-de-itaparica,1,60.0,2,2,1,1,0,1,1,0,0,2450.0,0
789890,https://www.netimoveis.com/imovel/aluguel-apartamento-1-quarto-espirito-santo-vitoria-mata-da-praia/789890/,vitoria,mata-da-praia,1,46.0,1,1,2,1,0,0,0,0,0,2500.0,0
532800,https://www.netimoveis.com/imovel/aluguel-apartamento-2-quartos-espirito-santo-vitoria-jardim-da-penha/532800/,vitoria,jardim-da-penha,1,55.0,2,1,1,1,0,0,0,0,0,2500.0,0
750257,https://www.netimoveis.com/imovel/aluguel-apartamento-2-quartos-espirito-santo-vitoria-jardim-da-penha/750257/,vitoria,jardim-da-penha,1,78.0,2,2,1,0,0,0,0,0,0,2500.0,0
1081586,https://www.netimoveis.com/imovel/aluguel-apartamento-2-quartos-espirito-santo-vila-velha-itapua/1081586/,vila-velha,itapua,1,77.0,2,2,1,1,0,0,0,0,0,2500.0,0
1091857,https://www.netimoveis.com/imovel/aluguel-casa-em-condominio-espirito-santo-serra-praia-da-baleia/1091857/,serra,praia-da-baleia,1,107.38,3,3,2,0,0,1,0,0,0,2500.0,0
1176483,https://www.netimoveis.com/imovel/aluguel-apartamento-2-quartos-espirito-santo-vila-velha-praia-de-itaparica/1176483/,vila-velha,praia-de-itaparica,1,65.0,2,2,2,1,0,0,0,0,0,2600.0,0
1070756,https://www.netimoveis.com/imovel/aluguel-apartamento-3-quartos-espirito-santo-vitoria-bento-ferreira/1070756/,vitoria,bento-ferreira,1,90.0,3,2,1,0,0,0,0,0,0,2700.0,0
765560,https://www.netimoveis.com/imovel/aluguel-apartamento-2-quartos-espirito-santo-vitoria-jardim-camburi/765560/,vitoria,jardim-camburi,1,63.46,2,2,1,1,0,1,0,0,0,2800.0,0
920179,https://www.netimoveis.com/imovel/aluguel-apartamento-2-quartos-espirito-santo-serra-fatima/920179/,serra,fatima,1,67.5,2,2,1,0,0,0,0,0,0,2800.0,0
588524,https://www.netimoveis.com/imovel/aluguel-apartamento-2-quartos-espirito-santo-vitoria-jardim-camburi/588524/,vitoria,jardim-camburi,1,45.0,2,1,1,1,0,0,0,0,0,2800.0,0
1031995,https://www.netimoveis.com/imovel/aluguel-apartamento-2-quartos-espirito-santo-vitoria-jardim-da-penha/1031995/,vitoria,jardim-da-penha,1,58.0,2,2,1,1,0,0,0,0,0,2900.0,0
1186238,https://www.netimoveis.com/imovel/aluguel-apartamento-2-quartos-espirito-santo-vitoria-jardim-da-penha/1186238/,vitoria,jardim-da-penha,1,66.0,2,1,1,0,0,0,0,0,0,2900.0,0
1177979,https://www.netimoveis.com/imovel/aluguel-apartamento-2-quartos-espirito-santo-vitoria-jardim-da-penha/1177979/,vitoria,jardim-da-penha,1,89.0,2,3,1,0,0,0,0,0,0,3000.0,0
138195,https://www.netimoveis.com/imovel/aluguel-apartamento-2-quartos-espirito-santo-vila-velha-praia-de-itaparica/138195/,vila-velha,praia-de-itaparica,1,75.0,2,2,1,1,0,1,0,0,0,3000.0,0
940601,https://www.netimoveis.com/imovel/aluguel-apartamento-3-quartos-espirito-santo-vitoria-bento-ferreira/940601/,vitoria,bento-ferreira,1,110.83,3,3,1,0,0,0,0,0,0,3000.0,0
880474,https://www.netimoveis.com/imovel/aluguel-apartamento-3-quartos-espirito-santo-vila-velha-praia-de-itaparica/880474/,vila-velha,praia-de-itaparica,1,70.0,3,2,2,1,0,1,1,0,0,3000.0,0
1029341,https://www.netimoveis.com/imovel/aluguel-apartamento-1-quarto-espirito-santo-vitoria-jardim-camburi/1029341/,vitoria,jardim-camburi,1,35.0,1,1,1,1,0,0,1,0,0,3200.0,0
1182272,https://www.netimoveis.com/imovel/aluguel-apartamento-2-quartos-espirito-santo-vitoria-mata-da-praia/1182272/,vitoria,mata-da-praia,1,75.0,2,1,1,1,0,0,0,0,0,3200.0,0
709953,https://www.netimoveis.com/imovel/aluguel-apartamento-2-quartos-espirito-santo-vila-velha-itapua/709953/,vila-velha,itapua,1,60.07,2,2,1,1,0,1,0,0,0,3350.0,0
655037,https://www.netimoveis.com/imovel/aluguel-apartamento-2-quartos-espirito-santo-vitoria-jardim-da-penha/655037/,vitoria,jardim-da-penha,1,74.0,2,1,1,1,0,0,0,0,0,3500.0,0
1187108,https://www.netimoveis.com/imovel/aluguel-apartamento-2-quartos-espirito-santo-vitoria-bento-ferreira/1187108/,vitoria,bento-ferreira,1,80.0,2,1,1,1,0,1,1,0,0,3500.0,0
1140211,https://www.netimoveis.com/imovel/aluguel-apartamento-2-quartos-espirito-santo-vila-velha-praia-da-costa/1140211/,vila-velha,praia-da-costa,1,90.0,2,2,2,1,0,1,0,0,0,3500.0,0
600957,https://www.netimoveis.com/imovel/aluguel-apartamento-2-quartos-espirito-santo-vila-velha-praia-de-itaparica/600957/,vila-velha,praia-de-itaparica,1,75.0,2,2,2,1,0,1,0,0,0,3500.0,0
1187038,https://www.netimoveis.com/imovel/aluguel-apartamento-3-quartos-espirito-santo-vitoria-jardim-da-penha/1187038/,vitoria,jardim-da-penha,1,108.0,3,2,2,0,0,0,0,0,0,3500.0,0
1179111,https://www.netimoveis.com/imovel/aluguel-apartamento-3-quartos-espirito-santo-vitoria-jardim-camburi/1179111/,vitoria,jardim-camburi,1,85.0,3,1,1,0,0,0,0,0,0,3500.0,0
875242,https://www.netimoveis.com/imovel/aluguel-casa-espirito-santo-vitoria-nazareth/875242/,vitoria,nazareth,1,150.0,3,1,1,0,0,0,0,0,0,3500.0,0
1174418,https://www.netimoveis.com/imovel/aluguel-apartamento-1-quarto-espirito-santo-vitoria-jardim-camburi/1174418/,vitoria,jardim-camburi,1,39.0,1,1,1,1,0,0,0,0,0,3600.0,0
1183951,https://www.netimoveis.com/imovel/aluguel-apartamento-2-quartos-espirito-santo-vitoria-jardim-camburi/1183951/,vitoria,jardim-camburi,1,65.0,2,1,1,1,0,0,0,0,0,3700.0,0
1186748,https://www.netimoveis.com/imovel/aluguel-apartamento-1-quarto-espirito-santo-vitoria-praia-do-canto/1186748/,vitoria,praia-do-canto,1,70.0,1,1,1,1,0,0,0,0,0,3800.0,0
501068,https://www.netimoveis.com/imovel/aluguel-apartamento-3-quartos-espirito-santo-vila-velha-praia-da-costa/501068/,vila-velha,praia-da-costa,1,106.0,3,2,1,1,0,0,0,0,0,3800.0,0
441301,https://www.netimoveis.com/imovel/aluguel-apartamento-3-quartos-espirito-santo-vitoria-enseada-do-sua/441301/,vitoria,enseada-do-sua,1,89.0,3,1,2,1,0,1,1,0,0,3800.0,0
1177040,https://www.netimoveis.com/imovel/aluguel-casa-espirito-santo-vitoria-bento-ferreira/1177040/,vitoria,bento-ferreira,1,120.0,3,2,2,0,0,0,0,0,0,3800.0,0
148611,https://www.netimoveis.com/imovel/aluguel-apartamento-2-quartos-espirito-santo-vitoria-praia-do-canto/148611/,vitoria,praia-do-canto,1,90.0,2,1,2,1,0,0,0,0,0,3900.0,0
1162818,https://www.netimoveis.com/imovel/aluguel-apartamento-1-quarto-espirito-santo-vitoria-enseada-do-sua/1162818/?tipoUrl=apartamento-1-quarto&bairroUrl=enseada-do-sua,vitoria,enseada-do-sua,1,39.1,1,1,1,1,0,1,1,0,0,4300.0,0
958042,https://www.netimoveis.com/imovel/aluguel-apartamento-2-quartos-espirito-santo-vitoria-jardim-da-penha/958042/,vitoria,jardim-da-penha,1,70.0,2,1,1,1,0,1,1,0,0,4300.0,0
1045570,https://www.netimoveis.com/imovel/aluguel-apartamento-3-quartos-espirito-santo-vila-velha-praia-da-costa/1045570/,vila-velha,praia-da-costa,1,80.0,3,2,2,1,0,1,1,0,0,4300.0,0
1007618,https://www.netimoveis.com/imovel/aluguel-apartamento-3-quartos-espirito-santo-vitoria-jardim-camburi/1007618/,vitoria,jardim-camburi,1,100.0,3,2,1,1,0,1,0,0,0,4500.0,0
1185582,https://www.netimoveis.com/imovel/aluguel-apartamento-3-quartos-espirito-santo-vitoria-enseada-do-sua/1185582/,vitoria,enseada-do-sua,1,100.0,3,3,2,1,0,0,1,0,0,4980.0,0
1179995,https://www.netimoveis.com/imovel/aluguel-apartamento-3-quartos-espirito-santo-vitoria-jardim-camburi/1179995/,vitoria,jardim-camburi,1,140.0,3,3,2,1,0,0,0,0,0,5000.0,0
362488,https://www.netimoveis.com/imovel/aluguel-apartamento-3-quartos-espirito-santo-vitoria-praia-do-canto/362488/,vitoria,praia-do-canto,1,124.36,3,2,1,1,0,0,0,0,0,5200.0,0
969493,https://www.netimoveis.com/imovel/aluguel-apartamento-3-quartos-espirito-santo-vila-velha-praia-da-costa/969493/,vila-velha,praia-da-costa,1,80.0,3,2,2,1,0,0,0,0,0,5500.0,0
1075804,https://www.netimoveis.com/imovel/aluguel-casa-comercial-espirito-santo-vila-velha-centro/1075804/,vila-velha,centro,1,201.0,4,3,3,0,0,0,0,0,0,5500.0,0
1183172,https://www.netimoveis.com/imovel/aluguel-apartamento-3-quartos-espirito-santo-vitoria-praia-do-canto/1183172/,vitoria,praia-do-canto,1,135.0,3,3,2,1,0,1,0,0,0,6350.0,0
1175827,https://www.netimoveis.com/imovel/aluguel-apartamento-3-quartos-espirito-santo-vitoria-praia-do-canto/1175827/?tipoUrl=apartamento-3-quartos&bairroUrl=praia-do-canto,vitoria,praia-do-canto,1,100.0,3,3,2,1,0,1,1,0,0,6500.0,0
1175829,https://www.netimoveis.com/imovel/aluguel-apartamento-3-quartos-espirito-santo-vitoria-praia-do-canto/1175829/?tipoUrl=apartamento-3-quartos&bairroUrl=praia-do-canto,vitoria,praia-do-canto,1,100.0,3,3,2,1,0,1,1,0,0,6500.0,0
1076023,https://www.netimoveis.com/imovel/aluguel-apartamento-4-quartos-espirito-santo-vitoria-barro-vermelho/1076023/,vitoria,barro-vermelho,1,130.0,4,3,3,1,0,1,0,0,0,6500.0,0
1177118,https://www.netimoveis.com/imovel/aluguel-apartamento-3-quartos-espirito-santo-vitoria-jardim-camburi/1177118/,vitoria,jardim-camburi,1,100.0,3,1,3,1,0,1,1,0,0,6800.0,0
1178998,https://www.netimoveis.com/imovel/aluguel-casa-espirito-santo-vitoria-morada-de-camburi/1178998/,vitoria,morada-de-camburi,1,240.0,4,3,5,0,0,0,0,0,0,7200.0,0
1146375,https://www.netimoveis.com/imovel/aluguel-apartamento-3-quartos-espirito-santo-vitoria-mata-da-praia/1146375/,vitoria,mata-da-praia,1,159.0,3,4,2,1,0,1,1,0,0,9500.0,0
1163609,https://www.netimoveis.com/imovel/aluguel-apartamento-4-quartos-espirito-santo-vila-velha-praia-de-itaparica/1163609/,vila-velha,praia-de-itaparica,1,152.9,4,6,3,1,0,1,1,0,0,10000.0,0
391223,https://www.netimoveis.com/imovel/aluguel-apartamento-4-quartos-espirito-santo-vila-velha-praia-de-itaparica/391223/,vila-velha,praia-de-itaparica,1,183.58,4,3,3,1,0,1,0,0,0,10000.0,0
510992,https://www.netimoveis.com/imovel/aluguel-casa-espirito-santo-vitoria-mata-da-praia/510992/,vitoria,mata-da-praia,1,290.0,4,5,8,0,0,0,0,0,0,11500.0,0
1166972,https://www.netimoveis.com/imovel/aluguel-apartamento-4-quartos-espirito-santo-vitoria-mata-da-praia/1166972/,vitoria,mata-da-praia,1,212.39,4,1,3,1,0,1,0,0,0,14500.0,0
1169146,https://www.netimoveis.com/imovel/aluguel-casa-comercial-espirito-santo-vila-velha-centro/1169146/,vila-velha,centro,1,433.38,9,3,10,0,0,0,0,0,0,23000.0,0
1174382,https://www.netimoveis.com/imovel/aluguel-apartamento-4-quartos-espirito-santo-vila-velha-praia-de-itaparica/1174382/,vila-velha,praia-de-itaparica,1,184.0,4,2,3,1,0,1,0,0,0,8500.0,0
606224,https://www.netimoveis.com/imovel/aluguel-apartamento-1-quarto-espirito-santo-vitoria-jardim-da-penha/606224/?tipoUrl=apartamento-1-quarto&bairroUrl=jardim-da-penha,vitoria,jardim-da-penha,1,40.0,1,1,1,0,0,0,0,0,0,2850.0,0
440648,https://www.netimoveis.com/imovel/aluguel-apartamento-2-quartos-espirito-santo-vitoria-praia-do-canto/440648/,vitoria,praia-do-canto,1,60.0,2,1,1,1,0,1,0,0,0,3800.0,0
1175135,https://www.netimoveis.com/imovel/aluguel-apartamento-1-quarto-espirito-santo-vitoria-jardim-da-penha/1175135/,vitoria,jardim-da-penha,1,35.0,1,1,1,1,0,0,0,0,0,2200.0,0
1163555,https://www.netimoveis.com/imovel/aluguel-apartamento-2-quartos-espirito-santo-vila-velha-praia-da-costa/1163555/,vila-velha,praia-da-costa,1,60.0,2,1,1,1,0,1,0,0,0,3500.0,0
1140044,https://www.netimoveis.com/imovel/aluguel-apartamento-3-quartos-espirito-santo-vitoria-jardim-da-penha/1140044/,vitoria,jardim-da-penha,1,110.0,3,3,1,1,0,0,0,0,0,3500.0,0
1184324,https://www.netimoveis.com/imovel/aluguel-apartamento-2-quartos-espirito-santo-vitoria-santa-lucia/1184324/,vitoria,santa-lucia,1,78.0,2,2,1,1,0,1,1,0,0,4700.0,0
889362,https://www.netimoveis.com/imovel/aluguel-apartamento-3-quartos-espirito-santo-vila-velha-praia-da-costa/889362/,vila-velha,praia-da-costa,1,107.0,3,2,2,1,0,1,1,0,0,6000.0,0
1128121,https://www.netimoveis.com/imovel/aluguel-apartamento-3-quartos-espirito-santo-vitoria-praia-do-canto/1128121/,vitoria,praia-do-canto,1,180.0,3,2,2,1,0,1,1,0,0,8000.0,0
1171198,https://www.netimoveis.com/imovel/aluguel-casa-espirito-santo-vitoria-jardim-camburi/1171198/,vitoria,jardim-camburi,1,300.0,3,3,2,0,0,0,0,0,0,10000.0,0
1097534,https://www.netimoveis.com/imovel/aluguel-casa-comercial-espirito-santo-vitoria-santa-clara/1097534/,vitoria,santa-clara,1,420.0,13,1,6,0,0,0,0,0,0,12000.0,0
1140392,https://www.netimoveis.com/imovel/aluguel-casa-espirito-santo-vitoria-jabour/1140392/,vitoria,jabour,1,560.0,4,4,3,0,0,1,0,0,0,15000.0,0
476923,https://www.netimoveis.com/imovel/aluguel-apartamento-3-quartos-espirito-santo-serra-colina-de-laranjeiras/476923/,serra,colina-de-laranjeiras,1,73.46,3,2,1,1,0,1,1,0,0,2500.0,0
563813,https://www.netimoveis.com/imovel/aluguel-apartamento-2-quartos-espirito-santo-serra-jardim-limoeiro/563813/,serra,jardim-limoeiro,1,54.11,2,2,1,1,0,1,1,0,0,1800.0,0
443157,https://www.netimoveis.com/imovel/aluguel-apartamento-2-quartos-espirito-santo-vitoria-jardim-camburi/443157/,vitoria,jardim-camburi,1,60.0,2,2,1,1,0,1,0,0,0,2800.0,0
1177124,https://www.netimoveis.com/imovel/aluguel-casa-em-condominio-espirito-santo-serra-alphaville-jacuhy/1177124/?tipoUrl=casa-em-condominio&bairroUrl=alphaville-jacuhy,serra,alphaville-jacuhy,1,269.07,3,4,4,0,0,1,1,0,0,8500.0,0
1169125,https://www.netimoveis.com/imovel/aluguel-apartamento-2-quartos-espirito-santo-cariacica-sao-joao-batista/1169125/,cariacica,sao-joao-batista,1,44.0,2,1,1,0,0,0,0,0,0,1200.0,0
699466,https://www.netimoveis.com/imovel/aluguel-apartamento-1-quarto-espirito-santo-vila-velha-praia-de-itaparica/699466/,vila-velha,praia-de-itaparica,1,40.0,1,1,0,0,0,0,0,0,0,1200.0,1
844006,https://www.netimoveis.com/imovel/aluguel-casa-espirito-santo-cariacica-morada-de-santa-fe/844006/,cariacica,morada-de-santa-fe,1,90.0,2,2,0,0,0,0,0,0,0,1850.0,1
677922,https://www.netimoveis.com/imovel/aluguel-casa-espirito-santo-vitoria-goiabeiras/677922/,vitoria,goiabeiras,1,40.0,1,1,0,0,0,0,0,0,0,2200.0,1
1182209,https://www.netimoveis.com/imovel/aluguel-casa-espirito-santo-serra-balneario-de-carapebus/1182209/,serra,balneario-de-carapebus,1,65.0,2,1,1,0,0,1,0,0,0,2300.0,0
878492,https://www.netimoveis.com/imovel/aluguel-apartamento-2-quartos-espirito-santo-vitoria-jardim-camburi/878492/,vitoria,jardim-camburi,1,55.0,2,1,1,1,0,0,0,0,0,2500.0,0
1050923,https://www.netimoveis.com/imovel/aluguel-apartamento-2-quartos-espirito-santo-vitoria-jardim-da-penha/1050923/,vitoria,jardim-da-penha,1,80.0,2,1,1,0,0,0,0,0,0,2600.0,0
1180274,https://www.netimoveis.com/imovel/aluguel-apartamento-2-quartos-espirito-santo-vitoria-jardim-da-penha/1180274/,vitoria,jardim-da-penha,1,100.0,2,2,1,0,0,0,0,0,0,2980.0,0
137809,https://www.netimoveis.com/imovel/aluguel-apartamento-3-quartos-espirito-santo-vitoria-praia-do-canto/137809/,vitoria,praia-do-canto,1,113.0,3,2,1,1,0,0,0,0,0,3300.0,0
1121243,https://www.netimoveis.com/imovel/aluguel-apartamento-3-quartos-espirito-santo-vitoria-jardim-da-penha/1121243/,vitoria,jardim-da-penha,1,78.0,3,3,1,1,0,0,0,0,0,3500.0,0
441610,https://www.netimoveis.com/imovel/aluguel-casa-comercial-espirito-santo-vila-velha-centro/441610/,vila-velha,centro,1,134.0,3,2,0,0,0,0,0,0,0,5000.0,1
1174550,https://www.netimoveis.com/imovel/aluguel-apartamento-2-quartos-espirito-santo-vitoria-mata-da-praia/1174550/,vitoria,mata-da-praia,1,66.0,2,2,2,1,0,1,1,0,0,4300.0,0
405529,https://www.netimoveis.com/imovel/aluguel-apartamento-1-quarto-espirito-santo-vila-velha-itapua/405529/,vila-velha,itapua,1,30.0,1,1,0,1,0,0,0,0,0,1000.0,1
828327,https://www.netimoveis.com/imovel/aluguel-kitchenette-espirito-santo-vila-velha-itapua/828327/,vila-velha,itapua,1,25.0,1,1,0,1,0,0,0,0,0,1000.0,1
1181520,https://www.netimoveis.com/imovel/aluguel-apartamento-1-quarto-espirito-santo-vitoria-jardim-camburi/1181520/,vitoria,jardim-camburi,1,36.0,1,1,1,1,0,1,1,0,0,2600.0,0
1132627,https://www.netimoveis.com/imovel/aluguel-loja-espirito-santo-serra-parque-residencial-laranjeiras--ii/1132627/,serra,parque-residencial-laranjeiras--ii,1,36.0,1,1,0,0,0,0,0,0,0,3200.0,1
427400,https://www.netimoveis.com/imovel/aluguel-apartamento-1-quarto-espirito-santo-vitoria-mata-da-praia/427400/?tipoUrl=apartamento-1-quarto&bairroUrl=mata-da-praia,vitoria,mata-da-praia,1,50.0,1,1,1,1,0,1,1,0,0,4000.0,0
1187286,https://www.netimoveis.com/imovel/aluguel-apartamento-3-quartos-espirito-santo-vitoria-mata-da-praia/1187286/,vitoria,mata-da-praia,1,126.0,3,3,1,1,0,1,1,0,0,6800.0,0
456483,https://www.netimoveis.com/imovel/aluguel-apartamento-2-quartos-espirito-santo-serra-morada-de-laranjeiras/456483/,serra,morada-de-laranjeiras,1,47.84,2,1,1,1,0,1,0,0,0,1500.0,0
